Origin_Date,Current_Price,Current_Open,Current_High,Current_Low,Current_Volume,Price_Lag1,Price_Lag2,Current_CHG,MA_7,MA_30,Volatility_7,Volatility_30,Momentum_7,Momentum_30,USD_Index_Return_Lag1,US10Y_Real_Yield_Change_Lag1,Target_Date,Target_Next_Return,Target_Next_Price,Split
2014-02-11,29670,29500,29700,29500,14740,29471.0,29310.0,0.006752400665060554,29532.0,29415.266666666666,0.00972406683347022,0.007742363840511268,0.006376772267824515,0.004332814298287246,-0.00028286244125053095,-0.020000000000000018,2014-02-12,0.0009437141894168555,29698.0,Train
2014-02-12,29698,29650,29724,29580,10770,29670.0,29471.0,0.0009437141894168555,29519.0,29406.033333333333,0.008803114668101134,0.007246692795029056,-0.0030548188928799513,-0.009241034195162645,-0.0008572734691809636,0.050000000000000044,2014-02-13,0.000942824432621725,29726.0,Train
2014-02-13,29726,29660,29748,29605,12470,29698.0,29670.0,0.000942824432621725,29546.428571428572,29406.0,0.008034819123728049,0.007089968869273532,0.006500981919143944,-3.363945234968746e-05,-0.00017751910707874963,0.029999999999999916,2014-02-14,0.00692996030411086,29932.0,Train
2014-02-14,29932,29750,29949,29750,11850,29726.0,29698.0,0.00692996030411086,29576.85714285714,29427.766666666666,0.008111749596768494,0.006595479958589101,0.0071671321376896024,0.022302674271662326,-0.00017751910707874963,-0.029999999999999916,2014-02-17,0.02445543231324332,30664.0,Train
2014-02-17,30664,29978,30731,29970,27800,29932.0,29726.0,0.02445543231324332,29781.571428571428,29479.266666666666,0.00815248393911315,0.007778397620870937,0.04902329718449594,0.05305814073285475,-0.003696857670979714,0.029999999999999916,2014-02-18,0.00332637620662668,30766.0,Train
2014-02-18,30766,30600,30790,30511,18180,30664.0,29932.0,0.00332637620662668,29989.571428571428,29539.5,0.008102359284644133,0.0076607753519924845,0.04967587853974753,0.062398563486308234,-0.003696857670979714,0.029999999999999916,2014-02-19,-0.0017551842943509532,30712.0,Train
2014-02-19,30712,30686,30865,30405,20720,30766.0,30664.0,-0.0017551842943509532,30166.85714285714,29598.766666666666,0.008760163067100663,0.007674181801248628,0.04210919208713659,0.06145019700006915,-0.0008242186629837667,-0.020000000000000018,2014-02-20,-0.0033862985152383063,30608.0,Train
2014-02-20,30608,30680,30680,30507,12460,30712.0,30766.0,-0.0033862985152383063,30300.85714285714,29652.466666666667,0.009417384757334862,0.007737171385778839,0.03161442534546688,0.05555747146256507,0.001981030518061866,0.030000000000000027,2014-02-21,0.0022543125980136747,30677.0,Train
2014-02-21,30677,30590,30749,30522,12330,30608.0,30712.0,0.0022543125980136747,30440.714285714286,29702.733333333334,0.009347812072715497,0.007699030489618527,0.03296518284059524,0.05169872124515762,0.0029360033905487803,0.030000000000000027,2014-02-24,0.0081494279101606,30927.0,Train
2014-02-24,30927,30633,30975,30633,12900,30677.0,30608.0,0.0081494279101606,30612.285714285714,29756.566666666666,0.00926395706490366,0.007767968456759222,0.04040234138464638,0.055096888646288145,0.0029360033905487803,-0.020000000000000018,2014-02-25,0.001455039286060833,30972.0,Train
2014-02-25,30972,30929,30999,30817,12760,30927.0,30677.0,0.001455039286060833,30760.85714285714,29815.7,0.00937430868991844,0.007693485108991461,0.03474542295870631,0.06075758613603677,-0.00267174887039634,-0.020000000000000018,2014-02-26,-0.005230530802014743,30810.0,Train
2014-02-26,30810,30951,30969,30677,14740,30972.0,30927.0,-0.005230530802014743,30781.714285714286,29871.033333333333,0.004532726983883348,0.0077793949071397455,0.004761283589877374,0.05694682675814744,0.0007340775092632423,-0.039999999999999925,2014-02-27,0.0009412528399870279,30839.0,Train
2014-02-27,30839,30884,30917,30788,4410,30810.0,30972.0,0.0009412528399870279,30792.14285714286,29926.733333333334,0.00438866259921189,0.007777811786967496,0.002372749138659591,0.05728880965441574,0.0031956051167787436,-0.040000000000000036,2014-02-28,-0.006647426959369596,30634.0,Train
2014-02-28,30634,30820,30895,30567,16200,30839.0,30810.0,-0.006647426959369596,30781.0,29968.366666666665,0.0051095411832362,0.007855920037441526,-0.0025397238864287575,0.042504679258124956,-0.001088890155040212,-0.020000000000000018,2014-03-03,0.04625579421557746,32051.0,Train
2014-03-03,32051,30700,32279,30700,5670,30634.0,30839.0,0.04625579421557746,30987.14285714286,30056.266666666666,0.018109292996458748,0.011343628462939312,0.04714453737584945,0.08965118650982529,-0.003002993487000394,0.0,2014-03-04,-0.02886025397023495,31126.0,Train
2014-03-04,31126,31500,32379,31090,1310,32051.0,30634.0,-0.02886025397023495,31051.285714285714,30115.066666666666,0.022644404691180557,0.01272465961759572,0.014636372526648733,0.0600776513861454,-0.003002993487000394,-0.04999999999999999,2014-03-05,0.03935616526376662,32351.0,Train
2014-03-05,32351,31200,32500,30770,1490,31126.0,32051.0,0.03935616526376662,31254.714285714286,30217.8,0.026698196693865858,0.014386351365057292,0.04604390985223272,0.10529912193788649,0.0028488821130674413,0.08000000000000002,2014-03-06,-0.05981267966987114,30416.0,Train
2014-03-06,30416,30350,30446,30105,21500,32351.0,31126.0,-0.05981267966987114,31175.285714285714,30251.866666666665,0.036840691109970236,0.018444297134193415,-0.017951698308149244,0.034769000476287726,-0.0019956305305059985,0.0,2014-03-07,-0.00358364018937396,30307.0,Train
2014-03-07,30307,30361,30514,30130,19380,30416.0,32351.0,-0.00358364018937396,31103.428571428572,30276.3,0.03682187338970415,0.018442003942106586,-0.016325868224602358,0.024785284371407368,-0.005103320810561085,0.010000000000000009,2014-03-10,0.0006599135513247756,30327.0,Train
2014-03-10,30327,30253,30350,30145,13500,30307.0,30416.0,0.0006599135513247756,31030.285714285714,30290.366666666665,0.03681858134148331,0.018340902144409425,-0.016602354161937782,0.014111352616619222,0.0028451106443740937,0.039999999999999925,2014-03-11,0.0030995482573283883,30421.0,Train
2014-03-11,30421,30301,30515,30166,23170,30327.0,30307.0,0.0030995482573283883,30999.85714285714,30316.8,0.03678920393203581,0.01824960241961598,-0.006953058692955594,0.02676522208721477,0.0012721053502691149,0.0,2014-03-12,0.006771638013214565,30627.0,Train
2014-03-12,30627,30468,30690,30468,19020,30421.0,30327.0,0.006771638013214565,30796.428571428572,30343.2,0.031015232030428764,0.018247229909071485,-0.044429190976880584,0.026546003016591158,0.0001472877334749434,0.0,2014-03-13,0.002285565024324976,30697.0,Train
2014-03-13,30697,30677,30735,30492,15380,30627.0,30421.0,0.002285565024324976,30735.14285714286,30383.133333333335,0.029389434605829066,0.018099430751727378,-0.013782689712780294,0.040611546154107,0.0007946009514021579,-0.029999999999999916,2014-03-14,0.0007166824119619886,30719.0,Train
2014-03-14,30719,30730,30849,30610,19040,30697.0,30627.0,0.0007166824119619886,30502.0,30424.366666666665,0.02344087003825893,0.018095886485267505,-0.050446663163426164,0.04195780476222777,-0.002909106307298126,-0.050000000000000044,2014-03-17,-0.005273609166965065,30557.0,Train
2014-03-17,30557,30699,30710,30525,5190,30719.0,30697.0,-0.005273609166965065,30522.14285714286,30449.966666666667,0.004065401572853781,0.01805696094783312,0.0046357180431351175,0.02578132867837124,0.0005924371889172164,-0.010000000000000009,2014-03-18,-0.005497921916418513,30389.0,Train
2014-03-18,30389,30511,30511,30311,15940,30557.0,30719.0,-0.005497921916418513,30533.85714285714,30478.466666666667,0.004445665410553115,0.01800960296455315,0.0027056455604315133,0.02894968510868834,0.0005924371889172164,0.040000000000000036,2014-03-19,-0.0072394616473066,30169.0,Train
2014-03-19,30169,30392,30416,30122,13680,30389.0,30557.0,-0.0072394616473066,30511.285714285714,30493.466666666667,0.005289564904200532,0.018045048099689345,-0.005209878985722338,0.015141828459907858,0.00021327843977791971,-0.020000000000000018,2014-03-20,-0.008120918823958378,29924.0,Train
2014-03-20,29924,30110,30168,29885,14010,30169.0,30389.0,-0.008120918823958378,30440.285714285714,30516.566666666666,0.0056238082874532575,0.01783657976292408,-0.016337398507609846,0.023707707570729708,0.0011892246276645757,0.12,2014-03-21,-0.002472931426279912,29850.0,Train
2014-03-21,29850,29893,30038,29817,11960,29924.0,30169.0,-0.002472931426279912,30329.285714285714,30534.566666666666,0.003970898615171681,0.017843932677394883,-0.025369771770006877,0.0184237461617196,0.006605548915392889,0.040000000000000036,2014-03-24,-0.02237855946398659,29182.0,Train
2014-03-24,29182,29810,29810,29141,18000,29850.0,29924.0,-0.02237855946398659,30112.85714285714,30524.933333333334,0.007335562550689705,0.018308722774681995,-0.04935335700557053,-0.009806250212072931,-0.0015147591648718706,-0.050000000000000044,2014-03-25,-0.007230484545267646,28971.0,Train
2014-03-25,28971,29230,29317,28931,20330,29182.0,29850.0,-0.007230484545267646,29863.14285714286,30501.633333333335,0.006473922946268111,0.018304523058289463,-0.05690289397441328,-0.023559150657229577,-0.0010089115246793012,-0.020000000000000018,2014-03-26,-0.012978495737116402,28595.0,Train
2014-03-26,28595,29020,29043,28335,16650,28971.0,29182.0,-0.012978495737116402,29582.85714285714,30464.866666666665,0.006525180540599237,0.01843919763750937,-0.06420787380960169,-0.03714054818506296,-0.0012779788727191876,0.020000000000000018,2014-03-27,-0.002587865011365653,28521.0,Train
2014-03-27,28521,28631,28740,28351,17230,28595.0,28971.0,-0.002587865011365653,29316.0,30424.7,0.006898500248070872,0.018437005817296348,-0.06146961071440327,-0.040536903720648554,-0.0011602117122210265,-0.040000000000000036,2014-03-28,-0.0030503839276322386,28434.0,Train
2014-03-28,28434,28488,28630,28213,18090,28521.0,28595.0,-0.0030503839276322386,29068.14285714286,30374.766666666666,0.0072495723164869635,0.01837493998665955,-0.05750936391660311,-0.050046772684752105,-0.0020798048411000414,-0.009999999999999898,2014-03-31,0.001266089892382416,28470.0,Train
2014-03-31,28470,28427,28778,28340,12650,28434.0,28521.0,0.001266089892382416,28860.428571428572,30301.633333333335,0.008125657731671234,0.017719484167310704,-0.04858976072717547,-0.07154969997391081,0.00039011358878005,0.039999999999999925,2014-04-01,-0.012434141201264515,28116.0,Train
2014-04-01,28116,28432,28507,28058,8840,28470.0,28434.0,-0.012434141201264515,28612.714285714286,30213.3,0.00806005614742441,0.017779871111728317,-0.05809045226130649,-0.08613404407462788,-0.0013256570267770051,0.0,2014-04-02,0.010243277848911658,28404.0,Train
2014-04-02,28404,28035,28470,27361,480,28116.0,28470.0,0.010243277848911658,28501.571428571428,30136.366666666665,0.008118572238018271,0.017939448654931207,-0.026660270029470245,-0.07514977858817395,-0.001260568401752149,0.030000000000000027,2014-04-03,0.0019715533023518805,28460.0,Train
2014-04-03,28460,28500,28699,28365,110,28404.0,28116.0,0.0019715533023518805,28428.571428571428,30064.766666666666,0.008219543074267506,0.017956409780298874,-0.017638327983155566,-0.07017773131207528,0.0019750457904645913,0.050000000000000044,2014-04-04,0.0020730850316232896,28519.0,Train
2014-04-04,28519,28400,28885,28400,190,28460.0,28404.0,0.0020730850316232896,28417.714285714286,29992.833333333332,0.006884961227367359,0.017954867110705753,-0.0026578073089701393,-0.07034586172050727,0.0021386847459927694,-0.020000000000000018,2014-04-05,0.0010519302920859452,28549.0,Train
2014-04-05,28549,28549,28549,28549,0,28519.0,28460.0,0.0010519302920859452,28421.714285714286,29913.566666666666,0.006825833815433329,0.017859322157881802,0.0009817327583183655,-0.07689074271672003,-0.003099077365837144,-0.050000000000000044,2014-04-07,0.0008756874146205185,28574.0,Train
2014-04-07,28574,28599,28643,28481,10450,28549.0,28519.0,0.0008756874146205185,28441.714285714286,29833.633333333335,0.006677750356767014,0.01785520137442192,0.00492368291482026,-0.0774247707606871,-0.003099077365837144,-0.050000000000000044,2014-04-08,0.006299433051025316,28754.0,Train
2014-04-08,28754,28639,28842,28639,5740,28574.0,28549.0,0.006299433051025316,28482.285714285714,29765.1,0.007008993945882172,0.017918993976346394,0.009975412715138798,-0.06673158065563134,-0.0013903762612887949,-0.020000000000000018,2014-04-09,-0.0015302218821728886,28710.0,Train
2014-04-09,28710,28754,28856,28653,12120,28754.0,28574.0,-0.0015302218821728886,28567.14285714286,29694.133333333335,0.003960192819958349,0.017910002450451042,0.021126760563380254,-0.06903596095852649,-0.004572310419702408,-0.010000000000000009,2014-04-10,0.013375130616509967,29094.0,Train
2014-04-10,29094,28757,29119,28757,13700,28710.0,28754.0,0.013375130616509967,28665.714285714286,29642.8,0.004964699724982614,0.018111484681283405,0.024292353189691696,-0.05027094078474892,0.0001462770358933163,-0.010000000000000009,2014-04-11,-0.0003093421323984158,29085.0,Train
2014-04-11,29085,29090,29162,28973,10530,29094.0,28710.0,-0.0003093421323984158,28755.0,29543.933333333334,0.005148969623661238,0.015708379417900244,0.02196064652143348,-0.09254001435212633,-0.0017006221736364235,-0.05999999999999994,2014-04-14,0.009111225717723936,29350.0,Train
2014-04-14,29350,29095,29371,29095,6090,29085.0,29094.0,0.009111225717723936,28873.714285714286,29484.733333333334,0.00557975860624426,0.015079218982611473,0.02913846909078166,-0.05705840776199966,0.001360248865657221,-0.010000000000000009,2014-04-15,-0.0002725724020442577,29342.0,Train
2014-04-15,29342,29287,29395,29059,21410,29350.0,29085.0,-0.0002725724020442577,28987.0,29384.433333333334,0.0057219761893777974,0.012927793748842644,0.027776804791761478,-0.09301103520756704,0.0017631448267023675,0.020000000000000018,2014-04-16,-0.0017722036670984043,29290.0,Train
2014-04-16,29290,29280,29320,28900,16580,29342.0,29350.0,-0.0017722036670984043,29089.285714285714,29346.9,0.0060368385045451185,0.007257540666684541,0.02505774480296763,-0.03701998947922147,0.001535105954292293,-0.020000000000000018,2014-04-17,0.0001024240355069761,29293.0,Train
2014-04-17,29293,29256,29386,29185,10460,29290.0,29342.0,0.0001024240355069761,29166.285714285714,29313.1,0.00602206880247469,0.0072475339218343714,0.018745218056618107,-0.03345761705216621,-2.6610295416840124e-05,-0.020000000000000018,2014-04-19,0.0015703410371077364,29339.0,Train
2014-04-19,29339,29339,29339,29339,0,29293.0,29290.0,0.0015703410371077364,29256.14285714286,29280.166666666668,0.0057702269435689025,0.007257092638713686,0.0219087425983977,-0.03257823061957987,0.0007380694743837068,0.040000000000000036,2014-04-21,0.007123623845393556,29548.0,Train
2014-04-21,29548,29207,29599,29072,13860,29339.0,29293.0,0.007123623845393556,29321.0,29251.066666666666,0.00418307813981891,0.007373227800944174,0.015604592012098628,-0.028697281483185955,0.0007380694743837068,0.040000000000000036,2014-04-22,-0.004230404765127926,29423.0,Train
2014-04-22,29423,29550,29649,29381,11700,29548.0,29339.0,-0.004230404765127926,29369.285714285714,29210.933333333334,0.004796139700290436,0.007248807278701421,0.011621110538078128,-0.039311718418388986,0.0007534888769928916,0.010000000000000009,2014-04-23,0.01118172857968247,29752.0,Train
2014-04-23,29752,29480,29775,29433,9860,29423.0,29548.0,0.01118172857968247,29426.714285714286,29179.433333333334,0.005362532130292875,0.007575587213302072,0.013696763202725615,-0.030784767241098465,0.0004945035662746733,-0.010000000000000009,2014-04-25,-0.00036972304382898447,29741.0,Train
2014-04-25,29741,29750,29939,29650,10180,29752.0,29423.0,-0.00036972304382898447,29483.714285714286,29146.833333333332,0.005369387194511281,0.007569623529575719,0.01359825506100476,-0.0318369738598262,-0.00020818064982097706,0.0,2014-04-27,-0.0015466863925220897,29695.0,Train
2014-04-27,29695,29695,29695,29695,0,29741.0,29752.0,-0.0015466863925220897,29541.571428571428,29118.1,0.005343992142007332,0.007528388931818949,0.013827244793444882,-0.028209575547337717,0.00034951885383316394,-0.010000000000000009,2014-04-28,0.004344165684458723,29824.0,Train
2014-04-28,29824,29895,29900,29756,6680,29695.0,29741.0,0.004344165684458723,29617.428571428572,29099.266666666666,0.005336633448202442,0.007536723279838729,0.01812719762400583,-0.01859225377603735,0.00034951885383316394,-0.010000000000000009,2014-04-29,-0.003721834763948495,29713.0,Train
2014-04-29,29713,29786,29799,29607,6760,29824.0,29695.0,-0.003721834763948495,29670.85714285714,29084.066666666666,0.005853636424342101,0.007456770511418039,0.012747537407546305,-0.01511485299479598,-0.00026443704115131084,0.040000000000000036,2014-04-30,0.04378554841315241,31014.0,Train
2014-04-30,31014,29602,31495,29571,12250,29713.0,29824.0,0.04378554841315241,29880.285714285714,29120.4,0.01705934382454223,0.010865643742965909,0.049614187085420314,0.03642561154925805,-0.001146196941916866,0.010000000000000009,2014-05-01,-0.020442380860256626,30380.0,Train
2014-05-01,30380,31033,31743,29914,2850,31014.0,29713.0,-0.020442380860256626,30017.0,29138.066666666666,0.01973826099487505,0.011551574453000589,0.032525575230262005,0.017755443886097177,-0.0014878309466709316,-0.040000000000000036,2014-05-02,-0.00651744568795265,30182.0,Train
2014-05-02,30182,30388,30440,30080,930,30380.0,31014.0,-0.00651744568795265,30078.428571428572,29171.4,0.019909517574749607,0.01079970961246032,0.01445280989513309,0.03426769926667128,-0.00020130025050701938,-0.06,2014-05-05,-0.0071234510635478365,29967.0,Train
2014-05-05,29967,30211,30347,29834,1040,30182.0,30380.0,-0.0071234510635478365,30110.714285714286,29204.6,0.020217131790803606,0.010796852840069664,0.007598937493695557,0.034379206792999994,-0.0005592799457124764,-0.020000000000000018,2014-05-06,-0.028631494644108524,29109.0,Train
2014-05-06,29109,29187,29231,29081,9330,29967.0,30182.0,-0.028631494644108524,30027.0,29221.733333333334,0.023212405727653655,0.011833290025943199,-0.019733961946455603,0.01797517048435049,-0.0009038757938225617,0.040000000000000036,2014-05-07,-0.012436016352330936,28747.0,Train
2014-05-07,28747,29164,29275,28725,15480,29109.0,29967.0,-0.012436016352330936,29873.14285714286,29229.266666666666,0.023240349423534756,0.012060941548802285,-0.03611185622317592,0.00792398583499887,-0.00321123526939171,0.0,2014-05-08,-0.0004522211013323618,28734.0,Train
2014-05-08,28734,28787,28846,28665,9560,28747.0,29109.0,-0.0004522211013323618,29733.285714285714,29239.266666666666,0.02330338237814606,0.012045127531598726,-0.03294854104264122,0.01055074910318643,1.391380292070643e-05,-0.030000000000000027,2014-05-09,0.00024361383726589914,28741.0,Train
2014-05-09,28741,28677,28877,28673,10090,28734.0,28747.0,0.00024361383726589914,29408.571428571428,29248.3,0.0106026821103032,0.012044095993023784,-0.07328948216934283,0.009518791710572572,-0.0006967507441105747,0.0,2014-05-12,0.004140426568317146,28860.0,Train
2014-05-12,28860,28732,29025,28575,14220,28741.0,28734.0,0.004140426568317146,29191.428571428572,29273.1,0.01092948223834175,0.011813710450536518,-0.0500329163923634,0.026461801109688432,0.0031359579130456616,0.020000000000000018,2014-05-13,-0.0064795564795564475,28673.0,Train
2014-05-13,28673,28787,28874,28633,12740,28860.0,28741.0,-0.0064795564795564475,28975.85714285714,29282.066666666666,0.010929917063849375,0.011753878205959016,-0.04999668676694724,0.009470497113082565,-8.221102823580129e-05,0.03999999999999998,2014-05-14,0.008300491751822348,28911.0,Train
2014-05-14,28911,28769,28960,28769,7410,28673.0,28860.0,0.008300491751822348,28825.0,29297.1,0.012413333357544848,0.0118399030741039,-0.0352387626389028,0.015846802529866588,0.0002327724371808948,-0.02999999999999997,2014-05-15,-0.009927017398222104,28624.0,Train
2014-05-15,28624,28882,28882,28575,14660,28911.0,28673.0,-0.009927017398222104,28755.714285714286,29300.6,0.007550667679014631,0.011989878651030211,-0.016661513621216817,0.0036817560223010304,-0.0008401342933851419,-0.08000000000000002,2014-05-16,-0.010550586920067051,28322.0,Train
2014-05-16,28322,28575,28575,28251,11490,28624.0,28911.0,-0.010550586920067051,28695.0,29293.033333333333,0.007155136860315082,0.012147260126948157,-0.014784151389710232,-0.007951241724753921,0.0011720486170467836,-0.06,2014-05-19,0.0004943153732082095,28336.0,Train
2014-05-19,28336,28275,28475,28233,11590,28322.0,28624.0,0.0004943153732082095,28638.14285714286,29285.1,0.007200346381130627,0.012146300172049276,-0.013851186747407263,-0.0083292503674669,-0.001058624535117736,0.030000000000000027,2014-05-20,0.0031055900621117516,28424.0,Train
2014-05-20,28424,28291,28460,28253,15280,28336.0,28322.0,0.0031055900621117516,28592.85714285714,29274.1,0.007424641071874928,0.01210120919315965,-0.011029539681987388,-0.011476664116296886,-0.0011249122664578337,0.02999999999999997,2014-05-21,-0.03247255840135099,27501.0,Train
2014-05-21,27501,28445,28540,27432,31580,28424.0,28336.0,-0.03247255840135099,28398.714285714286,29233.8,0.01330651449314826,0.013451686322745614,-0.04708939708939708,-0.04211076280041792,0.001795683514791202,-0.020000000000000018,2014-05-22,-0.004181666121231942,27386.0,Train
2014-05-22,27386,27504,27640,27252,24650,27501.0,28424.0,-0.004181666121231942,28214.85714285714,29176.866666666665,0.013343739009176441,0.013168073141727838,-0.0448854322882154,-0.058706262459613634,0.000992848289578685,0.010000000000000009,2014-05-23,0.005185131088877526,27528.0,Train
2014-05-23,27528,27400,27584,27281,13710,27386.0,27501.0,0.005185131088877526,28017.285714285714,29124.966666666667,0.012810623940264146,0.013229474590919424,-0.04783646362976035,-0.05353274883960801,-0.0007305661407657205,-0.010000000000000009,2014-05-26,0.002106945655332648,27586.0,Train
2014-05-26,27586,27544,27620,27421,11500,27528.0,27386.0,0.002106945655332648,27869.0,29066.166666666668,0.013140951239614704,0.013092316525935262,-0.03626327557294573,-0.060102214650766594,0.00010459536535800673,-0.02999999999999997,2014-05-27,-0.018088885666642462,27087.0,Train
2014-05-27,27087,27567,27598,27010,19860,27586.0,27528.0,-0.018088885666642462,27692.571428571428,28991.0,0.013938387914686528,0.013412297958971052,-0.04360567756514366,-0.07685229364051527,0.00010459536535800673,-0.02999999999999997,2014-05-28,-0.003691807878318021,26987.0,Train
2014-05-28,26987,27032,27100,26853,15200,27087.0,27586.0,-0.003691807878318021,27499.85714285714,28914.233333333334,0.01368762321081856,0.013412913303949238,-0.047607284020327545,-0.07862751792420619,0.0014684507204587582,-0.010000000000000009,2014-05-29,-0.00011116463482419014,26984.0,Train
2014-05-29,26984,26945,27083,26661,18000,26987.0,27087.0,-0.00011116463482419014,27294.14285714286,28837.266666666666,0.013346946576389818,0.013411464405075232,-0.05066141289051507,-0.07882429249308709,0.0003996087031579165,-0.09,2014-05-30,0.006188852653424171,27151.0,Train
2014-05-30,27151,26915,27215,26862,12890,26984.0,26987.0,0.006188852653424171,27244.14285714286,28764.333333333332,0.008218974705725345,0.013487828500134318,-0.01272680993418418,-0.07457650226660761,-0.0019386595341038815,0.0,2014-06-02,-0.019336304371846302,26626.0,Train
2014-06-02,26626,27012,27130,26520,2920,27151.0,26984.0,-0.019336304371846302,27135.571428571428,28666.933333333334,0.01060174485205353,0.01370078183476529,-0.027751405827795228,-0.0988899417896304,0.0006755797659057095,0.04000000000000001,2014-06-03,0.003981071133478453,26732.0,Train
2014-06-03,26732,26756,26874,26592,450,26626.0,27151.0,0.003981071133478453,27021.85714285714,28577.233333333334,0.010437054775061618,0.013764966996443365,-0.028916012786980527,-0.09145906263807224,0.002559710582056951,0.06,2014-06-04,-0.0008978003890468544,26708.0,Train
2014-06-04,26708,26582,26910,26582,130,26732.0,26626.0,-0.0008978003890468544,26896.428571428572,28475.766666666666,0.010196527692094845,0.013507028560602766,-0.03182773870804034,-0.10231244958322128,0.0005638261883433859,0.08999999999999997,2014-06-05,0.002358843792122256,26771.0,Train
2014-06-05,26771,26800,26860,26605,70,26708.0,26732.0,0.002358843792122256,26851.285714285714,28376.766666666666,0.008457100700654328,0.013538008664241262,-0.011666112895484915,-0.09986214316936215,0.0007474461370964303,0.030000000000000027,2014-06-06,-0.013858279481528513,26400.0,Train
2014-06-06,26400,26548,26600,26350,11550,26771.0,26708.0,-0.013858279481528513,26767.428571428572,28266.933333333334,0.009655432095725648,0.013665504184214937,-0.021751213547263504,-0.11096144132008756,-0.0016010811281725879,-0.030000000000000027,2014-06-09,0.005492424242424132,26545.0,Train
2014-06-09,26545,26400,26570,26278,8470,26400.0,26771.0,0.005492424242424132,26704.714285714286,28157.633333333335,0.010163125433211512,0.013690752442648745,-0.01626890008894155,-0.10994501072961371,-0.0007055202972763297,-0.009999999999999953,2014-06-10,0.006291203616500374,26712.0,Train
2014-06-10,26712,26585,26738,26475,11670,26545.0,26400.0,0.006291203616500374,26642.0,28057.6,0.010177430362330694,0.013813835763428576,-0.016168833560458173,-0.1009995624810689,0.0005952704220884009,0.009999999999999953,2014-06-11,0.0008984725965857088,26736.0,Train
2014-06-11,26736,26720,26780,26527,13560,26712.0,26545.0,0.0008984725965857088,26657.714285714286,27915.0,0.00685838299041352,0.010602817943971169,0.0041313002328551285,-0.1379377055523312,0.001074893468478999,0.020000000000000018,2014-06-12,0.010397965290245281,27014.0,Train
2014-06-12,27014,26740,27050,26640,14160,26736.0,26712.0,0.010397965290245281,26698.0,27802.8,0.007754458262900694,0.010536832175628402,0.010549154571300345,-0.11079657669519416,-0.0009504187583321277,0.0,2014-06-13,0.008180943214629366,27235.0,Train
2014-06-13,27235,27020,27289,26988,10270,27014.0,26736.0,0.008180943214629366,26773.285714285714,27704.566666666666,0.008035610830929194,0.010748242080296917,0.019731915530927013,-0.09764097806639715,-0.0016908860285355098,-0.03999999999999998,2014-06-16,0.005874793464292205,27395.0,Train
2014-06-16,27395,27255,27644,27255,12660,27235.0,27014.0,0.005874793464292205,26862.428571428572,27618.833333333332,0.008111285235429418,0.010852880442823381,0.023308804303163955,-0.0858277438515701,0.001079778927788988,0.019999999999999962,2014-06-17,0.0008395692644642683,27418.0,Train
2014-06-17,27418,27306,27488,27135,13700,27395.0,27235.0,0.0008395692644642683,27007.85714285714,27562.466666666667,0.003530778974933372,0.009720944741389546,0.03856060606060607,-0.05809199903809814,-0.0005632645064567177,0.0,2014-06-18,-0.0023707053760303465,27353.0,Train
2014-06-18,27353,27351,27538,27230,14470,27418.0,27395.0,-0.0023707053760303465,27123.285714285714,27516.0,0.004595922569144239,0.00951801327459235,0.0304388773780373,-0.04849201655824953,0.00233316535963235,0.020000000000000018,2014-06-19,0.02950316235879069,28160.0,Train
2014-06-19,28160,27313,28199,27313,21910,27353.0,27418.0,0.02950316235879069,27330.14285714286,27496.866666666665,0.010652993467902322,0.011085930815557527,0.054207846660676795,-0.019976334655808503,-0.00032311929160344643,-0.04999999999999999,2014-06-20,-0.00021306818181821008,28154.0,Train
2014-06-20,28154,28150,28349,27977,18080,28160.0,27353.0,-0.00021306818181821008,27532.714285714286,27477.3,0.01077740015528629,0.011085027854374268,0.05303710353081992,-0.020423784836992476,-0.003195024055713591,0.010000000000000009,2014-06-23,-0.0015273140583931255,28111.0,Train
2014-06-23,28111,28245,28267,28035,12310,28154.0,28160.0,-0.0015273140583931255,27689.428571428572,27452.333333333332,0.011170744891652686,0.011049196934054626,0.04060857333234624,-0.025952875952875987,7.573171772334852e-05,-0.040000000000000036,2014-06-24,0.0019921027355840337,28167.0,Train
2014-06-24,28167,28099,28369,27860,17400,28111.0,28154.0,0.0019921027355840337,27822.571428571428,27435.466666666667,0.011191663381767745,0.011007662405504793,0.0342206719295024,-0.017647263976563354,-0.0013982642751477758,0.0,2014-06-25,0.0019171370753008343,28221.0,Train
2014-06-25,28221,28121,28290,28057,14010,28167.0,28111.0,0.0019171370753008343,27940.571428571428,27412.466666666667,0.011232407312763208,0.010892080961522187,0.030151487497718454,-0.023866348448687402,0.0008683299867560113,-0.03999999999999998,2014-06-26,-0.0033662875163884554,28126.0,Train
2014-06-26,28126,28190,28208,27935,17380,28221.0,28167.0,-0.0033662875163884554,28041.714285714286,27395.866666666665,0.011556537281305086,0.010766554782280304,0.025822452403530427,-0.017397987702627127,-0.0013253753896358411,-0.020000000000000018,2014-06-27,-0.0022399203583872707,28063.0,Train
2014-06-27,28063,28201,28236,28005,9920,28126.0,28221.0,-0.0022399203583872707,28143.14285714286,27387.233333333334,0.01154517764634917,0.01060551004861165,0.025956933425949513,-0.009144834404349989,-0.0004060475438931732,-0.02999999999999997,2014-06-30,0.0004632434165983135,28076.0,Train
2014-06-30,28076,28000,28185,27967,8760,28063.0,28126.0,0.0004632434165983135,28131.14285714286,27378.566666666666,0.002054348538559313,0.0106054362102905,-0.002982954545454497,-0.009175607001693953,-0.0015906425747029829,0.010000000000000009,2014-07-01,-0.0035973785439521455,27975.0,Train
2014-07-01,27975,28210,28277,27950,4410,28076.0,28063.0,-0.0035973785439521455,28105.571428571428,27363.6,0.0023701546803927744,0.010602854761388203,-0.00635788875470622,-0.015796509991556462,-0.002061065351296687,0.0,2014-07-02,-0.006684539767649711,27788.0,Train
2014-07-02,27788,27950,28225,27750,2880,27975.0,28076.0,-0.006684539767649711,28059.428571428572,27373.166666666668,0.0032374766689636245,0.008813775195750597,-0.011490163992743052,0.010435984146031085,-0.0007435159614530562,0.04999999999999999,2014-07-03,0.0005038145962286134,27802.0,Train
2014-07-03,27802,27552,27900,27552,1200,27788.0,27975.0,0.0005038145962286134,28007.285714285714,27387.033333333333,0.0029988808121252514,0.00877150119353192,-0.01295842652749668,0.015190243189951103,0.0011950202122690268,0.06,2014-07-04,0.003992518523847188,27913.0,Train
2014-07-04,27913,27884,27975,27755,260,27802.0,27788.0,0.003992518523847188,27963.285714285714,27399.866666666665,0.003495713603183908,0.008752403363304176,-0.010913858474185911,0.01398575995350182,0.000719588022451978,-0.010000000000000009,2014-07-07,-0.012503134740085242,27564.0,Train
2014-07-07,27564,27611,27611,27455,11210,27913.0,27802.0,-0.012503134740085242,27883.0,27399.133333333335,0.005444588889918659,0.009060935634149916,-0.019981511768470406,-0.0007975059812949103,0.000719588022451978,-0.010000000000000009,2014-07-08,0.001088376142794889,27594.0,Train
2014-07-08,27594,27582,27725,27460,15210,27564.0,27913.0,0.001088376142794889,27816.0,27416.033333333333,0.005649883863747087,0.008391572011580662,-0.0167123971065104,0.01871746594307222,0.0007008527041234558,-0.010000000000000009,2014-07-09,0.002645502645502562,27667.0,Train
2014-07-09,27667,27620,27771,27612,11340,27594.0,27564.0,0.002645502645502562,27757.571428571428,27438.7,0.005888781988529072,0.008358146438720645,-0.014567602222538834,0.025197317226812954,-0.0006136197891848383,-0.04999999999999999,2014-07-10,0.03245744027180386,28565.0,Train
2014-07-10,28565,27650,28649,27560,40700,27667.0,27594.0,0.03245744027180386,27841.85714285714,27491.4,0.014217586423669952,0.010150202404891043,0.02109025915996421,0.058590275718944484,-0.0010179698466615816,-0.02999999999999997,2014-07-11,-0.004340976719761969,28441.0,Train
2014-07-11,28441,28517,28579,28302,15110,28565.0,27667.0,-0.004340976719761969,27935.14285714286,27534.4,0.013975089854619616,0.010180551271726408,0.02349935223837618,0.04751206217082249,0.0009353413137684896,-0.010000000000000009,2014-07-12,-0.0009844942160964765,28413.0,Train
2014-07-12,28413,28413,28413,28413,0,28441.0,28565.0,-0.0009844942160964765,28022.428571428572,27593.966666666667,0.014037787073855086,0.00940076934377137,0.021976836198834615,0.06711485014647334,0.0010919978738725966,-0.020000000000000018,2014-07-13,0.0,28413.0,Train
2014-07-13,28413,28413,28413,28413,0,28413.0,28441.0,0.0,28093.85714285714,27650.0,0.014080959189110507,0.0094030023859448,0.01791280048722821,0.06288343558282206,0.0010919978738725966,-0.020000000000000018,2014-07-14,-0.019462921901946317,27860.0,Train
2014-07-14,27860,28380,28380,27839,21930,28413.0,28413.0,-0.019462921901946317,28136.14285714286,27688.4,0.015501140097557146,0.010184016621773971,0.010738644608910164,0.043133143627377635,0.0010919978738725966,-0.020000000000000018,2014-07-15,-0.0038765254845657404,27752.0,Train
2014-07-15,27752,27890,28050,27686,18230,27860.0,28413.0,-0.0038765254845657404,28158.714285714286,27721.1,0.015642937884605326,0.010228534833745135,0.0057258824382111495,0.03664412984199328,-7.493274785885795e-05,0.030000000000000027,2014-07-16,0.0005405015854713646,27767.0,Train
2014-07-16,27767,27800,27825,27671,14010,27752.0,27860.0,0.0005405015854713646,28173.0,27766.666666666668,0.01562445466441475,0.009824993941605872,0.0036144142841652016,0.05178030303030301,0.0018145789373953392,0.02999999999999997,2014-07-17,0.016926567508193102,28237.0,Train
2014-07-17,28237,27824,28450,27810,24740,27767.0,27752.0,0.016926567508193102,28126.14285714286,27823.066666666666,0.010665628579049423,0.010190931463070952,-0.011482583581305827,0.06374081747975135,0.00020837874921464383,0.010000000000000009,2014-07-18,-0.0074016361511491935,28028.0,Train
2014-07-18,28028,28227,28233,27960,13870,28237.0,27767.0,-0.0074016361511491935,28067.14285714286,27866.933333333334,0.010857742810446996,0.010303294478774235,-0.014521289687423056,0.04926624737945495,0.0006356898730863758,-0.08000000000000002,2014-07-20,7.135721421436259e-05,28030.0,Train
2014-07-20,28030,28030,28030,28030,0,28028.0,28237.0,7.135721421436259e-05,28012.428571428572,27910.066666666666,0.010882106618976515,0.010306495106474918,-0.013479745187062298,0.0483991621783364,2.3489567428702784e-05,0.020000000000000018,2014-07-21,0.003210845522654271,28120.0,Train
2014-07-21,28120,28068,28247,28022,13210,28030.0,28028.0,0.003210845522654271,27970.571428571428,27946.933333333334,0.011041362522819223,0.010178334024635128,-0.010312181043888313,0.0409417339157474,2.3489567428702784e-05,0.020000000000000018,2014-07-22,-0.006436699857752526,27939.0,Train
2014-07-22,27939,28061,28135,27851,19880,28120.0,28030.0,-0.006436699857752526,27981.85714285714,27970.4,0.008236532897074836,0.010191805962865468,0.0028356066044508133,0.025849091242885924,-0.0005754808842119985,-0.010000000000000009,2014-07-23,-0.0008590142811124579,27915.0,Train
2014-07-23,27915,27930,28046,27888,11870,27939.0,28120.0,-0.0008590142811124579,28005.14285714286,27987.733333333334,0.00805022181976668,0.010152557039873267,0.005873450562121629,0.018981565979193205,0.00025318646381844445,0.0,2014-07-24,-0.009457281031703402,27651.0,Train
2014-07-24,27651,27882,27882,27630,16960,27915.0,27939.0,-0.009457281031703402,27988.571428571428,27995.5,0.008953513661353935,0.010319525585543573,-0.0041776209169157585,0.008498066963308792,-0.000379149551535507,0.0,2014-07-25,0.011645148457560373,27973.0,Train
2014-07-25,27973,27696,27994,27673,12810,27651.0,27915.0,0.011645148457560373,27950.85714285714,28016.166666666668,0.007304727391581352,0.010508439227581629,-0.009349435138293782,0.022666617921251797,0.0009455623211043207,0.0,2014-07-27,-0.00046473385049872196,27960.0,Train
2014-07-27,27960,27960,27960,27960,0,27973.0,27651.0,-0.00046473385049872196,27941.14285714286,28009.5,0.00679460388481831,0.009002292403564956,-0.002426145283288106,-0.007102272727272707,0.0015563022770261892,-0.04999999999999999,2014-07-28,-0.0018240343347639687,27909.0,Train
2014-07-28,27909,27985,28085,27874,10300,27960.0,27973.0,-0.0018240343347639687,27923.85714285714,28001.333333333332,0.00681381333885919,0.009007184384219703,-0.004316803424901927,-0.0087021382396818,0.0015563022770261892,-0.04999999999999999,2014-07-29,-0.001934859722670157,27855.0,Train
2014-07-29,27855,27950,28067,27827,7440,27909.0,27960.0,-0.001934859722670157,27886.0,27992.8,0.006608907250650205,0.00900948057108573,-0.009423897581792295,-0.009106755362669472,6.394584213476051e-06,0.01999999999999999,2014-07-30,0.0029079159935379018,27936.0,Train
2014-07-30,27936,27888,27984,27740,10900,27855.0,27909.0,0.0029079159935379018,27885.571428571428,27985.1,0.006344686285312511,0.009018942164334213,-0.00010737678513905724,-0.008201086377676026,0.00228391772354275,-0.01999999999999999,2014-07-31,-0.00529782359679265,27788.0,Train
2014-07-31,27788,27800,27969,27751,11560,27936.0,27855.0,-0.00529782359679265,27867.428571428572,27970.666666666668,0.006659094551747647,0.00905568358001274,-0.00454952534479669,-0.01534318415364444,0.0032218858559209806,0.08999999999999997,2014-08-01,0.008960702461494163,28037.0,Train
2014-08-01,28037,27810,28124,27761,3300,27788.0,27936.0,0.008960702461494163,27922.571428571428,27967.7,0.006214821965474377,0.009198553833694776,0.013959712126143664,-0.0031643319348645393,0.0010535542617542415,0.0,2014-08-04,-0.0030317081000107438,27952.0,Train
2014-08-04,27952,28023,28118,27900,1020,28037.0,27788.0,-0.0030317081000107438,27919.571428571428,27964.0,0.004712185824691377,0.009206141989148322,-0.0007507239123440979,-0.003955386095570668,0.0003038750956887437,-0.03999999999999998,2014-08-05,0.015741270749856984,28392.0,Train
2014-08-05,28392,27959,28790,27724,220,27952.0,28037.0,0.015741270749856984,27981.285714285714,27974.533333333333,0.007598795894847253,0.009649773181235003,0.015450643776824036,0.01125516455335518,-0.00029002258789057045,0.010000000000000009,2014-08-06,0.005881938574246348,28559.0,Train
2014-08-06,28559,28130,28640,28088,19080,28392.0,27952.0,0.005881938574246348,28074.14285714286,27994.0,0.007472878085402968,0.009668943044292251,0.023289978143251178,0.02087578194816797,0.0024076740640353034,-0.010000000000000009,2014-08-07,0.004762071501102971,28695.0,Train
2014-08-07,28695,28559,28750,28460,14960,28559.0,28392.0,0.004762071501102971,28194.14285714286,28024.233333333334,0.007108053134683756,0.009591651194699062,0.03015616585891223,0.03263998848423788,-0.0006992312681012303,-0.010000000000000009,2014-08-08,-0.006272869837950834,28515.0,Train
2014-08-08,28515,28730,29010,28500,21260,28695.0,28559.0,-0.006272869837950834,28276.85714285714,28048.0,0.00816999103684321,0.009685884278618972,0.020725945017182168,0.02564563700453215,0.0002874984673795211,-0.04999999999999999,2014-08-10,-0.00017534630896021142,28510.0,Train
2014-08-10,28510,28510,28510,28510,0,28515.0,28695.0,-0.00017534630896021142,28380.0,28067.9,0.007509418693303041,0.009669718068311167,0.025982438462645696,0.021387883781750494,-0.0003560997671085975,0.0,2014-08-11,0.0015433181339881141,28554.0,Train
2014-08-11,28554,28480,28600,28445,8670,28510.0,28515.0,0.0015433181339881141,28453.85714285714,28100.9,0.007157663908109058,0.00934029535431996,0.01843991867888861,0.03591641271223334,-0.0003560997671085975,0.0,2014-08-12,0.0030468585837359896,28641.0,Train
2014-08-12,28641,28520,28780,28474,12990,28554.0,28510.0,0.0030468585837359896,28552.285714285714,28135.8,0.006710267702453355,0.00934619522733239,0.02464939896966234,0.037943031093716106,-0.0013318858764074237,0.0,2014-08-13,-0.0025837086693900613,28567.0,Train
2014-08-13,28567,28590,28645,28480,13990,28641.0,28554.0,-0.0025837086693900613,28577.285714285714,28165.8,0.0042719913594712056,0.009368663400137483,0.0061637080867849026,0.03252972855748726,0.0004699571428723459,0.03,2014-08-14,-0.0027304232155984653,28489.0,Train
2014-08-14,28489,28521,28657,28378,16180,28567.0,28641.0,-0.0027304232155984653,28567.285714285714,28163.266666666666,0.0038083922576509673,0.007278161337346615,-0.002451066213802977,-0.0026605986346928123,-0.0005607213627433216,-0.01999999999999999,2014-08-18,-0.011302608024149619,28167.0,Train
2014-08-18,28167,28405,28405,28140,10490,28489.0,28567.0,-0.011302608024149619,28491.85714285714,28154.133333333335,0.004901783539285791,0.0075260158503541365,-0.018400418191322543,-0.009633979114658464,-0.0006009487995862761,-0.03,2014-08-19,-0.0015266091525544256,28124.0,Train
2014-08-19,28124,28170,28248,28087,9500,28167.0,28489.0,-0.0015266091525544256,28436.0,28144.5,0.004636477937878093,0.0075283782410740475,-0.013712081360687356,-0.010171400415302845,-0.00044753595399915636,0.04999999999999999,2014-08-20,-0.0016000568909116941,28079.0,Train
2014-08-20,28079,28120,28158,28025,10170,28124.0,28167.0,-0.0016000568909116941,28374.428571428572,28133.366666666665,0.00457589148305102,0.0075317488852437164,-0.015117502630655921,-0.011755182486889781,0.0019490323271995624,0.020000000000000018,2014-08-21,-0.017094625876989955,27599.0,Train
2014-08-21,27599,28025,28025,27550,17840,28079.0,28124.0,-0.017094625876989955,28238.0,28124.666666666668,0.00689395295463419,0.007334520995557423,-0.03344540169503396,-0.00936826992103379,0.0016741567798583823,0.03,2014-08-22,0.0012681618899235136,27634.0,Train
2014-08-22,27634,27657,27720,27555,11050,27599.0,28079.0,0.0012681618899235136,28094.14285714286,28120.733333333334,0.006581030859987801,0.0073078132318573925,-0.035159386892915756,-0.0042519458057076465,0.0008383222138472757,-0.020000000000000018,2014-08-25,-7.237461098641429e-05,27632.0,Train
2014-08-25,27632,27624,27678,27535,8400,27634.0,27599.0,-7.237461098641429e-05,27960.571428571428,28116.233333333334,0.006804542053883675,0.007306770548072548,-0.03273007316134002,-0.004861886411927863,0.00135413475858992,0.020000000000000018,2014-08-26,0.0031847133757962887,27720.0,Train
2014-08-26,27720,27652,27880,27652,13070,27632.0,27634.0,0.0031847133757962887,27850.714285714286,28099.0,0.007431574010839318,0.0065963959083994075,-0.026992874442767434,-0.018309310479158514,0.001209900296620603,-0.020000000000000018,2014-08-27,-0.00436507936507935,27599.0,Train
2014-08-27,27599,27741,27760,27575,9260,27720.0,27632.0,-0.00436507936507935,27769.571428571428,28084.7,0.006703250776359831,0.006511091280523611,-0.020165441829090747,-0.015306122448979553,-0.0005710318292297956,0.010000000000000009,2014-08-28,0.010326461103663087,27884.0,Train
2014-08-28,27884,27642,27974,27642,14140,27599.0,27720.0,0.010326461103663087,27735.285714285714,28079.833333333332,0.008389129528839205,0.006804365439335033,-0.008533636751528961,-0.005208704958972521,-0.0018490075552092256,-0.01999999999999999,2014-08-29,-0.0032276574379572764,27794.0,Train
2014-08-29,27794,27835,27835,27652,4090,27884.0,27599.0,-0.0032276574379572764,27694.571428571428,28068.966666666667,0.0084247633335258,0.006796184296918502,-0.010149934114462744,-0.01159317211948796,8.871399558318949e-05,-0.020000000000000018,2014-09-01,-0.0041375836511476916,27679.0,Train
2014-09-01,27679,27747,27774,27651,4160,27794.0,27884.0,-0.0041375836511476916,27706.0,28060.3,0.005223619263369615,0.006738085602165409,0.002898655748396761,-0.009305988045384628,0.00032103169448771673,0.020000000000000018,2014-09-02,-0.012247552295964415,27340.0,Train
2014-09-02,27340,27610,27676,27318,4010,27679.0,27794.0,-0.012247552295964415,27664.0,28041.133333333335,0.007041659672560809,0.007083238671587204,-0.01063906781501045,-0.02059824467132365,0.00032103169448771673,0.020000000000000018,2014-09-03,0.000548646671543418,27355.0,Train
2014-09-03,27355,27362,27420,27186,1120,27340.0,27679.0,0.000548646671543418,27624.428571428572,28031.266666666666,0.007066593971332434,0.006888052907005826,-0.01002460914881298,-0.01070485696719825,0.003567164352426211,0.04000000000000001,2014-09-04,-0.0026686163407055874,27282.0,Train
2014-09-04,27282,27418,27427,27262,270,27355.0,27340.0,-0.0026686163407055874,27561.85714285714,28008.233333333334,0.006771488882972615,0.006515191367805332,-0.015800865800865815,-0.024702391591892137,-0.002020765176777517,-0.030000000000000027,2014-09-05,-0.0020892896415218853,27225.0,Train
2014-09-05,27225,27250,27360,27068,340,27282.0,27355.0,-0.0020892896415218853,27508.428571428572,27983.733333333334,0.006707516325265406,0.006518948248318966,-0.013551215623754498,-0.026287553648068673,0.004144579634007828,0.040000000000000036,2014-09-08,-0.0006611570247934129,27207.0,Train
2014-09-08,27207,27448,27497,27116,13170,27225.0,27282.0,-0.0006611570247934129,27411.714285714286,27960.333333333332,0.004165976998134696,0.006516518378908384,-0.024279156505522925,-0.025153176394711374,-0.000459774458584139,0.02999999999999997,2014-09-09,0.0023890910427464274,27272.0,Train
2014-09-09,27272,27237,27395,27159,15560,27207.0,27225.0,0.0023890910427464274,27337.14285714286,27940.9,0.004729440179997543,0.0065389784457221874,-0.01878103187738356,-0.020929815113983175,0.0020625853940809957,0.03999999999999998,2014-09-10,-0.002860076268700551,27194.0,Train
2014-09-10,27194,27350,27441,27152,13410,27272.0,27207.0,-0.002860076268700551,27267.85714285714,27916.166666666668,0.00468898027279572,0.006514471623625854,-0.01752230933198451,-0.02656071019473083,0.004867072535520434,0.040000000000000036,2014-09-11,-0.0072810178715893015,26996.0,Train
2014-09-11,26996,27207,27246,26970,18440,27194.0,27272.0,-0.0072810178715893015,27218.714285714286,27889.766666666666,0.003064990971114922,0.00657070543095564,-0.012582297000731546,-0.028501511443788652,-0.00017730293040041367,0.04999999999999999,2014-09-12,-0.0032226996592087387,26909.0,Train
2014-09-12,26909,26958,26995,26801,16070,26996.0,27194.0,-0.0032226996592087387,27155.0,27852.166666666668,0.0029102384999433128,0.006308803022684202,-0.01630414915006395,-0.04023254984484792,0.0005664268480067847,-0.020000000000000018,2014-09-13,-0.00033446058939390344,26900.0,Train
2014-09-13,26900,26900,26900,26900,0,26909.0,26996.0,-0.00033446058939390344,27100.428571428572,27817.1,0.0029989437764223886,0.00630320686829026,-0.01400190601862028,-0.03763594733829423,0.0016305526364075451,0.07,2014-09-15,0.003940520446096718,27006.0,Train
2014-09-15,27006,26949,27118,26913,16610,26900.0,26909.0,0.003940520446096718,27069.14285714286,27770.9,0.0037450501193258805,0.0055260287883418845,-0.008044077134986227,-0.04881656804733725,0.0016305526364075451,0.07,2014-09-16,-0.0019254980374731057,26954.0,Train
2014-09-16,26954,27008,27110,26920,19690,27006.0,26900.0,-0.0019254980374731057,27033.0,27717.4,0.0037481943153485344,0.005339683819361164,-0.009299077443305048,-0.0561994467593403,0.0004652624829821761,-0.020000000000000018,2014-09-17,-0.0017437115084959487,26907.0,Train
2014-09-17,26907,26960,27009,26860,12060,26954.0,27006.0,-0.0017437115084959487,26980.85714285714,27657.8,0.003371745370025177,0.005189261521999114,-0.013383690231739465,-0.062310507056978603,-0.0028214878354548834,0.010000000000000009,2014-09-18,-0.009216932396774125,26659.0,Train
2014-09-18,26659,26860,26860,26572,15980,26907.0,26954.0,-0.009216932396774125,26904.428571428572,27595.933333333334,0.004374631242338718,0.00529704471984973,-0.01967345738030446,-0.06508854988602486,0.0006499854457513443,0.08000000000000007,2014-09-19,-0.006076747064781118,26497.0,Train
2014-09-19,26497,26605,26694,26470,15870,26659.0,26907.0,-0.006076747064781118,26833.14285714286,27528.833333333332,0.004190027870255264,0.005327704173906678,-0.018484219884427278,-0.07060680462995439,0.0022708647427915896,0.04999999999999993,2014-09-22,0.004075933124504605,26605.0,Train
2014-09-22,26605,26436,26665,26313,16470,26497.0,26659.0,0.004075933124504605,26789.714285714286,27463.866666666665,0.004876811871078877,0.005412133095344512,-0.011297335463971159,-0.0682566365482945,0.0022189072116045594,-0.04999999999999993,2014-09-23,0.0028941928208983114,26682.0,Train
2014-09-23,26682,26586,26937,26488,16660,26605.0,26497.0,0.0028941928208983114,26758.571428571428,27398.566666666666,0.005162063472810549,0.005406963032857813,-0.008104089219330812,-0.06839844977479836,0.0012538703385969185,0.019999999999999907,2014-09-24,-0.004872198485870616,26552.0,Train
2014-09-24,26552,26685,26760,26526,13880,26682.0,26605.0,-0.004872198485870616,26693.714285714286,27331.4,0.004773577500697674,0.005426559252653607,-0.016811079019477204,-0.0705359330696258,0.0005048594013217222,-0.05999999999999994,2014-09-25,0.01382193431756562,26919.0,Train
2014-09-25,26919,26514,26950,26381,19580,26552.0,26682.0,0.01382193431756562,26688.714285714286,27279.066666666666,0.007794384587549859,0.0061827972690570035,-0.0012985085701565646,-0.055108989434518585,0.0015148500899375694,0.020000000000000018,2014-09-26,-0.008358408559010377,26694.0,Train
2014-09-26,26694,26960,27100,26665,19990,26919.0,26552.0,-0.008358408559010377,26658.285714285714,27229.966666666667,0.008396173875869392,0.0060498342903177295,-0.007916155647229361,-0.052295239109596325,0.002497480792986284,-0.040000000000000036,2014-09-27,-3.7461601858135296e-05,26693.0,Train
2014-09-27,26693,26693,26693,26693,0,26694.0,26919.0,-3.7461601858135296e-05,26663.14285714286,27182.266666666666,0.007596773487261315,0.006058013020446794,0.001275366667917055,-0.05088180913099127,0.003190957989159804,0.06999999999999995,2014-09-29,0.004720338665567647,26819.0,Train
2014-09-29,26819,26760,26915,26685,9130,26693.0,26694.0,0.004720338665567647,26709.14285714286,27140.266666666666,0.007193771644448883,0.00617122487444261,0.012152319130467548,-0.044873392927098577,0.003190957989159804,0.06999999999999995,2014-09-30,-0.0005220179723330887,26805.0,Train
2014-09-30,26805,26807,26968,26633,10680,26819.0,26693.0,-0.0005220179723330887,26737.714285714286,27113.8,0.007155727197995575,0.005424728055499813,0.007517383950385259,-0.028769158302837106,0.0014844457246316889,-0.019999999999999907,2014-10-01,-0.0005595970900951208,26790.0,Train
2014-10-01,26790,26695,26840,26552,3920,26805.0,26819.0,-0.0005595970900951208,26753.14285714286,27085.666666666668,0.007129805013530544,0.0054091010344125825,0.004047672588261664,-0.03054208583628859,0.001785268555545061,0.0,2014-10-03,-0.013101903695408756,26439.0,Train
2014-10-03,26439,26931,26931,26377,11020,26790.0,26805.0,-0.013101903695408756,26737.0,27045.9,0.008690119535248042,0.0058366474169532665,-0.004255799939740901,-0.04317458019687315,-0.0023836692512818614,0.02999999999999997,2014-10-05,-0.0005673436968115508,26424.0,Train
2014-10-05,26424,26424,26424,26424,0,26439.0,26790.0,-0.0005673436968115508,26666.285714285714,27002.7,0.006002899778969523,0.005773690074317264,-0.018388498829822852,-0.04675324675324677,0.006971806524147528,0.030000000000000027,2014-10-06,0.008060853769300547,26637.0,Train
2014-10-06,26637,26476,26667,26352,6970,26424.0,26439.0,0.008060853769300547,26658.14285714286,26970.633333333335,0.00657333329839282,0.006007864932706441,-0.0021353113059114914,-0.03485633537447008,0.006971806524147528,0.030000000000000027,2014-10-07,0.001351503547696753,26673.0,Train
2014-10-07,26673,26581,26710,26566,14870,26637.0,26424.0,0.001351503547696753,26655.285714285714,26930.266666666666,0.00660300870132059,0.005627342438466479,-0.0007492601056456882,-0.04342992397073586,-0.004422123476546358,-0.020000000000000018,2014-10-08,-0.001499643834589337,26633.0,Train
2014-10-08,26633,26698,26885,26620,15810,26673.0,26637.0,-0.001499643834589337,26628.714285714286,26891.566666666666,0.006257531831662816,0.005617498757421959,-0.0069353816324247974,-0.04177160538245661,-0.0010804571543383545,-0.06,2014-10-09,0.008035144369766822,26847.0,Train
2014-10-09,26847,26696,26938,26696,16430,26633.0,26673.0,0.008035144369766822,26634.714285714286,26863.833333333332,0.007135465020680952,0.005848276167923256,0.0015668718522663383,-0.030058889410744638,0.0004987382742629443,-0.04999999999999999,2014-10-10,0.0002979848772675098,26855.0,Train
2014-10-10,26855,26813,26940,26750,15640,26847.0,26633.0,0.0002979848772675098,26644.0,26847.666666666668,0.007126693367023129,0.005451369676497997,0.002426278462112741,-0.017739575713240696,-0.003317110195959816,-0.020000000000000018,2014-10-13,0.0,26855.0,Train
2014-10-13,26855,26900,27135,26811,16690,26855.0,26847.0,0.0,26703.428571428572,26831.0,0.004060184722244009,0.005448364958787016,0.015734331858239692,-0.018278194114421442,0.002503830871524615,-0.020000000000000018,2014-10-14,0.01016570471048217,27128.0,Train
2014-10-14,27128,26892,27170,26892,15720,26855.0,26855.0,0.01016570471048217,26804.0,26825.866666666665,0.004785288483578528,0.005774485976800409,0.026642446260974895,-0.00564474745253285,0.002503830871524615,-0.020000000000000018,2014-10-16,0.007372456502506619,27328.0,Train
2014-10-16,27328,27150,27475,27150,17550,27128.0,26855.0,0.007372456502506619,26902.714285714286,26829.3,0.004688580477800246,0.005922678012746505,0.025941359762736038,0.00378328741965106,-0.00042199594842817767,0.0,2014-10-17,-0.0064768735362997765,27151.0,Train
2014-10-17,27151,27310,27362,27085,14210,27328.0,27128.0,-0.0064768735362997765,26971.0,26827.433333333334,0.006066296240674914,0.006043839685469831,0.017920743823341967,-0.002058293821442958,-0.0006810253797512322,-0.009999999999999953,2014-10-20,0.005561489447902579,27302.0,Train
2014-10-20,27302,27131,27360,27078,11360,27151.0,27328.0,0.005561489447902579,27066.571428571428,26828.433333333334,0.005863105339173176,0.006115335913602849,0.025119213006420615,0.001100029334115682,0.00020352174856030913,0.019999999999999962,2014-10-21,0.003369716504285414,27394.0,Train
2014-10-21,27394,27358,27496,27343,12770,27302.0,27151.0,0.003369716504285414,27144.714285714286,26835.1,0.005525753626517888,0.006118716932772898,0.02037471598316376,0.0073545635066558646,-0.0001983419435660494,-0.010000000000000009,2014-10-22,-0.0022267649850332694,27333.0,Train
2014-10-22,27333,27369,27389,27265,9860,27394.0,27302.0,-0.0022267649850332694,27213.0,26846.333333333332,0.005799417554628158,0.005971667975211409,0.017799292496741836,0.012483330863831688,-0.00039676258179377477,0.040000000000000036,2014-10-23,-0.01437822412468448,26940.0,Train
2014-10-23,26940,27174,27174,26913,6400,27333.0,27394.0,-0.01437822412468448,27225.14285714286,26847.366666666665,0.008679306913710393,0.006528388410611162,0.003165146155278409,0.0011520309190233835,0.0021614662597380097,0.010000000000000009,2014-10-24,0.0008537490720119667,26963.0,Train
2014-10-24,26963,27050,27067,26950,3460,26940.0,27333.0,0.0008537490720119667,27201.571428571428,26849.466666666667,0.007593798988747201,0.006529523287543499,-0.00608227661456795,0.002342007434944282,0.0014949876358263392,0.03999999999999998,2014-10-27,0.0016689537514371633,27008.0,Train
2014-10-27,27008,26957,27048,26913,7360,26963.0,26940.0,0.0016689537514371633,27155.85714285714,26849.533333333333,0.006832831703094075,0.006496522262787762,-0.011709601873536313,7.405761682588441e-05,-0.0013062895536792851,0.010000000000000009,2014-10-28,-0.00366558056872035,26909.0,Train
2014-10-28,26909,26962,27076,26880,8530,27008.0,26963.0,-0.00366558056872035,27121.285714285714,26848.033333333333,0.006580564228809658,0.006522234927895005,-0.00891311553902252,-0.0016695110187727735,0.0006678484814910401,-0.010000000000000009,2014-10-29,-0.0016723029469694062,26864.0,Train
2014-10-29,26864,26974,26990,26805,6310,26909.0,27008.0,-0.0016723029469694062,27058.714285714286,26846.6,0.005859347757874799,0.00652160287462285,-0.016042780748663055,-0.0015980971494407026,-0.0033318878066234126,0.010000000000000009,2014-10-30,-0.018165574746873192,26376.0,Train
2014-10-30,26376,26811,26811,26326,10880,26864.0,26909.0,-0.018165574746873192,26913.285714285714,26837.166666666668,0.007741820310018096,0.00713222154935454,-0.0371614222092429,-0.010615551971191683,-0.002086048470796853,0.02999999999999997,2014-10-31,-0.017136791022141384,25924.0,Train
2014-10-31,25924,26350,26375,25684,15940,26376.0,26864.0,-0.017136791022141384,26712.0,26818.066666666666,0.008722116067890705,0.00770251179940755,-0.05154940913913586,-0.02162508963278864,0.0045508661076436585,0.0,2014-11-03,-0.0021601604690634213,25868.0,Train
2014-11-03,25868,25877,25947,25750,3750,25924.0,26376.0,-0.0021601604690634213,26558.85714285714,26793.5,0.008329817309532545,0.0076531761309575185,-0.03979213066072751,-0.02770155985716971,0.006775365293055335,0.010000000000000009,2014-11-04,-0.0022421524663677195,25810.0,Train
2014-11-04,25810,25930,25965,25725,220,25868.0,25924.0,-0.0022421524663677195,26394.14285714286,26764.433333333334,0.00799600831163355,0.0076225854162405545,-0.04276230389793423,-0.032681208305224474,0.004253115945057173,0.0,2014-11-05,-0.01790003874467261,25348.0,Train
2014-11-05,25348,25578,26340,25201,980,25810.0,25868.0,-0.01790003874467261,26157.0,26724.3,0.008205977805210091,0.008195705095774374,-0.061463270142180115,-0.0453449834287436,0.00024357173593569925,0.0,2014-11-06,0.004694650465519867,25467.0,Train
2014-11-06,25467,25448,25568,25411,8380,25348.0,25810.0,0.004694650465519867,25951.0,26675.9,0.009600294832593507,0.007764896844192707,-0.05358801887844211,-0.053939596567480264,0.0025467340925509063,0.0,2014-11-07,0.018023324302038013,25926.0,Train
2014-11-07,25926,25475,25970,25172,30780,25467.0,25348.0,0.018023324302038013,25817.0,26650.3,0.013703851910018546,0.008461226446819342,-0.03491661703394877,-0.028770510227017265,0.0032780547442226027,0.020000000000000018,2014-11-10,-0.007984262902105965,25719.0,Train
2014-11-10,25719,25949,26070,25670,15440,25926.0,25467.0,-0.007984262902105965,25723.14285714286,26617.833333333332,0.01256455932256432,0.008555929290422093,-0.024909008189263004,-0.03648896714494432,-0.0010985297455424758,-0.07,2014-11-11,0.0028772502818927848,25793.0,Train
2014-11-11,25793,25632,25861,25434,19180,25719.0,25926.0,0.0028772502818927848,25704.428571428572,26583.633333333335,0.011149497379628327,0.008518466632110437,-0.005053232525844775,-0.038256459972407675,-0.000940179916706807,0.06,2014-11-12,3.877020897147254e-05,25794.0,Train
2014-11-12,25794,25798,25940,25735,17110,25793.0,25719.0,3.877020897147254e-05,25693.85714285714,26549.933333333334,0.011131484209979345,0.008520766458970734,-0.002860677284676094,-0.03771684387241181,-0.000940179916706807,0.06,2014-11-13,0.0012793672947197798,25827.0,Train
2014-11-13,25827,25849,25920,25689,20230,25794.0,25793.0,0.0012793672947197798,25696.285714285714,26517.833333333332,0.011111595858397341,0.008532477946678984,0.0006586594343278573,-0.035946248600223996,-0.00041241073278708296,0.020000000000000018,2014-11-14,0.024431796182289744,26458.0,Train
2014-11-14,26458,25791,26519,25585,33820,25827.0,25794.0,0.024431796182289744,25854.85714285714,26518.466666666667,0.011171859043149957,0.00942937866284101,0.04379043711535435,0.0007186353492945052,0.002172117015220021,0.009999999999999953,2014-11-16,-0.0017764003326026234,26411.0,Train
2014-11-16,26411,26411,26411,26411,0,26458.0,25827.0,-0.0017764003326026234,25989.714285714286,26518.033333333333,0.01157702554008785,0.009434765207199575,0.0370675776495073,-0.0004919769906145399,-0.00012915659732903872,-0.03999999999999998,2014-11-17,-0.003483397069402927,26319.0,Train
2014-11-17,26319,26370,26499,26275,20730,26411.0,26458.0,-0.003483397069402927,26045.85714285714,26507.433333333334,0.010424824860626685,0.009330627210048495,0.015158528118491166,-0.011938281337988466,-0.00012915659732903872,-0.03999999999999998,2014-11-18,0.010182757703560252,26587.0,Train
2014-11-18,26587,26367,26756,26367,24600,26319.0,26411.0,0.010182757703560252,26169.85714285714,26504.566666666666,0.009704002484751327,0.009523739307590123,0.03374936817139074,-0.003224234244366908,0.0012826503127911781,0.04999999999999999,2014-11-19,0.004626321134388878,26710.0,Train
2014-11-19,26710,26548,26840,26235,33870,26587.0,26319.0,0.004626321134388878,26300.85714285714,26507.133333333335,0.009668911195981934,0.009557506176459245,0.03555228162679791,0.00289115007697216,-0.002018770636210032,0.0,2014-11-20,-0.009397229502059123,26459.0,Train
2014-11-20,26459,26620,26620,26375,26020,26710.0,26587.0,-0.009397229502059123,26395.85714285714,26494.2,0.011042949751714496,0.009590836756342012,0.025781189423897066,-0.01445226654747267,0.0022611936153345003,0.050000000000000044,2014-11-21,-0.0026078083071922054,26390.0,Train
2014-11-21,26390,26509,26623,26340,26750,26459.0,26710.0,-0.0026078083071922054,26476.285714285714,26478.7,0.011279849096997632,0.009597789796248774,0.02179889263174206,-0.017315211320052093,0.0001309923984103012,-0.040000000000000036,2014-11-24,0.0031451307313377086,26473.0,Train
2014-11-24,26473,26462,26539,26420,15020,26390.0,26459.0,0.0031451307313377086,26478.428571428572,26465.966666666667,0.006394184829079093,0.009621013473513173,0.0005669362763625063,-0.014224539191956764,0.0003425506320060556,-0.03999999999999998,2014-11-25,-0.005099535375665765,26338.0,Train
2014-11-25,26338,26480,26537,26322,19750,26473.0,26390.0,-0.005099535375665765,26468.0,26439.633333333335,0.006673831922757851,0.009443183180849897,-0.0027639998485479156,-0.02912120318490119,0.0013425400898787743,-0.010000000000000009,2014-11-26,0.0022401093477104617,26397.0,Train
2014-11-26,26397,26395,26440,26330,10020,26338.0,26473.0,0.0022401093477104617,26479.14285714286,26408.6,0.006579658002905725,0.009333217416078881,0.0029636384361106938,-0.034067622950819665,-0.0013980710642540473,-0.020000000000000018,2014-11-27,-0.006061294844111109,26237.0,Train
2014-11-27,26237,26355,26355,26170,14220,26397.0,26338.0,-0.006061294844111109,26429.14285714286,26378.133333333335,0.005314234483987057,0.009325286190238317,-0.0131643284311882,-0.033663585134985796,-0.0009508106567340802,0.0,2014-11-28,-0.01463581964401417,25853.0,Train
2014-11-28,25853,26150,26244,25815,15530,26237.0,26397.0,-0.01463581964401417,26306.714285714286,26329.833333333332,0.006282943656124249,0.009554131569100654,-0.03208536128790718,-0.053073034942495045,-0.0009508106567340802,0.0,2014-12-01,0.02680539976018248,26546.0,Train
2014-12-01,26546,25803,26627,25123,5730,25853.0,26237.0,0.02680539976018248,26319.14285714286,26301.566666666666,0.013007330938765964,0.010858155274153302,0.0032881061264598,-0.03095568372636348,0.008898137198266376,-0.02999999999999997,2014-12-02,-0.012129887742032719,26224.0,Train
2014-12-02,26224,26438,27050,26087,1150,26546.0,25853.0,-0.012129887742032719,26295.428571428572,26264.6,0.01386136878937392,0.011045935415943444,-0.006290261462675306,-0.04057366553250652,-0.0017537390616146897,0.03999999999999998,2014-12-03,0.010372178157413092,26496.0,Train
2014-12-03,26496,26309,26699,26236,90,26224.0,26546.0,0.010372178157413092,26298.714285714286,26249.8,0.014462007287401981,0.010961037642651892,0.0008688097306690512,-0.016481069042316276,0.005519718428291798,0.08000000000000002,2014-12-04,-0.0003019323671497043,26488.0,Train
2014-12-04,26488,26299,26850,26299,60,26496.0,26224.0,-0.0003019323671497043,26320.14285714286,26233.966666666667,0.014280824583311204,0.010958160991020392,0.005695193256891162,-0.017616734042947724,0.001212570111042588,-0.010000000000000009,2014-12-05,-0.007890365448504966,26279.0,Train
2014-12-05,26279,26698,26698,25801,170,26488.0,26496.0,-0.007890365448504966,26303.285714285714,26209.666666666668,0.014631204384472322,0.011030624362471007,-0.0044702049475319194,-0.026992002369668255,-0.0017550035000635233,-0.020000000000000018,2014-12-08,-0.0019407131169374425,26228.0,Train
2014-12-08,26228,26277,26350,26164,10300,26279.0,26488.0,-0.0019407131169374425,26302.0,26186.966666666667,0.014454279745877891,0.011019949432123274,-0.0003430270229065613,-0.02530751793080377,0.007030363640529114,0.08000000000000007,2014-12-09,0.030311117889278538,27023.0,Train
2014-12-09,27023,26322,27168,26321,25020,26228.0,26279.0,0.030311117889278538,26469.14285714286,26192.266666666666,0.016662977295400956,0.01239368846477257,0.04525586972498363,0.005918701608100152,0.0020880543705223964,-0.010000000000000009,2014-12-10,0.0011471709284682774,27054.0,Train
2014-12-10,27054,27000,27220,26910,18250,27023.0,26228.0,0.0011471709284682774,26541.714285714286,26214.866666666665,0.014060660190317884,0.011894578750941248,0.019136593083703746,0.025705186533212077,-0.004940282301845844,-0.06000000000000005,2014-12-11,0.0032527537517557104,27142.0,Train
2014-12-11,27142,27096,27240,26860,18570,27054.0,27023.0,0.0032527537517557104,26672.85714285714,26255.466666666667,0.012448931017747192,0.011399818154445197,0.03500610128126902,0.04698349020212933,0.0021000004959850216,-0.020000000000000018,2014-12-12,-0.001989536511679324,27088.0,Train
2014-12-12,27088,27168,27188,26910,19320,27142.0,27054.0,-0.001989536511679324,26757.428571428572,26296.133333333335,0.012435449892884316,0.011397923041823877,0.022342995169082114,0.047162517396010406,0.004193179253463741,0.020000000000000018,2014-12-15,0.0031379208505610823,27173.0,Train
2014-12-15,27173,27037,27348,26912,19060,27088.0,27142.0,0.0031379208505610823,26855.285714285714,26341.566666666666,0.01234036183862664,0.011377699708166355,0.025860767139836982,0.05280898876404505,-0.0007028452912322125,-0.02999999999999997,2014-12-16,-0.004747359511279581,27044.0,Train
2014-12-16,27044,27120,27636,26822,35790,27173.0,27088.0,-0.004747359511279581,26964.571428571428,26398.1,0.011896792452666846,0.010833654095288175,0.029110696754062193,0.0669086318447214,0.0029642855381337707,0.03999999999999998,2014-12-17,-0.008948380417098112,26802.0,Train
2014-12-17,26802,27011,27099,26775,19260,27044.0,27173.0,-0.008948380417098112,27046.571428571428,26442.6,0.012759966292122385,0.011010975492381501,0.02188500838798224,0.05242077983272475,-0.001455632708460497,-0.08000000000000002,2014-12-18,-0.0053354227296470436,26659.0,Train
2014-12-18,26659,26888,27111,26580,22400,26802.0,27044.0,-0.0053354227296470436,26994.571428571428,26467.033333333333,0.00466921229448167,0.010641149898435988,-0.013470007031047615,0.02827277636349601,0.0002629868211099229,0.07,2014-12-19,0.007502156870100141,26859.0,Train
2014-12-19,26859,26725,26922,26654,13730,26659.0,26802.0,0.007502156870100141,26966.714285714286,26505.033333333333,0.005837910106383853,0.010566459183138407,-0.007207806609004219,0.044325207045375015,0.0019733596447952806,0.07999999999999996,2014-12-22,-0.014929818682750673,26458.0,Train
2014-12-22,26458,26859,26910,26403,15110,26859.0,26659.0,-0.014929818682750673,26869.0,26527.2,0.007444767795134575,0.010978553083613628,-0.02520079581460466,0.025782188965998598,0.002901140112684386,-0.07999999999999996,2014-12-23,0.00037795751757507823,26468.0,Train
2014-12-23,26468,26499,26600,26366,13760,26458.0,26859.0,0.00037795751757507823,26780.428571428572,26549.666666666668,0.007583446280053894,0.010977803160614764,-0.022888363851151783,0.02613010777700242,-0.000530141119450267,-0.020000000000000018,2014-12-24,-0.0013223515188152124,26433.0,Train
2014-12-24,26433,26500,26514,26411,6950,26468.0,26458.0,-0.0013223515188152124,26674.714285714286,26569.866666666665,0.007128281151649582,0.010985123455569876,-0.027232915025944826,0.023463816935764825,0.003468824697874906,0.09000000000000008,2014-12-26,0.017440320811107357,26894.0,Train
2014-12-26,26894,26470,26930,26470,13780,26433.0,26468.0,0.017440320811107357,26653.285714285714,26584.4,0.010722968882505738,0.010531987981210697,-0.005546516787457434,0.016478947766271013,-0.0004416305154960609,0.029999999999999916,2014-12-29,-0.011006172380456647,26598.0,Train
2014-12-29,26598,26919,26919,26560,10820,26894.0,26433.0,-0.011006172380456647,26624.14285714286,26590.633333333335,0.011009717921033538,0.01073656700125791,-0.007611372285650342,0.007080383173677651,-0.0004416305154960609,-0.010000000000000009,2014-12-30,0.011655011655011593,26908.0,Train
2014-12-30,26908,26646,27068,26511,16300,26598.0,26894.0,0.011655011655011593,26659.714285714286,26610.266666666666,0.011752477416388222,0.010907469401234798,0.009340185303274628,0.022379269729092988,0.0007223653702537192,-0.010000000000000009,2014-12-31,-0.011669392002378487,26594.0,Train
2014-12-31,26594,26909,26909,26491,9510,26908.0,26598.0,-0.011669392002378487,26621.85714285714,26610.5,0.012310808766598418,0.01098828770607094,-0.009866339029747984,0.0002632865686238439,-0.0026842045113780744,-0.009999999999999898,2015-01-01,-0.00030081973377449334,26586.0,Train
2015-01-01,26586,26610,26647,26539,1820,26594.0,26908.0,-0.00030081973377449334,26640.14285714286,26606.366666666665,0.010766239208060292,0.010954556730953538,0.004837856224960246,-0.004642456008985385,0.0017864505949447551,-0.07000000000000006,2015-01-02,0.004287971112615585,26700.0,Train
2015-01-02,26700,26585,26740,26285,1990,26586.0,26594.0,0.004287971112615585,26673.285714285714,26614.4,0.010845509965623758,0.010838267319995444,0.008765301496146183,0.009108431913526616,0.0017864505949447551,-0.07000000000000006,2015-01-05,0.005505617977528132,26847.0,Train
2015-01-05,26847,26800,26911,26650,570,26700.0,26586.0,0.005505617977528132,26732.428571428572,26629.633333333335,0.010877583619515395,0.010862892796739413,0.015662240381341563,0.01731716559302776,0.006045893651322798,-0.08000000000000002,2015-01-06,0.020039482996238034,27385.0,Train
2015-01-06,27385,27095,27442,27094,26640,26847.0,26700.0,0.020039482996238034,26802.571428571428,26660.033333333333,0.01150771492033808,0.011421381118017642,0.0182568602662303,0.03445019453783105,0.00578118941485517,-0.009999999999999953,2015-01-07,-0.008252693080153417,27159.0,Train
2015-01-07,27159,27328,27350,27110,19660,27385.0,26847.0,-0.008252693080153417,26882.714285714286,26687.4,0.010999164567211095,0.01149554514573052,0.021091811414392092,0.03117169109271778,-0.0019691277865380163,0.009999999999999953,2015-01-08,-0.012923892632276557,26808.0,Train
2015-01-08,26808,27150,27150,26770,21730,27159.0,27385.0,-0.012923892632276557,26868.428571428572,26701.1,0.0116912350940289,0.011773132746550072,-0.0037163668797384197,0.015569951130810278,0.0032702834051996366,-0.019999999999999962,2015-01-09,-7.460459564312405e-05,26806.0,Train
2015-01-09,26806,26751,26877,26680,19710,26808.0,27159.0,-7.460459564312405e-05,26898.714285714286,26720.066666666666,0.010612200814309945,0.011707204345205778,0.007971722945025128,0.021686930670427262,-0.003393752484763368,0.019999999999999962,2015-01-12,0.008430948295157892,27032.0,Train
2015-01-12,27032,26865,27119,26839,21930,26806.0,26808.0,0.008430948295157892,26962.428571428572,26759.366666666665,0.01091750694892935,0.01141354130011189,0.016775746633566513,0.04560399179979102,-0.0015356327804344483,-0.04999999999999999,2015-01-13,0.0014427345368452915,27071.0,Train
2015-01-13,27071,27118,27258,27020,22930,27032.0,26806.0,0.0014427345368452915,27015.428571428572,26776.866666666665,0.010889752089002907,0.010369945736056985,0.013895131086142376,0.019776990883749068,0.0011239191127341286,-0.010000000000000009,2015-01-14,0.005134645931070159,27210.0,Train
2015-01-14,27210,27013,27280,26916,24400,27071.0,27032.0,0.005134645931070159,27067.285714285714,26809.733333333334,0.010870870515615432,0.010108891477360712,0.013521063806011924,0.037599145820622404,0.0003177149322142192,0.020000000000000018,2015-01-15,0.010400588019110701,27493.0,Train
2015-01-15,27493,27150,27546,26731,50280,27210.0,27071.0,0.010400588019110701,27082.714285714286,26842.966666666667,0.008567080159052031,0.01010977387585455,0.003943764834763552,0.037628321256038655,-0.0017400987702139714,-0.08000000000000002,2015-01-16,0.006547121085367147,27673.0,Train
2015-01-16,27673,27540,27798,27383,28540,27493.0,27210.0,0.006547121085367147,27156.14285714286,26882.466666666667,0.007812973833733127,0.01015004614848829,0.01892558636179542,0.04473723950468145,-7.178172922184256e-05,-0.09999999999999998,2015-01-17,-0.0016622700827521042,27627.0,Train
2015-01-17,27627,27627,27627,27627,0,27673.0,27493.0,-0.0016622700827521042,27273.14285714286,26927.4,0.004525407206011787,0.010013939589208938,0.03055058191584603,0.05129571140454359,0.0013193264838300411,0.04000000000000001,2015-01-19,0.0032938791761683017,27718.0,Train
2015-01-19,27718,27642,27784,27633,15760,27627.0,27673.0,0.0032938791761683017,27403.428571428572,26977.066666666666,0.004143576068584585,0.009993592570919444,0.03402223382824743,0.056809516547201566,0.0013193264838300411,0.04000000000000001,2015-01-20,0.013709502850133504,28098.0,Train
2015-01-20,28098,27700,28145,27700,27570,27718.0,27627.0,0.013709502850133504,27555.714285714286,27012.9,0.00524799919586188,0.008747586708271015,0.039434744007102784,0.0397809273581764,0.0013193264838300411,0.04000000000000001,2015-01-21,-0.0037725104989678737,27992.0,Train
2015-01-21,27992,28071,28298,27850,27720,28098.0,27718.0,-0.0037725104989678737,27687.285714285714,27044.166666666668,0.006210570921933992,0.008797262616391537,0.03402164678068775,0.03467139794485097,0.0029490723113694273,0.0,2015-01-22,0.0022506430408688605,28055.0,Train
2015-01-22,28055,27966,28240,27762,27560,27992.0,28098.0,0.0022506430408688605,27808.0,27074.6,0.006280501013245933,0.008790998044642407,0.031054759279676603,0.03363790435487446,0.0025356610540814284,0.03,2015-01-23,-0.006095170201390165,27884.0,Train
2015-01-23,27884,28015,28114,27813,18520,28055.0,27992.0,-0.006095170201390165,27863.85714285714,27101.133333333335,0.006730293281423737,0.008872983774625798,0.014221801913214316,0.02938570584760769,0.0013614579258434123,0.02999999999999997,2015-01-25,0.00010758858126513893,27887.0,Train
2015-01-25,27887,27887,27887,27887,0,27884.0,28055.0,0.00010758858126513893,27894.428571428572,27124.933333333334,0.006445424994443409,0.008865096901498835,0.007733169515412142,0.02627608287638461,0.004238547982191365,-0.07999999999999999,2015-01-27,0.0016853731129200522,27934.0,Train
2015-01-27,27934,27815,28033,27584,20580,27887.0,27884.0,0.0016853731129200522,27938.285714285714,27154.6,0.00632780445114423,0.008801286288254278,0.011112317660259885,0.03290933293891429,0.0010942093140018372,0.010000000000000009,2015-01-28,-0.004976014892245972,27795.0,Train
2015-01-28,27795,27896,27974,27771,15130,27934.0,27887.0,-0.004976014892245972,27949.285714285714,27187.7,0.006718163688212926,0.008673585340147614,0.002777978209105969,0.0370494739198568,-0.003035935445216409,-0.04999999999999999,2015-01-29,-0.011692750494693316,27470.0,Train
2015-01-29,27470,27782,27848,27435,22610,27795.0,27934.0,-0.011692750494693316,27859.571428571428,27214.733333333334,0.0049750395225204,0.008914337818132057,-0.022350345220300327,0.030421246108256028,0.0029674188735904217,-0.05000000000000002,2015-01-30,0.016053876956680035,27911.0,Train
2015-01-30,27911,27540,28260,27470,16390,27470.0,27795.0,0.016053876956680035,27848.0,27249.8,0.008786931057744349,0.009258276061205526,-0.0028936839096884714,0.039167504374697515,0.00768231621929738,0.03,2015-02-02,0.005732506896922285,28071.0,Train
2015-02-02,28071,28120,28197,27743,2230,27911.0,27470.0,0.005732506896922285,27850.285714285714,27303.566666666666,0.009055181866821353,0.00876281393056155,0.0005703083229371408,0.06096454758485148,0.002964579872202888,-0.12,2015-02-03,-0.013679598161803974,27687.0,Train
2015-02-03,27687,28071,28079,27600,540,28071.0,27911.0,-0.013679598161803974,27822.14285714286,27344.2,0.010291643413384753,0.009217257547609319,-0.007064983503084155,0.04605561432673411,-0.0036235040970409305,0.0,2015-02-04,0.004586990284249026,27814.0,Train
2015-02-04,27814,27660,27835,27578,170,27687.0,28071.0,0.004586990284249026,27811.714285714286,27390.233333333334,0.010506610626611321,0.009217055142362526,-0.0026177071753863412,0.05224529943631073,-0.005698355033657787,0.06,2015-02-05,-0.004709858344718487,27683.0,Train
2015-02-05,27683,27785,27900,27461,110,27814.0,27687.0,-0.004709858344718487,27775.85714285714,27416.533333333333,0.010580242314292432,0.008793441340760714,-0.008985465740674492,0.0293373986762846,0.0017083101113413157,0.010000000000000009,2015-02-06,-0.02582812556442582,26968.0,Train
2015-02-06,26968,27498,27598,26912,22240,27683.0,27814.0,-0.02582812556442582,27657.714285714286,27428.866666666665,0.014142858067341354,0.009844898908282896,-0.02975355279726566,0.013910820362433185,-0.002800973421768327,0.03,2015-02-09,0.005599228715514659,27119.0,Train
2015-02-09,27119,27011,27172,26996,13600,26968.0,27683.0,0.005599228715514659,27607.571428571428,27435.9,0.014130149524714253,0.009668962053815202,-0.01277757553694936,0.007841534116247884,0.006094275610934785,0.10999999999999999,2015-02-10,-0.0037980751502636467,27016.0,Train
2015-02-10,27016,27180,27180,26984,13530,27119.0,26968.0,-0.0037980751502636467,27479.714285714286,27449.966666666667,0.011753806533314202,0.009436811407791333,-0.032066210454659405,0.01586824095660666,-0.0013259988033669234,0.010000000000000009,2015-02-11,-0.00736600533017473,26817.0,Train
2015-02-11,26817,27050,27050,26770,16680,27016.0,27119.0,-0.00736600533017473,27300.571428571428,27457.666666666668,0.010844948718816656,0.009546762704059986,-0.044672437747141136,0.00868878357030023,0.0028650647830388287,0.06,2015-02-12,-0.006786739754633286,26635.0,Train
2015-02-12,26635,26756,26920,26620,15850,26817.0,27016.0,-0.006786739754633286,27150.285714285714,27455.5,0.01038288591575074,0.009602497437914956,-0.03799617148842416,-0.002434456928838924,0.00475260163149871,0.010000000000000009,2015-02-13,0.0022151304674300487,26694.0,Train
2015-02-13,26694,26700,26815,26642,17170,26635.0,26817.0,0.0022151304674300487,26990.285714285714,27450.4,0.010032712275279587,0.009555688044464368,-0.040267491191486315,-0.005698960777740569,-0.008049902590128832,0.010000000000000009,2015-02-16,0.0017981568891884958,26742.0,Train
2015-02-16,26742,26720,26884,26720,8740,26694.0,26635.0,0.0017981568891884958,26855.85714285714,27428.966666666667,0.010444801652733007,0.008775453077014323,-0.033991980637936625,-0.023480007303268158,-0.0008890921825640552,0.010000000000000009,2015-02-17,-0.01873457482611618,26241.0,Train
2015-02-17,26241,26722,26722,26215,11240,26742.0,26694.0,-0.01873457482611618,26752.0,27398.366666666665,0.008170202444731064,0.009278544968212898,-0.026957876001186598,-0.033800949961338755,-0.0008890921825640552,0.010000000000000009,2015-02-18,-0.0022864982279638957,26181.0,Train
2015-02-18,26181,26280,26390,26128,15570,26241.0,26742.0,-0.0022864982279638957,26618.0,27377.466666666667,0.007124014329592541,0.009010646869229262,-0.034588296028614574,-0.02338854073410923,-0.0008890921825640552,0.08999999999999997,2015-02-19,0.0043161071005690665,26294.0,Train
2015-02-19,26294,26260,26521,26199,16560,26181.0,26241.0,0.0043161071005690665,26514.85714285714,27360.4,0.007961920162943026,0.009057517316653527,-0.02672490376073433,-0.01910020144743718,0.003874283228989084,-0.07,2015-02-20,0.0008747242716968806,26317.0,Train
2015-02-20,26317,26337,26435,26186,15080,26294.0,26181.0,0.0008747242716968806,26443.428571428572,27336.566666666666,0.007962032909501579,0.008901359154162191,-0.018644889435805667,-0.026450133175495716,-0.0010517674824278567,0.010000000000000009,2015-02-21,7.599650416079129e-05,26319.0,Train
2015-02-21,26319,26319,26319,26319,0,26317.0,26294.0,7.599650416079129e-05,26398.285714285714,27311.5,0.007789516113470407,0.008892688822048044,-0.011864088605218703,-0.02777880388607734,0.0018831908100289674,0.010000000000000009,2015-02-23,-0.00535734640373875,26178.0,Train
2015-02-23,26178,26281,26310,26001,18600,26319.0,26317.0,-0.00535734640373875,26324.571428571428,27277.1,0.007683961972996788,0.008853393699371154,-0.019330186558777274,-0.03792723263506059,0.0018831908100289674,0.010000000000000009,2015-02-24,-0.0038582015432806482,26077.0,Train
2015-02-24,26077,26219,26277,26015,14350,26178.0,26319.0,-0.0038582015432806482,26229.571428571428,27229.9,0.007417646358318963,0.008585043157850372,-0.024867250018697162,-0.05150401920488856,0.00187205651863942,-0.03999999999999998,2015-02-25,0.002492618015875969,26142.0,Train
2015-02-25,26142,26138,26343,26120,14250,26077.0,26178.0,0.002492618015875969,26215.428571428572,27178.866666666665,0.0034743533872354454,0.008481616009574547,-0.0037727220761404334,-0.05532468471072882,0.00010707256961861589,-0.07,2015-02-26,0.0037105041695355556,26239.0,Train
2015-02-26,26239,26200,26370,26200,14620,26142.0,26077.0,0.0037105041695355556,26223.714285714286,27132.6,0.003702285711604701,0.008542449336402663,0.002215347007371804,-0.050240706555181536,-0.004707846347416278,-0.030000000000000027,2015-02-27,-0.0012576698807119646,26206.0,Train
2015-02-27,26206,26243,26320,26132,13560,26239.0,26142.0,-0.0012576698807119646,26211.14285714286,27082.2,0.003274815040807168,0.008491306688679041,-0.0033467711264927313,-0.05454939028789951,0.004300796856363087,0.0,2015-02-28,0.01045562085018692,26480.0,Train
2015-02-28,26480,26111,26518,26043,8150,26206.0,26239.0,0.01045562085018692,26234.428571428572,27028.266666666666,0.005305255745813245,0.008304660574037226,0.006193715089105822,-0.05758416969179303,0.0009099344941949639,-0.06999999999999998,2015-03-02,0.0023036253776436144,26541.0,Train
2015-03-02,26541,26508,26997,26440,5080,26480.0,26206.0,0.0023036253776436144,26266.14285714286,26979.9,0.005314778129056798,0.00833251151724331,0.00843497093354606,-0.05183623892540723,0.0009099344941949639,-0.06999999999999998,2015-03-03,-0.003315624882257673,26453.0,Train
2015-03-03,26453,26527,26601,26400,1050,26541.0,26480.0,-0.003315624882257673,26305.428571428572,26926.5,0.0049366951085654635,0.008302530107067217,0.010505004202001622,-0.05710212083407595,0.0020549612161582242,0.07999999999999999,2015-03-04,0.0032510490303556683,26539.0,Train
2015-03-04,26539,26500,26600,26401,3300,26453.0,26541.0,0.0032510490303556683,26371.428571428572,26881.666666666668,0.0043454705610660935,0.008315975018683648,0.017716761897457634,-0.04823554726724999,-0.0024467207421247084,0.010000000000000009,2015-03-05,-0.0024869060627755735,26473.0,Train
2015-03-05,26473,26510,26599,26418,220,26539.0,26453.0,-0.0024869060627755735,26418.714285714286,26834.533333333333,0.0047403407458624265,0.008310954610928014,0.012661617320786522,-0.05070462939721021,0.005467229779018146,-0.010000000000000009,2015-03-06,-0.01567634948815777,26058.0,Train
2015-03-06,26058,26485,26530,26025,15680,26473.0,26539.0,-0.01567634948815777,26392.85714285714,26772.0,0.007992085029092084,0.008664109986973567,-0.006898128739662335,-0.06715830171117632,0.005467229779018146,0.020000000000000018,2015-03-09,0.0001535037224653646,26062.0,Train
2015-03-09,26062,26096,26177,26041,12550,26058.0,26473.0,0.0001535037224653646,26372.285714285714,26714.233333333334,0.008001144257436735,0.008659645911768512,-0.005494924826375591,-0.06234934340708764,0.012252516410966141,0.13999999999999996,2015-03-10,-0.003913744148568821,25960.0,Train
2015-03-10,25960,26050,26100,25825,21180,26062.0,26058.0,-0.003913744148568821,26298.0,26663.9,0.00630857948697364,0.008477266954772581,-0.01963746223564955,-0.05496905715325806,0.0008023553130909189,0.030000000000000027,2015-03-11,-0.00939907550077046,25716.0,Train
2015-03-11,25716,25979,25996,25691,17900,25960.0,26062.0,-0.00939907550077046,26180.14285714286,26590.733333333334,0.0062775095216084575,0.00787622213462476,-0.03108398327116535,-0.07864282899215358,0.00554874027970631,-0.030000000000000027,2015-03-12,-0.0010110437081972679,25690.0,Train
2015-03-12,25690,25750,25890,25609,21260,25716.0,25960.0,-0.0010110437081972679,26071.14285714286,26511.366666666665,0.0064080651076121025,0.0077220932442460385,-0.028843609420481586,-0.08482063339389401,0.0037644577839643922,-0.019999999999999962,2015-03-13,0.008524717789022862,25909.0,Train
2015-03-13,25909,25750,25945,25750,19760,25690.0,25716.0,0.008524717789022862,25981.14285714286,26452.1,0.007619369189945884,0.007719471262374988,-0.023738648781039262,-0.06421786397948492,-0.0032195791694886733,0.0,2015-03-14,0.0005017561465128217,25922.0,Train
2015-03-14,25922,25922,25922,25922,0,25909.0,25690.0,0.0005017561465128217,25902.428571428572,26389.033333333333,0.007761553373091857,0.007631496950134337,-0.020813659199939605,-0.06802329761990367,0.006871330568038125,0.04999999999999999,2015-03-16,-0.004822158784044461,25797.0,Train
2015-03-16,25797,25945,25967,25735,14550,25922.0,25909.0,-0.004822158784044461,25865.14285714286,26326.166666666668,0.005578122608584205,0.007632738540465546,-0.010016117890858878,-0.06812845428602388,0.006871330568038125,0.04999999999999999,2015-03-17,-0.00627979997674144,25635.0,Train
2015-03-17,25635,25741,25830,25551,20540,25797.0,25922.0,-0.00627979997674144,25804.14285714286,26281.733333333334,0.005800489859122013,0.006269371305661805,-0.016384007367047815,-0.049428952832987205,-0.002526685359731329,0.010000000000000009,2015-03-18,0.000702165008777067,25653.0,Train
2015-03-18,25653,25665,25700,25520,16400,25635.0,25797.0,0.000702165008777067,25760.285714285714,26232.866666666665,0.005854256392270124,0.0061359288739205745,-0.011825885978428374,-0.054058040488218606,-0.0005679192799851185,-0.030000000000000027,2015-03-19,0.012357229173975748,25970.0,Train
2015-03-19,25970,25712,25992,25712,21330,25653.0,25635.0,0.012357229173975748,25796.571428571428,26198.0,0.006777656193770793,0.006645255700137847,0.009877119303157489,-0.038717796861119314,-0.0015886830508240468,-0.18999999999999997,2015-03-20,0.008663842895648921,26195.0,Train
2015-03-20,26195,25996,26249,25915,18360,25970.0,25653.0,0.008663842895648921,25868.714285714286,26177.266666666666,0.007173100905536541,0.00678321004138319,0.019657454262358875,-0.023194242458142278,-0.0020791823481662863,-0.04000000000000001,2015-03-23,0.0004962779156327812,26208.0,Train
2015-03-23,26208,26195,26226,26089,11460,26195.0,25970.0,0.0004962779156327812,25911.428571428572,26163.033333333333,0.0067349407222875865,0.006689748801098375,0.011540391369794234,-0.01603153745072272,-0.009386906951764806,-0.01999999999999999,2015-03-24,0.005418192918192899,26350.0,Train
2015-03-24,26350,26180,26389,26140,14190,26208.0,26195.0,0.005418192918192899,25972.571428571428,26151.566666666666,0.006849415549330061,0.006760046321478719,0.01651107167656818,-0.012886791039184886,-0.006204329500378414,0.0,2015-03-25,0.005351043643263775,26491.0,Train
2015-03-25,26491,26313,26519,26219,14890,26350.0,26208.0,0.005351043643263775,26071.714285714286,26143.2,0.006110363554240143,0.006830817970459338,0.02690235298678134,-0.009385984593523244,-0.0005830865465690227,-0.06000000000000001,2015-03-26,0.01185308217885317,26805.0,Train
2015-03-26,26805,26519,26991,26519,16890,26491.0,26350.0,0.01185308217885317,26238.85714285714,26162.0,0.004825849354412211,0.006240328866597537,0.04564072557050913,0.021493083342860375,-0.0016582096409154534,0.009999999999999995,2015-03-27,-0.008990859914195126,26564.0,Train
2015-03-27,26564,26774,26774,26381,15740,26805.0,26491.0,-0.008990859914195126,26369.0,26174.766666666666,0.0074256304839295665,0.006467902519756133,0.03551241570186714,0.014628929376265143,0.002772351021422148,0.09,2015-03-30,-0.012234603222406215,26239.0,Train
2015-03-30,26239,26468,26468,26200,10610,26564.0,26805.0,-0.012234603222406215,26407.428571428572,26172.933333333334,0.009022141192663468,0.006827436436476652,0.010358105506353521,-0.002091731954057985,0.0031288066052166386,-0.01999999999999999,2015-03-31,-0.006783795114143065,26061.0,Train
2015-03-31,26061,26200,26310,26020,5280,26239.0,26564.0,-0.006783795114143065,26388.285714285714,26164.4,0.008868073324623823,0.006934120287010836,-0.005115480053445309,-0.009727552532583505,0.004701024215186145,0.04000000000000001,2015-04-01,0.017228809331951922,26510.0,Train
2015-04-01,26510,26122,26800,26060,1600,26061.0,26239.0,0.017228809331951922,26431.428571428572,26170.766666666666,0.011193941998085991,0.007637873052656218,0.011523199023198982,0.007257114632014838,0.0004236731813014316,-0.05000000000000002,2015-04-02,0.0014334213504338944,26548.0,Train
2015-04-02,26548,26601,26697,26460,7800,26510.0,26061.0,0.0014334213504338944,26459.714285714286,26183.1,0.011073524019628318,0.00756565717269501,0.007514231499051283,0.014134005653602344,-0.003533147926835123,-0.10999999999999999,2015-04-06,0.014803375018833886,26941.0,Train
2015-04-06,26941,26625,27038,26625,13580,26548.0,26510.0,0.014803375018833886,26524.0,26211.9,0.012194675441284641,0.00795262850856242,0.016986901211732297,0.03313264562641405,-0.007384193682047568,-0.09,2015-04-07,-0.004157232470955008,26829.0,Train
2015-04-07,26829,26925,26928,26801,8930,26941.0,26548.0,-0.004157232470955008,26527.428571428572,26234.8,0.011630483765562399,0.008005481754140108,0.0008953553441521933,0.02627955014918526,-0.000930244857445861,0.05,2015-04-08,-0.0054791457005478605,26682.0,Train
2015-04-08,26682,26842,26873,26615,11850,26829.0,26941.0,-0.0054791457005478605,26544.285714285714,26249.566666666666,0.01123780223552957,0.008069632451920267,0.004442102093058287,0.016883265368344835,0.006250259954853066,-0.030000000000000006,2015-04-09,-0.008620043475001893,26452.0,Train
2015-04-09,26452,26612,26612,26410,12460,26682.0,26829.0,-0.008620043475001893,26574.714285714286,26257.766666666666,0.010610640094240394,0.008237946710700885,0.008117687411867802,0.009387163245058394,-0.00024143062204551313,0.04,2015-04-10,0.009488885528504465,26703.0,Train
2015-04-10,26703,26482,26750,26452,13550,26452.0,26682.0,0.009488885528504465,26666.428571428572,26265.2,0.010348366261002807,0.008198827900221216,0.024634511338782028,0.00842145015105733,0.005735596876993876,0.05,2015-04-13,-0.00325806089203462,26616.0,Train
2015-04-13,26616,26703,26730,26550,10390,26703.0,26452.0,-0.00325806089203462,26681.571428571428,26267.7,0.008572473678900664,0.008215104873299831,0.003998491135420501,0.0028258166610151125,0.0039155965188468755,0.010000000000000009,2015-04-14,-0.00608656447249778,26454.0,Train
2015-04-14,26454,26569,26569,26300,8700,26616.0,26703.0,-0.00608656447249778,26668.14285714286,26267.733333333334,0.008915200947605045,0.008270531871818948,-0.0035407563658279573,3.7802895701766204e-05,0.002775177147877228,0.0,2015-04-15,0.007182278672412501,26644.0,Train
2015-04-15,26644,26450,26680,26388,12440,26454.0,26616.0,0.007182278672412501,26625.714285714286,26271.233333333334,0.006997952366838256,0.00835397999031786,-0.011024089677443283,0.003956441463506488,-0.006460276861053438,-0.04000000000000001,2015-04-16,-0.004166041134964771,26533.0,Train
2015-04-16,26533,26644,26740,26472,12930,26644.0,26454.0,-0.004166041134964771,26583.428571428572,26273.233333333334,0.006998497718592232,0.00837795305993667,-0.011032837601103296,0.002266460166962636,0.0012218053014021457,-0.03,2015-04-17,0.006369426751592355,26702.0,Train
2015-04-17,26702,26530,26730,26520,11630,26533.0,26644.0,0.006369426751592355,26586.285714285714,26294.7,0.0073188988207706,0.007898741016088113,0.0007495689978262998,0.024714099316908378,-0.008484356559422701,-0.020000000000000004,2015-04-20,0.0006366564302300315,26719.0,Train
2015-04-20,26719,26699,26849,26670,11990,26702.0,26533.0,0.0006366564302300315,26624.428571428572,26316.6,0.0062296402626355555,0.007897776676390657,0.010093754725540638,0.025209116721663705,0.0004977600796416404,-0.07,2015-04-21,0.003143830233167444,26803.0,Train
2015-04-21,26803,26745,26820,26632,14250,26719.0,26702.0,0.003143830233167444,26638.714285714286,26344.7,0.005249992962461506,0.00785566810751469,0.0037448975770513204,0.032473035439137155,0.0015160492433861084,0.03,2015-04-22,-0.011715106517927065,26489.0,Train
2015-04-22,26489,26778,26848,26459,16540,26803.0,26719.0,-0.011715106517927065,26620.571428571428,26370.466666666667,0.006964432134057064,0.00797286580969657,-0.00477156597535322,0.030059107170633093,0.000638556411763691,0.049999999999999996,2015-04-23,0.010872437615613961,26777.0,Train
2015-04-23,26777,26515,26792,26461,12510,26489.0,26803.0,0.010872437615613961,26666.714285714286,26406.7,0.007676346620612131,0.008161533885283286,0.01220987374310134,0.04231218372907741,0.00021865984973468144,0.06,2015-04-24,-0.00758113306195618,26574.0,Train
2015-04-24,26574,26734,26839,26521,12980,26777.0,26489.0,-0.00758113306195618,26656.714285714286,26428.866666666665,0.00796127323878781,0.008207286444541979,-0.0026272331481759226,0.02566675672546226,-0.003900301647096316,-0.04999999999999999,2015-04-27,0.013923383758561059,26944.0,Train
2015-04-27,26944,26624,26980,26588,12830,26574.0,26777.0,0.013923383758561059,26715.428571428572,26462.933333333334,0.009333271486460694,0.008544958928858171,0.015490144348547119,0.03942597021834726,-0.0024565349670044867,-0.030000000000000006,2015-04-28,0.0034144893111638375,27036.0,Train
2015-04-28,27036,26969,27059,26833,9360,26944.0,26574.0,0.0034144893111638375,26763.14285714286,26504.233333333334,0.009180721341903692,0.008472654746480198,0.012508426335106071,0.04802884056285617,-0.0020386195174921795,-0.010000000000000002,2015-04-29,0.002219263204616073,27096.0,Train
2015-04-29,27096,26985,27140,26953,8630,27036.0,26944.0,0.002219263204616073,26817.0,26552.933333333334,0.009166385299019378,0.008341178685470777,0.014109809498858539,0.05699239321240501,-0.0053524914111293675,0.08,2015-04-30,-0.018563625627398883,26593.0,Train
2015-04-30,26593,27056,27148,26500,10430,27096.0,27036.0,-0.018563625627398883,26787.0,26584.266666666666,0.01197283623013478,0.009138728864753858,-0.007834943849569065,0.03664288777141067,-0.005327072754496176,0.030000000000000013,2015-05-01,-0.004136426879253974,26483.0,Train
2015-05-01,26483,26572,26572,26300,2020,26593.0,27096.0,-0.004136426879253974,26786.14285714286,26601.366666666665,0.01116425126688506,0.008940881366231942,-0.00022650911699195753,0.01975356180207921,0.007159292830952291,-0.030000000000000013,2015-05-04,0.009968659139825586,26747.0,Train
2015-05-04,26747,26580,27114,26580,390,26483.0,26593.0,0.009968659139825586,26781.85714285714,26619.766666666666,0.011022166549729333,0.008984073561873442,-0.0011203644919146605,0.021072723802252336,0.003097462777271298,0.06999999999999999,2015-05-05,0.003925673907354099,26852.0,Train
2015-05-05,26852,26734,27060,26640,190,26747.0,26483.0,0.003925673907354099,26821.571428571428,26641.233333333334,0.01057067094721884,0.009002738116625577,0.010461353202378287,0.024572649572649485,0.0002811482967335355,0.06,2015-05-06,0.0028303292119766787,26928.0,Train
2015-05-06,26928,26950,27070,26835,14940,26852.0,26747.0,0.0028303292119766787,26819.285714285714,26660.5,0.009138574474421662,0.008969782111356017,-0.00059382422802845,0.021935483870967776,-0.004053264993437056,0.010000000000000009,2015-05-07,0.0008541295306001562,26951.0,Train
2015-05-07,26951,26904,27050,26862,15860,26928.0,26852.0,0.0008541295306001562,26807.14285714286,26675.833333333332,0.009027417959435917,0.008927932829935568,-0.0031439562065394,0.01736438790532624,-0.0051891113231140595,0.09000000000000002,2015-05-08,-0.0017810099810767754,26903.0,Train
2015-05-08,26903,26960,27019,26825,16350,26951.0,26928.0,-0.0017810099810767754,26779.571428571428,26679.1,0.008959256813147487,0.008679571580274376,-0.00712282255683494,0.0036560343219549374,0.004781576697693746,-0.040000000000000036,2015-05-11,-0.0018585287886109247,26853.0,Train
2015-05-11,26853,26898,26969,26786,14010,26903.0,26951.0,-0.0018585287886109247,26816.714285714286,26688.733333333334,0.004717584483946429,0.008516479632936067,0.009777008987327473,0.010879385634693595,-0.003343343400437959,-0.019999999999999962,2015-05-12,0.012177410345212802,27180.0,Train
2015-05-12,27180,26899,27225,26892,17500,26853.0,26903.0,0.012177410345212802,26916.285714285714,26720.1,0.005492431381071671,0.008433915824847336,0.02631877053203935,0.03586264720454291,0.00443618230792131,0.12,2015-05-13,0.013208241353936723,27539.0,Train
2015-05-13,27539,27131,27569,27063,21700,27180.0,26853.0,0.013208241353936723,27029.428571428572,26769.366666666665,0.006196928918972177,0.008569292540572204,0.02961079747261386,0.05671309619738296,-0.003941789521164307,0.0,2015-05-14,-0.0034496532190710916,27444.0,Train
2015-05-14,27444,27465,27599,27370,19020,27539.0,27180.0,-0.0034496532190710916,27114.0,26800.5,0.006843373050139382,0.008111184149057763,0.02204677491434537,0.03523198792908344,-0.005068050688133763,0.009999999999999953,2015-05-15,0.0010566972744496805,27473.0,Train
2015-05-15,27473,27417,27500,27260,15940,27444.0,27539.0,0.0010566972744496805,27191.85714285714,26831.333333333332,0.006889434569777389,0.0081110805374524,0.02023915626856798,0.03484254934458342,-0.0011968095300151083,-0.04999999999999999,2015-05-18,0.0056783023331998805,27629.0,Train
2015-05-18,27629,27518,27695,27513,13940,27473.0,27444.0,0.0056783023331998805,27288.714285714286,26854.266666666666,0.006893503668368292,0.0077451967023808655,0.02515676598270944,0.02553728517872389,-0.002069344630784564,-0.04999999999999999,2015-05-19,-0.011582033370733602,27309.0,Train
2015-05-19,27309,27565,27599,27266,17570,27629.0,27473.0,-0.011582033370733602,27346.714285714286,26870.266666666666,0.008873804116400902,0.008024951047680194,0.015091253763520829,0.01789108800178907,0.005639289291887506,0.06,2015-05-20,-0.0003661796477352208,27299.0,Train
2015-05-20,27299,27280,27370,27205,11460,27309.0,27629.0,-0.0003661796477352208,27410.428571428572,26890.833333333332,0.00877813724256767,0.007944792503978828,0.016608944996834518,0.023124203582939762,0.007054990688941887,0.04999999999999999,2015-05-21,-0.006190702956152205,27130.0,Train
2015-05-21,27130,27280,27339,27108,12950,27299.0,27309.0,-0.006190702956152205,27403.285714285714,26913.433333333334,0.008082214340294535,0.007857442781289416,-0.0018395879323032105,0.02563133222440639,0.0020475619109818766,-0.03999999999999998,2015-05-22,-0.0009214891264283098,27105.0,Train
2015-05-22,27105,27144,27327,27071,13440,27130.0,27299.0,-0.0009214891264283098,27341.285714285714,26926.833333333332,0.005525109497766193,0.007691989457555408,-0.01575946839028286,0.01505448825974609,-0.0017023413113808061,-0.030000000000000027,2015-05-25,0.0027670171555063128,27180.0,Train
2015-05-25,27180,27112,27197,27101,6980,27105.0,27130.0,0.0027670171555063128,27303.571428571428,26945.633333333335,0.00579390216074895,0.007668379856169497,-0.00961958898119808,0.021190261496844,0.004440087757921818,-0.009999999999999953,2015-05-26,-0.009676232523914696,26917.0,Train
2015-05-26,26917,27154,27227,26884,14640,27180.0,27105.0,-0.009676232523914696,27224.14285714286,26961.066666666666,0.0064311851041296345,0.007805160147968821,-0.020238051905507204,0.017502079080668365,0.004440087757921818,-0.009999999999999953,2015-05-27,-0.0006315711260541645,26900.0,Train
2015-05-27,26900,26929,26994,26856,9900,26917.0,27180.0,-0.0006315711260541645,27120.0,26969.6,0.005385895397407633,0.007707979395263075,-0.026385319772702642,0.009608166941900587,0.008320366712109006,-0.020000000000000018,2015-05-28,-3.7174721189581206e-05,26899.0,Train
2015-05-28,26899,26877,26950,26760,11250,26900.0,26917.0,-3.7174721189581206e-05,27061.428571428572,26981.8,0.004254593973609051,0.0076613287317148174,-0.015013365557142389,0.013794143142501714,0.0016733908370138995,0.020000000000000018,2015-05-29,-0.001226811405628414,26866.0,Train
2015-05-29,26866,26900,26949,26820,8560,26899.0,26900.0,-0.001226811405628414,26999.571428571428,26987.266666666666,0.004206588319589225,0.007585298268890392,-0.015861386863987637,0.006141862032806422,0.00011224604332693566,-0.010000000000000009,2015-06-01,-0.006551031042953959,26690.0,Train
2015-06-01,26690,26926,27014,26133,4370,26866.0,26899.0,-0.006551031042953959,26936.714285714286,26986.3,0.00426431516143322,0.007684935685718824,-0.01621820862513823,-0.0010853699614506995,-0.0016947250280584525,-0.010000000000000009,2015-06-02,0.006219557886848914,26856.0,Train
2015-06-02,26856,26743,26929,26730,820,26690.0,26866.0,0.006219557886848914,26901.14285714286,26988.066666666666,0.005367582811048741,0.007748681039833722,-0.009186496956281154,0.0019773905906055322,0.004543802253725859,0.07,2015-06-03,-0.0018617813523980065,26806.0,Train
2015-06-03,26806,26908,27000,26775,180,26856.0,26690.0,-0.0018617813523980065,26847.714285714286,26998.633333333335,0.005058522190538755,0.007433233473048609,-0.01376011773362762,0.011967231681075052,-0.00721015296976979,0.04999999999999999,2015-06-04,-0.009027829590390168,26564.0,Train
2015-06-04,26564,26840,26869,26454,40,26806.0,26856.0,-0.009027829590390168,26797.285714285714,26991.533333333333,0.00489717835719187,0.007356151831905186,-0.013114388676301214,-0.0079545878925944,-0.002878327714143647,0.11000000000000004,2015-06-05,-0.004705616624002373,26439.0,Train
2015-06-05,26439,26599,26613,26371,260,26564.0,26806.0,-0.004705616624002373,26731.428571428572,26987.033333333333,0.004966538346704243,0.0072754902958940704,-0.017137546468401488,-0.005080153533528975,0.0030920171879225133,-0.050000000000000044,2015-06-08,0.00960701993267521,26693.0,Train
2015-06-08,26693,26691,26749,26621,8060,26439.0,26564.0,0.00960701993267521,26702.0,26978.666666666668,0.006762321122291004,0.007026105939627914,-0.007658277259377622,-0.009315617577197122,0.006209115029702561,0.050000000000000044,2015-06-09,0.0022852433222193547,26754.0,Train
2015-06-09,26754,26715,26817,26665,11230,26693.0,26439.0,0.0022852433222193547,26686.0,26969.266666666666,0.00687873051489926,0.0070085892003676365,-0.004168837936425196,-0.0104305370616955,-0.00340042713023736,-0.010000000000000009,2015-06-10,0.003588248486207757,26850.0,Train
2015-06-10,26850,26750,26958,26730,10570,26754.0,26693.0,0.003588248486207757,26708.85714285714,26961.066666666666,0.006466093676615364,0.00703015416981254,0.005994754589734086,-0.009078830823737838,-0.005109146543060605,0.020000000000000018,2015-06-11,-0.0029050279329608797,26772.0,Train
2015-06-11,26772,26864,26864,26681,9480,26850.0,26754.0,-0.0029050279329608797,26696.85714285714,26967.033333333333,0.006118822804164139,0.006152366886246132,-0.003127792672028562,0.006731094648967817,-0.0039548575742911485,0.06999999999999995,2015-06-12,3.7352457791683946e-05,26773.0,Train
2015-06-12,26773,26770,26860,26725,9190,26772.0,26850.0,3.7352457791683946e-05,26692.14285714286,26976.7,0.006086849464395626,0.006096885082466604,-0.0012310676714168967,0.010950421024808366,0.002738089499705554,-0.06999999999999995,2015-06-15,0.005303850894557982,26915.0,Train
2015-06-15,26915,26795,26997,26625,14250,26773.0,26772.0,0.005303850894557982,26742.285714285714,26982.3,0.0049019340236169376,0.00590024694047714,0.013213371480198743,0.006281078251766603,-0.0018087835812595765,-0.010000000000000009,2015-06-16,-0.003120936280884279,26831.0,Train
2015-06-16,26831,26938,26958,26760,9780,26915.0,26773.0,-0.003120936280884279,26798.285714285714,26981.6,0.0045722148692608515,0.005888115893461329,0.0148265819433413,-0.0007820646506777607,0.00091972257239048,-0.040000000000000036,2015-06-17,-0.0025343818717155076,26763.0,Train
2015-06-17,26763,26828,26828,26690,8430,26831.0,26915.0,-0.0025343818717155076,26808.285714285714,26976.1,0.0034114050363355576,0.005880359268847122,0.0026224103697598533,-0.006127450980392135,0.00045660851197504293,-0.07,2015-06-18,0.010013825056981673,27031.0,Train
2015-06-18,27031,26760,27120,26760,15630,26763.0,26831.0,0.010013825056981673,26847.85714285714,26978.766666666666,0.005008097122090429,0.006167147853219325,0.01035359198624497,0.0029683499684611814,0.00010089837270732538,-0.020000000000000018,2015-06-19,-0.0026636084495579304,26959.0,Train
2015-06-19,26959,27020,27061,26901,7990,27031.0,26763.0,-0.0026636084495579304,26863.428571428572,26980.633333333335,0.005126211831658008,0.006178609717172487,0.004059590316573658,0.0020815522432442446,-0.009013935770993298,0.040000000000000036,2015-06-22,-0.013724544678956896,26589.0,Train
2015-06-22,26589,26941,26941,26570,11550,26959.0,27031.0,-0.013724544678956896,26837.285714285714,26971.833333333332,0.007456981522589585,0.006667934434895579,-0.006835499775885268,-0.009831303764942456,0.0033072634202964135,-0.06,2015-06-23,-0.004174658693444688,26478.0,Train
2015-06-23,26478,26650,26676,26461,9710,26589.0,26959.0,-0.004174658693444688,26795.14285714286,26948.433333333334,0.007533063808071275,0.006268526823752557,-0.011018563478130905,-0.025827814569536423,-0.0006164082177646524,0.06999999999999995,2015-06-24,-0.0022660321776569736,26418.0,Train
2015-06-24,26418,26510,26559,26361,9930,26478.0,26589.0,-0.0022660321776569736,26724.14285714286,26911.066666666666,0.006900778307135185,0.0056806963776438015,-0.018465539661898567,-0.04070590798503937,0.005534015406425619,0.030000000000000027,2015-06-25,-0.0020062078885608736,26365.0,Train
2015-06-25,26365,26470,26494,26342,7830,26418.0,26478.0,-0.0020062078885608736,26657.571428571428,26875.1,0.006900655108618102,0.005668562880752119,-0.017367969885580092,-0.03931642617694209,0.002683834145844388,-0.020000000000000018,2015-06-26,0.001289588469561842,26399.0,Train
2015-06-26,26399,26383,26468,26292,9710,26365.0,26418.0,0.001289588469561842,26605.571428571428,26839.3,0.007045416044903021,0.005672089145058978,-0.013600866868437755,-0.03909292760164529,-0.0009477450819842526,0.010000000000000009,2015-06-29,0.004128944278192437,26508.0,Train
2015-06-29,26508,26482,26716,26461,8860,26399.0,26365.0,0.004128944278192437,26530.85714285714,26801.933333333334,0.005581209344983576,0.005612984732836207,-0.01934815582109428,-0.040573310651851324,0.0024502715458567526,0.07999999999999996,2015-06-30,-0.007808963331824348,26301.0,Train
2015-06-30,26301,26452,26470,26211,7760,26508.0,26399.0,-0.007808963331824348,26436.85714285714,26768.333333333332,0.0058943212260107476,0.005414923386092456,-0.02440743351014507,-0.036910908491706085,-0.0003110563134094413,-0.10999999999999993,2015-07-01,-0.004524542793049702,26182.0,Train
2015-07-01,26182,26275,26380,26160,1790,26301.0,26508.0,-0.004524542793049702,26378.714285714286,26731.1,0.0039378022027541084,0.005444958993820852,-0.015307081875963746,-0.040917249716106774,0.0013216956433865779,0.019999999999999962,2015-07-02,-0.006034680314719987,26024.0,Train
2015-07-02,26024,26164,26246,25985,470,26182.0,26301.0,-0.006034680314719987,26313.85714285714,26694.233333333334,0.00415068740689123,0.005440275416435966,-0.017146310144270704,-0.04076667895318831,0.004609501957864914,0.06000000000000005,2015-07-03,0.014179219182293368,26393.0,Train
2015-07-03,26393,26010,26800,26005,270,26024.0,26182.0,0.014179219182293368,26310.285714285714,26670.5,0.00754507500138356,0.006137336847517947,-0.0009463244757362821,-0.02626821619627373,-0.0009298187741156871,-0.050000000000000044,2015-07-06,-0.0021975523813132503,26335.0,Train
2015-07-06,26335,26393,26397,26205,11600,26393.0,26024.0,-0.0021975523813132503,26306.0,26642.333333333332,0.007553427673583246,0.00610275741745748,-0.0011378721790251678,-0.031089036055923502,-0.0009298187741156871,-0.050000000000000044,2015-07-07,-0.011505600911334679,26032.0,Train
2015-07-07,26032,26271,26288,25886,19000,26335.0,26393.0,-0.011505600911334679,26253.571428571428,26612.833333333332,0.00862278542852243,0.006200444121625484,-0.013902041744005444,-0.032878849797525755,0.002092402437176455,-0.06,2015-07-08,0.007298709280885163,26222.0,Train
2015-07-08,26222,26011,26250,25870,17350,26032.0,26335.0,0.007298709280885163,26212.714285714286,26590.233333333334,0.009067954423498809,0.006387126073433661,-0.01078919571450132,-0.02520446096654272,0.006073685084982072,-0.02999999999999997,2015-07-09,-0.005758523377316749,26071.0,Train
2015-07-09,26071,26130,26250,26050,14660,26222.0,26032.0,-0.005758523377316749,26179.85714285714,26562.633333333335,0.008861460534163881,0.006447739381817684,-0.008744914642028867,-0.030781813450314166,-0.0028909402978151144,-0.010000000000000009,2015-07-10,0.0,26071.0,Train
2015-07-10,26071,26080,26175,26030,12140,26071.0,26222.0,0.0,26164.0,26536.133333333335,0.008744528161513011,0.006450282636034403,-0.004239553891986825,-0.02959130499516116,0.0008011284652760242,0.07999999999999996,2015-07-13,-0.001457558206436227,26033.0,Train
2015-07-13,26033,26122,26125,25952,12040,26071.0,26071.0,-0.001457558206436227,26165.285714285714,26514.233333333334,0.008433761307788147,0.006365076880368597,0.00034583461420223394,-0.024615961034095135,-0.0032214727662364107,0.08000000000000007,2015-07-14,-0.003802865593669602,25934.0,Train
2015-07-14,25934,26026,26095,25911,11830,26033.0,26071.0,-0.003802865593669602,26099.714285714286,26483.5,0.005727976747807513,0.00624524224535463,-0.01739097487970298,-0.03433124813821864,0.00346879576170811,0.029999999999999916,2015-07-15,-0.0031618724454384184,25852.0,Train
2015-07-15,25852,25987,25987,25774,14060,25934.0,26033.0,-0.0031618724454384184,26030.714285714286,26451.7,0.005731392629379209,0.006254891113736513,-0.01834061135371179,-0.03558904722823253,-0.0009350754613333123,-0.019999999999999907,2015-07-16,-0.003017174686678059,25774.0,Train
2015-07-16,25774,25824,25824,25720,10570,25852.0,25934.0,-0.003017174686678059,25993.85714285714,26425.366666666665,0.004244984991274347,0.006089189165335245,-0.009910878918254484,-0.029739497063695275,0.004936534917192592,-0.040000000000000036,2015-07-17,-0.010436874369519678,25505.0,Train
2015-07-17,25505,25780,25780,25482,13120,25774.0,25852.0,-0.010436874369519678,25891.428571428572,26394.233333333334,0.0033832426733182174,0.006296235302367438,-0.02734345206315303,-0.035326600854797885,0.0014599837614996947,0.0,2015-07-20,-0.018153303273867882,25042.0,Train
2015-07-20,25042,25480,25480,24910,23100,25505.0,25774.0,-0.018153303273867882,25744.428571428572,26339.2,0.006393322225123809,0.006684352328874529,-0.03946914195849793,-0.061851421721050515,0.0033723882018181772,-0.010000000000000009,2015-07-21,-0.005351010302691472,24908.0,Train
2015-07-21,24908,24997,25065,24881,14620,25042.0,25505.0,-0.005351010302691472,25578.285714285714,26277.666666666668,0.005896192566461959,0.006656770560754021,-0.04460895247593111,-0.06899902818270165,0.0014465059970112382,0.050000000000000044,2015-07-22,-0.008832503613296905,24688.0,Train
2015-07-22,24688,24850,24850,24591,20050,24908.0,25042.0,-0.008832503613296905,25386.14285714286,26205.6,0.005493729262068385,0.006660388251057556,-0.051665194176621965,-0.08052141527001866,-0.002806952336090851,-0.030000000000000027,2015-07-23,0.0021872974724561622,24742.0,Train
2015-07-23,24742,24786,24919,24716,18270,24688.0,24908.0,0.0021872974724561622,25215.85714285714,26137.933333333334,0.006539275564679165,0.006721514772169376,-0.045962828719056104,-0.07582548931719713,0.0036202835519740795,0.0,2015-07-24,-0.0005254223587422002,24729.0,Train
2015-07-24,24729,24701,24829,24470,19480,24742.0,24688.0,-0.0005254223587422002,25055.428571428572,26069.8,0.006844529096751922,0.006714673078051463,-0.043439579142812934,-0.07634557203152426,-0.0002316566113601537,-0.040000000000000036,2015-07-27,0.007319341663633683,24910.0,Train
2015-07-27,24910,24694,25034,24671,21500,24729.0,24742.0,0.007319341663633683,24932.0,26002.966666666667,0.008569492873979175,0.006806167601378756,-0.03352215410879178,-0.0744937767044399,0.0023989370750252537,0.020000000000000018,2015-07-28,-0.005700521878763576,24768.0,Train
2015-07-28,24768,24837,24870,24714,14790,24910.0,24729.0,-0.005700521878763576,24826.714285714286,25934.2,0.008233160406617696,0.006829821057534398,-0.02889629484414824,-0.07688867354925277,-0.0029811754820788794,-0.010000000000000009,2015-07-29,-0.0015746124031007502,24729.0,Train
2015-07-29,24729,24784,24849,24705,14890,24768.0,24910.0,-0.0015746124031007502,24782.0,25866.4,0.005446925543536505,0.00683258364630648,-0.01249900167718232,-0.07600044838022646,-3.956118367065553e-05,0.010000000000000009,2015-07-30,0.00040438351732774436,24739.0,Train
2015-07-30,24739,24702,24824,24581,17050,24729.0,24768.0,0.00040438351732774436,24757.85714285714,25790.0,0.005249285483271062,0.006434052225330772,-0.006784968684759862,-0.08479153564426034,-0.0007737737618009888,0.010000000000000009,2015-07-31,0.0020211002869963135,24789.0,Train
2015-07-31,24789,24680,24919,24551,15360,24739.0,24729.0,0.0020211002869963135,24772.285714285714,25717.666666666668,0.003987862397372841,0.006497255873445342,0.004091056383668246,-0.08049259987388258,0.0076313947920887415,-0.010000000000000009,2015-08-03,-0.003751664044535863,24696.0,Train
2015-08-03,24696,24823,24886,24666,2830,24789.0,24739.0,-0.003751664044535863,24765.714285714286,25654.566666666666,0.004216650966632517,0.006164188821456288,-0.0018591868078571272,-0.07119485501523182,-0.005947942481596025,-0.04999999999999999,2015-08-04,-0.002348558471007456,24638.0,Train
2015-08-04,24638,24670,24704,24540,290,24696.0,24789.0,-0.002348558471007456,24752.714285714286,25593.233333333334,0.004291546599666634,0.006155483420076731,-0.0036798900076833174,-0.06949165344814567,0.003972168164005252,0.0,2015-08-05,-0.0037746570338501595,24545.0,Train
2015-08-05,24545,24614,24635,24500,100,24638.0,24696.0,-0.0037746570338501595,24700.571428571428,25530.8,0.002648564389564062,0.006160683973630368,-0.014652749899638717,-0.0708986297221591,9.522588679100608e-05,0.06,2015-08-06,0.005988999796292527,24692.0,Train
2015-08-06,24692,24583,24745,24530,10620,24545.0,24638.0,0.005988999796292527,24689.714285714286,25475.033333333333,0.003538331630612906,0.006349677908792047,-0.003068475452196351,-0.06345533851697327,0.005654414215138681,0.05999999999999994,2015-08-07,0.004211890490847248,24796.0,Train
2015-08-07,24796,24682,24872,24615,19130,24692.0,24545.0,0.004211890490847248,24699.285714285714,25421.6,0.003886166200748811,0.006426427645044963,0.0027093695660964645,-0.060721997045342646,-0.001092478286994103,-0.019999999999999907,2015-08-10,0.00927568962735914,25026.0,Train
2015-08-10,25026,24800,25096,24774,14670,24796.0,24692.0,0.00927568962735914,24740.285714285714,25372.2,0.005136010950997102,0.006661891959991522,0.011601115647358329,-0.05590765052059754,-0.002592005249630769,-0.040000000000000036,2015-08-11,0.01186765763605857,25323.0,Train
2015-08-11,25323,25045,25430,25002,20870,25026.0,24796.0,0.01186765763605857,24816.571428571428,25339.6,0.006435306035421912,0.007018570518598895,0.021541812900883528,-0.03718489791262691,-0.00223414987170778,0.030000000000000027,2015-08-12,0.02270663033605813,25898.0,Train
2015-08-12,25898,25400,25923,25400,23190,25323.0,25026.0,0.02270663033605813,24988.285714285714,25330.133333333335,0.009015646313999296,0.008234501238006996,0.048671849692257796,-0.010847146894813253,0.006898787560752462,-0.06000000000000005,2015-08-13,-0.005212757741910545,25763.0,Train
2015-08-13,25763,25785,25859,25700,14690,25898.0,25323.0,-0.005212757741910545,25149.0,25321.433333333334,0.009551593941432707,0.008216216204195813,0.04566117379657442,-0.010029203811866005,-0.004373949488114093,0.030000000000000027,2015-08-14,-0.00492955013003149,25636.0,Train
2015-08-14,25636,25706,25832,25605,13490,25763.0,25898.0,-0.00492955013003149,25304.85714285714,25296.2,0.009764981081060487,0.0077840761687462436,0.044448971277245786,-0.02868184745955371,0.003992125372834332,0.04999999999999993,2015-08-17,0.01123420190357316,25924.0,Train
2015-08-17,25924,25710,25999,25710,13380,25636.0,25763.0,0.01123420190357316,25480.85714285714,25282.5,0.009939276897548605,0.008089561552853973,0.04989470273772878,-0.01560660717676099,0.00013557471395087006,0.010000000000000009,2015-08-18,-0.0013115259990742478,25890.0,Train
2015-08-18,25890,25920,25971,25732,15150,25924.0,25636.0,-0.0013115259990742478,25637.14285714286,25277.766666666666,0.010407750412993006,0.007820641174817575,0.04412001935796095,-0.005454824830977256,0.0020569991648273778,0.0,2015-08-19,0.007493240633449139,26084.0,Train
2015-08-19,26084,25870,26115,25801,15890,25890.0,25924.0,0.007493240633449139,25788.285714285714,25273.166666666668,0.010342498489834847,0.007827110538842793,0.04227603292575721,-0.005262756464037843,0.0009705520525495892,0.040000000000000036,2015-08-20,0.024497776414660333,26723.0,Train
2015-08-20,26723,26145,26746,26145,21390,26084.0,25890.0,0.024497776414660333,25988.285714285714,25294.9,0.012431829444611284,0.008948064431881442,0.05528570864431548,0.025008630278853916,0.001658950897230227,-0.06999999999999995,2015-08-21,0.013733488006586025,27090.0,Train
2015-08-21,27090,26780,27177,26676,27330,26723.0,26084.0,0.013733488006586025,26158.571428571428,25328.866666666665,0.011018815305124168,0.009248686335200948,0.04602672021005483,0.0390855740094358,-0.002948386039355988,-0.020000000000000018,2015-08-24,0.007382798080472597,27290.0,Train
2015-08-24,27290,27100,27689,27070,27660,27090.0,26723.0,0.007382798080472597,26376.714285714286,25370.766666666666,0.009741618980712685,0.009297841480291965,0.05927104762644109,0.04828486920447128,0.00033240182112614924,-0.010000000000000009,2015-08-25,-0.025467204104067442,26595.0,Train
2015-08-25,26595,27250,27250,26533,23410,27290.0,27090.0,-0.025467204104067442,26513.714285714286,25392.8,0.015675585974255276,0.01049709083864116,0.03740833203307847,0.025487776663839057,-0.0019401821065638813,0.0,2015-08-26,-0.009550667418687708,26341.0,Train
2015-08-26,26341,26602,26694,26075,20090,26595.0,27290.0,-0.009550667418687708,26573.285714285714,25409.1,0.016333523408228797,0.010645931616975803,0.016085480635704474,0.01891536438186603,0.003718709804185538,0.06999999999999995,2015-08-27,-0.005466762841198181,26197.0,Train
2015-08-27,26197,26271,26360,26102,13820,26341.0,26595.0,-0.005466762841198181,26617.14285714286,25423.2,0.016564629248156146,0.010684586561821299,0.011857860177674873,0.016411887949095982,0.0021868888175937684,0.06000000000000005,2015-08-28,0.011184486773294644,26490.0,Train
2015-08-28,26490,26220,26600,26220,11900,26197.0,26341.0,0.011184486773294644,26675.14285714286,25456.033333333333,0.016832542278159855,0.010643726099403426,0.015565097377702841,0.03861987845520476,-0.0008799003804460526,-0.050000000000000044,2015-08-31,0.0018875047187618677,26540.0,Train
2015-08-31,26540,26490,26600,26363,6820,26490.0,26197.0,0.0018875047187618677,26649.0,25505.966666666667,0.01375854645691836,0.009988197760053736,-0.006848033529169628,0.05981950323456586,0.0017016130930076478,-0.020000000000000018,2015-09-01,0.0031273549359458475,26623.0,Train
2015-09-01,26623,26636,26847,26530,2330,26540.0,26490.0,0.0031273549359458475,26582.285714285714,25563.133333333335,0.012394940176796623,0.009892914294170635,-0.01723883351790334,0.06885338044001932,-0.000987608361329162,0.0,2015-09-02,-0.007737670435337907,26417.0,Train
2015-09-02,26417,26594,26639,26200,630,26623.0,26540.0,-0.007737670435337907,26457.571428571428,25620.766666666666,0.011701074348084426,0.009852485099616684,-0.031989739831440045,0.07003402462734942,-0.0010084830154275526,0.020000000000000018,2015-09-03,-0.008365825036908081,26196.0,Train
2015-09-03,26196,26432,26474,26130,250,26417.0,26623.0,-0.008365825036908081,26400.571428571428,25669.233333333334,0.007719968013417802,0.010043403145984741,-0.015002820078962253,0.058766469970091384,0.003144392153596298,0.040000000000000036,2015-09-04,0.0022904260192395665,26256.0,Train
2015-09-04,26256,26325,26490,26001,250,26196.0,26417.0,0.0022904260192395665,26388.428571428572,25720.133333333335,0.00709542410489943,0.010032584779730484,-0.003226908621540514,0.06174936309596024,0.000529793434713044,0.0,2015-09-07,0.009521633150517905,26506.0,Train
2015-09-07,26506,26595,26620,26465,9330,26256.0,26196.0,0.009521633150517905,26432.571428571428,25773.333333333332,0.007571272300524251,0.010080430304398293,0.011795243730198024,0.06407065435568038,0.002211866501408144,-0.020000000000000018,2015-09-08,-0.0026409114917377297,26436.0,Train
2015-09-08,26436,26500,26567,26391,14030,26506.0,26256.0,-0.0026409114917377297,26424.85714285714,25828.933333333334,0.006397373242781629,0.010013823632697802,-0.0020385050962626883,0.06734496124031009,0.002211866501408144,-0.020000000000000018,2015-09-09,-0.013882584354667826,26069.0,Train
2015-09-09,26069,26450,26486,26010,16520,26436.0,26506.0,-0.013882584354667826,26357.571428571428,25873.6,0.008067983223420056,0.010418728750780445,-0.017746797287113814,0.054187391321929734,-0.0027686320113624596,0.050000000000000044,2015-09-10,0.004219571138133427,26179.0,Train
2015-09-10,26179,26150,26299,26062,16920,26069.0,26436.0,0.004219571138133427,26294.14285714286,25921.6,0.008204955298287289,0.010424225472354639,-0.016677309093640846,0.05820768826549183,0.0011580028557451882,-0.020000000000000018,2015-09-11,-0.007563314106726726,25981.0,Train
2015-09-11,25981,26190,26209,25918,15490,26179.0,26069.0,-0.007563314106726726,26231.85714285714,25961.333333333332,0.008186190591264854,0.010567544358621053,-0.016504523602225873,0.048085844527814725,-0.00260902882643288,-0.010000000000000009,2015-09-14,0.00373349755590624,26078.0,Train
2015-09-14,26078,26045,26128,25970,12160,25981.0,26179.0,0.00373349755590624,26215.0,26007.4,0.007977964258037573,0.010524604177669214,-0.0045045045045044585,0.05596047942986715,-0.00020066327346879298,-0.030000000000000027,2015-09-15,-0.003681263900605858,25982.0,Train
2015-09-15,25982,26089,26095,25956,12790,26078.0,25981.0,-0.003681263900605858,26175.85714285714,26052.2,0.00793436673765883,0.01054581633551063,-0.010435709932967718,0.05454988229564095,-0.00099809331630063,0.010000000000000009,2015-09-16,0.011661919790624253,26285.0,Train
2015-09-16,26285,25994,26367,25967,20080,25982.0,26078.0,0.011661919790624253,26144.285714285714,26110.2,0.008452849908104201,0.010639315715365387,-0.008337734852486234,0.07089020167040139,0.001257007886842132,0.09999999999999998,2015-09-17,-0.004146851816625441,26176.0,Train
2015-09-17,26176,26212,26273,26113,7410,26285.0,25982.0,-0.004146851816625441,26107.14285714286,26159.666666666668,0.008515613104548663,0.010680309883872505,-0.009835073384778292,0.0601004373886278,-0.0048563170082267515,0.010000000000000009,2015-09-18,0.011460880195599099,26476.0,Train
2015-09-18,26476,26300,26591,26300,23100,26176.0,26285.0,0.011460880195599099,26165.285714285714,26215.666666666668,0.007658379375249641,0.010813195223568193,0.015612413211093745,0.06775286336505881,0.0001734753469735395,-0.09999999999999998,2015-09-21,-0.004947877322858396,26345.0,Train
2015-09-21,26345,26488,26550,26281,17900,26476.0,26176.0,-0.004947877322858396,26189.0,26259.633333333335,0.008038004905019654,0.010806076015509803,0.006340960311700172,0.05270518660592982,-0.0027669513227244202,-0.050000000000000044,2015-09-22,-0.003909660277092386,26242.0,Train
2015-09-22,26242,26320,26470,26180,22310,26345.0,26476.0,-0.003909660277092386,26226.285714285714,26290.266666666666,0.007494761952015658,0.01068089446677785,0.010045802701974527,0.03629111874580415,0.007511621659768819,0.08000000000000007,2015-09-23,0.00891700327718925,26476.0,Train
2015-09-23,26476,26240,26509,26210,16309,26242.0,26345.0,0.00891700327718925,26283.14285714286,26309.533333333333,0.007996890570756199,0.010000442426339434,0.015261906587928475,0.02231832573943926,0.005018916969597331,-0.030000000000000027,2015-09-24,0.01846955733494493,26965.0,Train
2015-09-24,26965,26510,27078,26462,28450,26476.0,26242.0,0.01846955733494493,26423.571428571428,26349.6,0.009521964378856319,0.01043594823451932,0.03783388499730589,0.04665605713620313,0.003885007378815919,0.010000000000000009,2015-09-25,-0.008195809382532948,26744.0,Train
2015-09-25,26744,26900,26900,26634,10770,26965.0,26476.0,-0.008195809382532948,26489.14285714286,26386.533333333333,0.010260235281126526,0.010522811786512636,0.01746243104432188,0.043220471212357614,-0.0016420508345971196,0.0,2015-09-28,-0.008824409213281537,26508.0,Train
2015-09-28,26508,26746,26746,26361,16510,26744.0,26965.0,-0.008824409213281537,26536.571428571428,26406.0,0.010899291298945065,0.010517927302595011,0.012683374083129584,0.02252738774880414,-0.0006541319785294819,0.06999999999999995,2015-09-29,-0.009619737437754683,26253.0,Train
2015-09-29,26253,26574,26590,26228,18830,26508.0,26744.0,-0.009619737437754683,26504.714285714286,26418.1,0.010712820127416162,0.010683417642437288,-0.008422722465629251,0.014020857473928228,0.00016970077891764745,0.0,2015-09-30,-0.017140898183064746,25803.0,Train
2015-09-30,25803,26211,26371,25737,22290,26253.0,26508.0,-0.017140898183064746,26427.285714285714,26408.733333333334,0.012304614531560523,0.01106867013465762,-0.02057316378819507,-0.01077288759392736,0.0011715446614370961,-0.04999999999999993,2015-10-01,-0.0008138588536216185,25782.0,Train
2015-10-01,25782,25780,25863,25680,6120,25803.0,26253.0,-0.0008138588536216185,26361.571428571428,26377.366666666665,0.01231792839708068,0.010028986108669799,-0.017529151741483173,-0.03521311230026569,-0.0017108747250539347,-0.010000000000000009,2015-10-05,0.012101466139166961,26094.0,Train
2015-10-05,26094,26159,26263,25960,1350,25782.0,25803.0,0.012101466139166961,26307.0,26344.166666666668,0.01285514674385363,0.00994960635702323,-0.014428161353678859,-0.03676633444075306,-0.003091570090747897,-0.07999999999999996,2015-10-06,0.016019008201119123,26512.0,Train
2015-10-06,26512,26300,26621,26272,16740,26094.0,25782.0,0.016019008201119123,26242.285714285714,26318.233333333334,0.01222249425600614,0.010324372583658547,-0.016799554978676023,-0.028508611212898494,-0.0023134472622550195,0.050000000000000044,2015-10-07,-0.002376282438141253,26449.0,Train
2015-10-07,26449,26555,26675,26320,18410,26512.0,26094.0,-0.002376282438141253,26200.14285714286,26313.366666666665,0.011953838804847478,0.0092337499297457,-0.011030511516601837,-0.005489753713104006,-0.0027832983987432502,-0.030000000000000027,2015-10-08,-0.0037052440545956022,26351.0,Train
2015-10-08,26351,26400,26499,26240,15300,26449.0,26512.0,-0.0037052440545956022,26177.714285714286,26313.7,0.011583496127799736,0.009088910714407235,-0.005922740304813656,0.00037963630841653107,-0.002913641270743561,0.0,2015-10-09,0.006223672725892859,26515.0,Train
2015-10-09,26515,26311,26595,26263,16340,26351.0,26449.0,0.006223672725892859,26215.14285714286,26324.3,0.01110898774840344,0.009094723626987326,0.009979811831028806,0.012138794518456342,-0.0015571473061350982,0.010000000000000009,2015-10-12,0.006147463699792466,26678.0,Train
2015-10-12,26678,26626,26820,26527,16370,26515.0,26351.0,0.006147463699792466,26340.14285714286,26330.566666666666,0.007509701175858365,0.008934654449357197,0.03391078556756977,0.007097017742544454,-0.00517122500574585,0.039999999999999925,2015-10-13,0.007271909438488544,26872.0,Train
2015-10-13,26872,26640,26916,26503,20360,26678.0,26515.0,0.007271909438488544,26495.85714285714,26341.633333333335,0.007113805425813421,0.009021834155362661,0.042277557986191816,0.012509419743782946,-0.00517122500574585,0.039999999999999925,2015-10-14,0.008038106579339122,27088.0,Train
2015-10-14,27088,26920,27164,26756,21560,26872.0,26678.0,0.008038106579339122,26637.85714285714,26357.133333333335,0.006681260658951486,0.009116074261796187,0.03809304821031656,0.017466100739961687,0.003059273071979618,-0.039999999999999925,2015-10-15,0.0019935026580035764,27142.0,Train
2015-10-15,27142,27130,27228,26940,20300,27088.0,26872.0,0.0019935026580035764,26727.85714285714,26381.3,0.004793180098806948,0.008980650036118462,0.023762824381412084,0.027444448650490116,-0.0026276849227553356,-0.040000000000000036,2015-10-16,-0.0041632893670326965,27029.0,Train
2015-10-16,27029,27102,27102,26942,13690,27142.0,27088.0,-0.0041632893670326965,26810.714285714286,26409.066666666666,0.005182077090985003,0.00886245707170755,0.021928995425157805,0.0317987479004429,-0.004190630143212637,0.040000000000000036,2015-10-19,-0.005438602981982288,26882.0,Train
2015-10-19,26882,26950,26950,26803,11290,27029.0,27142.0,-0.005438602981982288,26886.571428571428,26429.933333333334,0.0055878330527579095,0.008938133529059207,0.020151037911274816,0.02384216940889705,0.003022994080084773,0.020000000000000018,2015-10-20,0.00412915705676653,26993.0,Train
2015-10-20,26993,26821,27058,26756,15060,26882.0,27029.0,0.00412915705676653,26954.85714285714,26446.166666666668,0.005432074435813146,0.008810506534587913,0.018027531585894874,0.01837319852108954,0.0035799610259497072,0.029999999999999916,2015-10-21,-0.006372022376171627,26821.0,Train
2015-10-21,26821,27036,27080,26801,12720,26993.0,26882.0,-0.006372022376171627,26975.285714285714,26459.0,0.006079651821584137,0.008884507308242771,0.005360221905690077,0.01456347405053715,-0.0004479557675677315,0.010000000000000009,2015-10-22,-0.003131874277618296,26737.0,Train
2015-10-22,26737,26850,26877,26715,6530,26821.0,26993.0,-0.003131874277618296,26956.0,26481.266666666666,0.005469072335419524,0.008491669751858782,-0.005023816612086951,0.025624304729755742,0.004004141332104139,-0.010000000000000009,2015-10-23,-0.002281482589669759,26676.0,Train
2015-10-23,26676,26759,26965,26602,16270,26737.0,26821.0,-0.002281482589669759,26897.14285714286,26497.833333333332,0.003878679526830172,0.00848641806503097,-0.015209686946249246,0.01898468237900608,0.002364845783997316,-0.020000000000000018,2015-10-26,0.0004873294346978696,26689.0,Train
2015-10-26,26689,26750,26790,26642,8550,26676.0,26737.0,0.0004873294346978696,26832.428571428572,26521.433333333334,0.0036431530934057017,0.008343439725972507,-0.01669000073686533,0.027250683191563096,0.0036234189006691953,0.010000000000000009,2015-10-27,0.003784330623103127,26790.0,Train
2015-10-27,26790,26678,26820,26650,8790,26689.0,26676.0,0.003784330623103127,26798.285714285714,26545.166666666668,0.004196869460038386,0.008344033813202647,-0.008842354508120875,0.02730270726282691,-0.0020283810349995823,0.010000000000000009,2015-10-28,0.005225830533781339,26930.0,Train
2015-10-28,26930,26824,27033,26797,12540,26790.0,26689.0,0.005225830533781339,26805.14285714286,26576.766666666666,0.0043598554119577745,0.008332687257402441,0.0017855814299532202,0.03648679855284431,0.0025279265104722892,-0.020000000000000018,2015-10-29,-0.017081321945785377,26470.0,Train
2015-10-29,26470,26800,26800,26450,12520,26930.0,26790.0,-0.017081321945785377,26730.428571428572,26582.933333333334,0.007479536443219045,0.008734486966947843,-0.019375393620568282,0.0070382347346396035,-0.002299807670550935,0.06000000000000005,2015-10-30,-0.00434454098979975,26355.0,Train
2015-10-30,26355,26464,26464,26281,8800,26470.0,26930.0,-0.00434454098979975,26663.85714285714,26588.9,0.0073548863979358515,0.008738008500517872,-0.017374445397263294,0.006838325183374128,0.005215297722831691,0.040000000000000036,2015-11-02,-0.004818819958262166,26228.0,Train
2015-11-02,26228,26450,26450,26181,3900,26355.0,26470.0,-0.004818819958262166,26591.14285714286,26580.633333333335,0.007407355890157461,0.008521502481584444,-0.019037289149867243,-0.009366973863121353,-0.005418366674698638,-0.040000000000000036,2015-11-03,-0.01391642519444869,25863.0,Train
2015-11-03,25863,26240,26310,25833,1250,26228.0,26355.0,-0.01391642519444869,26475.0,26564.566666666666,0.008515475849695156,0.008842240817852405,-0.030476833108412094,-0.01829569178212187,9.890398056766614e-05,0.020000000000000018,2015-11-04,-0.00839036461354059,25646.0,Train
2015-11-04,25646,25950,25993,25126,1190,25863.0,26228.0,-0.00839036461354059,26326.0,26544.7,0.00832870400031544,0.008937791739260719,-0.03907977069204538,-0.022711683560704188,0.00022863613104107117,0.0,2015-11-05,0.00565390314279024,25791.0,Train
2015-11-05,25791,25661,25917,25661,270,25646.0,25863.0,0.00565390314279024,26183.285714285714,26521.866666666665,0.008703174938647563,0.00883565356157298,-0.037290033594624905,-0.025872488291282636,0.004262363484633935,0.030000000000000027,2015-11-06,-0.009809623512077814,25538.0,Train
2015-11-06,25538,25834,25918,25485,17490,25791.0,25646.0,-0.009809623512077814,25984.428571428572,26474.3,0.007407924085944342,0.008189939326520993,-0.051689565540289695,-0.05292045243834598,0.001050455272553874,0.029999999999999916,2015-11-09,0.006304330801158997,25699.0,Train
2015-11-09,25699,25619,25780,25619,13210,25538.0,25791.0,0.006304330801158997,25874.285714285714,26439.466666666667,0.007651571446984836,0.008225934667998813,-0.029127313940309763,-0.03907418486389469,0.008392116950073136,0.040000000000000036,2015-11-10,-0.0036966418926805966,25604.0,Train
2015-11-10,25604,25710,25750,25510,11940,25699.0,25538.0,-0.0036966418926805966,25767.0,26409.333333333332,0.007653291877181843,0.008116634756009915,-0.028495541642951983,-0.03410291232835372,0.0013502111214804824,0.010000000000000009,2015-11-11,-0.004452429307920669,25490.0,Train
2015-11-11,25490,25523,25548,25477,2700,25604.0,25699.0,-0.004452429307920669,25661.571428571428,26383.9,0.007648777972853541,0.007983872182204123,-0.028137867927405802,-0.029063345141507657,0.0007211074494779535,0.010000000000000009,2015-11-12,-0.00584542958022749,25341.0,Train
2015-11-12,25341,25480,25555,25223,9560,25490.0,25604.0,-0.00584542958022749,25587.0,26368.5,0.006422559395405219,0.007442033019660856,-0.02018327340215753,-0.017904894779676828,0.0007211074494779535,0.010000000000000009,2015-11-13,0.0018547018665404646,25388.0,Train
2015-11-13,25388,25395,25519,25351,10870,25341.0,25490.0,0.0018547018665404646,25550.14285714286,26355.366666666665,0.006120697474554086,0.007455019828559428,-0.010060048350620021,-0.01528197967574274,-0.0017447690413324723,0.010000000000000009,2015-11-16,-0.0011028832519300868,25360.0,Train
2015-11-16,25360,25488,25740,25336,16640,25388.0,25341.0,-0.0011028832519300868,25488.571428571428,26330.9,0.005294922720763097,0.007065843504821157,-0.016711255864448882,-0.028129071817275975,0.0020564150040476292,-0.020000000000000018,2015-11-17,-0.012697160883280767,25038.0,Train
2015-11-17,25038,25284,25375,24978,17530,25360.0,25388.0,-0.012697160883280767,25417.14285714286,26281.766666666666,0.006030451034527023,0.006622248219958264,-0.01957866708434486,-0.05559746529873266,0.0017272714288774083,0.0,2015-11-18,0.0027957504593019156,25108.0,Train
2015-11-18,25108,25000,25180,25000,13280,25038.0,25360.0,0.0027957504593019156,25332.714285714286,26237.066666666666,0.005241301234393686,0.006676086124987114,-0.022997003774465896,-0.05070134976747698,0.0008394233108388605,-0.040000000000000036,2015-11-19,0.00796558865700181,25308.0,Train
2015-11-19,25308,25199,25442,25110,20140,25108.0,25038.0,0.00796558865700181,25290.428571428572,26202.3,0.006736725886159629,0.006892422346522816,-0.011560693641618491,-0.03958104056772038,0.0004647680033049717,-0.010000000000000009,2015-11-20,-0.002212739054844315,25252.0,Train
2015-11-20,25252,25356,25496,25214,16280,25308.0,25108.0,-0.002212739054844315,25256.428571428572,26160.2,0.006633296254124313,0.006744445395868917,-0.00933699489996076,-0.047633415048085936,-0.007043036924771928,-0.029999999999999916,2015-11-23,-0.0028512593061935654,25180.0,Train
2015-11-23,25180,25235,25287,25084,13970,25252.0,25308.0,-0.0028512593061935654,25233.428571428572,26110.266666666666,0.006384748664185655,0.006586087086421774,-0.006353340436446864,-0.05615113576729891,0.001837330797518133,-0.020000000000000018,2015-11-24,0.004964257347100931,25305.0,Train
2015-11-24,25305,25199,25395,25173,13980,25180.0,25252.0,0.004964257347100931,25221.571428571428,26058.033333333333,0.006707752896345944,0.006487974508450226,-0.0032692610682212297,-0.05831348615659426,0.002975490226776012,-0.020000000000000018,2015-11-25,-0.0029638411381149865,25230.0,Train
2015-11-25,25230,25250,25280,25154,7600,25305.0,25180.0,-0.0029638411381149865,25203.0,25996.1,0.006774563205568183,0.006207014612384648,-0.005126182965299653,-0.06859125812167755,-0.003110268703311325,-0.020000000000000018,2015-11-26,0.0022988505747125743,25288.0,Train
2015-11-26,25288,25260,25346,25250,8980,25230.0,25305.0,0.0022988505747125743,25238.714285714286,25934.3,0.00425694751984531,0.006214623410816529,0.009984823068935222,-0.06830742023432324,0.001161377834325572,0.0,2015-11-27,-0.00858114520721287,25071.0,Train
2015-11-27,25071,25221,25281,24981,13070,25288.0,25230.0,-0.00858114520721287,25233.428571428572,25869.033333333333,0.005605849593380199,0.006310989813568876,-0.0014736339015453126,-0.07244071182803657,0.001161377834325572,0.0,2015-11-30,0.001715129033544649,25114.0,Train
2015-11-30,25114,24961,25180,24950,10330,25071.0,25288.0,0.001715129033544649,25205.714285714286,25810.1,0.004472102479315123,0.006330627540467967,-0.007665560297139273,-0.06576891600327361,0.003474729564514778,0.0,2015-12-01,-0.0038225690849724714,25018.0,Train
2015-12-01,25018,25189,25250,24975,3710,25114.0,25071.0,-0.0038225690849724714,25172.285714285714,25744.266666666666,0.0045795565393881525,0.0062200139626380725,-0.009266592745129087,-0.07316711740080761,0.0005129922409923271,0.0,2015-12-02,-0.004916460148692958,24895.0,Train
2015-12-02,24895,25169,25190,24860,240,25018.0,25114.0,-0.004916460148692958,25131.571428571428,25680.066666666666,0.004757698405324898,0.0061944804102429234,-0.011318506751390012,-0.07180940307967643,-0.002017090973829516,-0.040000000000000036,2015-12-03,0.005944968869250777,25043.0,Train
2015-12-03,25043,24890,25149,24803,40,24895.0,25018.0,0.005944968869250777,25094.14285714286,25623.6,0.004992385629389791,0.006379553470278139,-0.010353685042481686,-0.06335789355574672,0.0023021333756714224,0.040000000000000036,2015-12-04,0.023479615062093284,25631.0,Train
2015-12-04,25631,25110,25750,25066,90,25043.0,24895.0,0.023479615062093284,25151.428571428572,25588.766666666666,0.010568557056940169,0.007912232885064749,0.015893777249306407,-0.03917378917378922,-0.006503428360393859,0.09999999999999998,2015-12-07,-0.0073348679333619105,25443.0,Train
2015-12-07,25443,25589,25620,25410,9900,25631.0,25043.0,-0.0073348679333619105,25173.571428571428,25547.233333333334,0.011178769479386695,0.007979866506282764,0.006129389433723542,-0.04668590055828248,-0.0008455697608488189,-0.039999999999999925,2015-12-08,-0.0007467672837322414,25424.0,Train
2015-12-08,25424,25406,25515,25275,11440,25443.0,25631.0,-0.0007467672837322414,25224.0,25501.7,0.01043573567073614,0.007917831129850646,0.014080012763751037,-0.050989175065322856,0.006807038870854543,-0.010000000000000009,2015-12-09,0.002949968533668912,25499.0,Train
2015-12-09,25499,25470,25637,25333,15120,25424.0,25443.0,0.002949968533668912,25279.0,25454.0,0.010439654896211263,0.007859748740332097,0.015330094767858515,-0.053137764574823665,0.0021628485133422526,0.010000000000000009,2015-12-10,-0.0067061453390329095,25328.0,Train
2015-12-10,25328,25455,25455,25303,10140,25499.0,25424.0,-0.0067061453390329095,25323.285714285714,25415.933333333334,0.010769597475936001,0.007377086562841723,0.01239107842353504,-0.04314318095957692,-0.0031693003460731006,0.009999999999999898,2015-12-11,0.009988945041061292,25581.0,Train
2015-12-11,25581,25300,25610,25162,18050,25328.0,25499.0,0.009988945041061292,25421.285714285714,25390.133333333335,0.010691236269341773,0.007642071099357751,0.027555734083149153,-0.029368241320432587,0.0006720633771808426,0.040000000000000036,2015-12-14,-0.012704741800555142,25256.0,Train
2015-12-14,25256,25518,25539,25241,14420,25581.0,25328.0,-0.012704741800555142,25451.714285714286,25357.733333333334,0.012309430789649033,0.007910127038858147,0.008505370762288855,-0.0370596309287784,0.003986026194649828,-0.05999999999999994,2015-12-15,-0.0032863477985428657,25173.0,Train
2015-12-15,25173,25256,25317,25111,12670,25256.0,25581.0,-0.0032863477985428657,25386.285714285714,25334.733333333334,0.007467216402028281,0.007552126960887966,-0.017868986773828532,-0.026679039554576067,0.00033181120120095997,0.10999999999999999,2015-12-16,0.0079052953561356,25372.0,Train
2015-12-16,25372,25235,25400,25122,13480,25173.0,25256.0,0.0079052953561356,25376.14285714286,25325.6,0.008038968259569587,0.007578819958252047,-0.002790551428683674,-0.010683927318100306,0.0009649487681382407,0.020000000000000018,2015-12-17,-0.023884597193756907,24766.0,Train
2015-12-17,24766,25302,25302,24671,20770,25372.0,25173.0,-0.023884597193756907,25282.14285714286,25291.433333333334,0.011999998390608347,0.00862159578645109,-0.025881057268722474,-0.03974254584932724,0.0011119882970984651,0.039999999999999925,2015-12-18,0.009892594686263356,25011.0,Train
2015-12-18,25011,24802,25146,24781,15390,24766.0,25372.0,0.009892594686263356,25212.428571428572,25273.866666666665,0.012892688513686882,0.008702230204605954,-0.019138005411976966,-0.02063591510689955,0.007357522675295325,-0.06999999999999995,2015-12-21,0.011634880652512836,25302.0,Train
2015-12-21,25302,25067,25335,25051,14980,25011.0,24766.0,0.011634880652512836,25208.714285714286,25260.633333333335,0.013772930473197074,0.008901436060361818,-0.001026531901452965,-0.015448071909412775,-0.004691713151820931,-0.040000000000000036,2015-12-22,-0.0049798434906331845,25176.0,Train
2015-12-22,25176,25242,25316,25155,12140,25302.0,25011.0,-0.0049798434906331845,25150.85714285714,25246.366666666665,0.01309726896642991,0.00892048581750961,-0.015832062859153284,-0.01671613810342132,0.0011537405646178112,0.020000000000000018,2015-12-23,-0.006831903400063566,25004.0,Train
2015-12-23,25004,25150,25170,24992,10710,25176.0,25302.0,-0.006831903400063566,25114.85714285714,25230.166666666668,0.012486303621597241,0.008967082887316097,-0.009977827050997812,-0.01906630051000391,-0.0017934230573896093,0.030000000000000027,2015-12-24,0.0057190849464086035,25147.0,Train
2015-12-24,25147,25040,25180,25035,5610,25004.0,25176.0,0.0057190849464086035,25111.14285714286,25223.7,0.012717054694126118,0.008982487396770662,-0.0010328526595956289,-0.0076555779172092775,-0.00023230958122433254,-0.020000000000000018,2015-12-28,-0.0027836322424146243,25077.0,Train
2015-12-28,25077,25136,25142,25062,8710,25147.0,25004.0,-0.0027836322424146243,25069.0,25213.333333333332,0.012231183208129331,0.008985514594949999,-0.011626990383099445,-0.01224988183393727,-0.0011936242265960795,-0.030000000000000027,2015-12-29,0.0011564381704349813,25106.0,Train
2015-12-29,25106,25129,25243,25092,10210,25077.0,25147.0,0.0011564381704349813,25117.571428571428,25204.866666666665,0.007294584161461394,0.008988642789391193,0.013728498748283968,-0.010015772870662465,-3.0959861865964555e-05,0.010000000000000009,2015-12-30,-0.0035449693300406704,25017.0,Train
2015-12-30,25017,25175,25224,25003,11240,25106.0,25077.0,-0.0035449693300406704,25118.428571428572,25204.166666666668,0.006597794176155682,0.008704057557269211,0.00023989444644345603,-0.0008387251377905969,0.0010641676271891942,0.050000000000000044,2015-12-31,-0.0025982332014230503,24952.0,Train
2015-12-31,24952,25032,25058,24880,6110,25017.0,25106.0,-0.0025982332014230503,25068.428571428572,25198.966666666667,0.0041858958762489495,0.008700210084885108,-0.013832898585092068,-0.006213159152461345,0.0026889606809088473,-0.020000000000000018,2016-01-01,-0.00036069252965698073,24943.0,Train
2016-01-01,24943,24976,25071,24900,2120,24952.0,25017.0,-0.00036069252965698073,25035.14285714286,25186.8,0.003993941215674643,0.008563423726885688,-0.009254845884969831,-0.014422317053895961,-0.0011262819388616618,-0.040000000000000036,2016-01-04,0.019243876037365215,25423.0,Train
2016-01-04,25423,25234,25505,25030,750,24943.0,24952.0,0.019243876037365215,25095.0,25192.5,0.008073570541071842,0.00927728718487632,0.016757318828987344,0.006771740852209662,-0.0011262819388616618,-0.040000000000000036,2016-01-05,0.0002753412264484556,25430.0,Train
2016-01-05,25430,25360,25486,25360,170,25423.0,24943.0,0.0002753412264484556,25135.428571428572,25200.833333333332,0.007962507894401427,0.009258597651041303,0.011253827494333235,0.00992851469420164,0.007204685957391099,-0.040000000000000036,2016-01-06,0.012819504522217917,25756.0,Train
2016-01-06,25756,25440,25789,25421,24140,25430.0,25423.0,0.012819504522217917,25232.428571428572,25215.866666666665,0.0086742133422424,0.009500892224259722,0.027076604059496745,0.017822564710531452,0.000923269635904278,0.0,2016-01-07,0.013589066625252277,26106.0,Train
2016-01-07,26106,25800,26130,25780,25320,25756.0,25430.0,0.013589066625252277,25375.285714285714,25245.066666666666,0.009280965838713164,0.009761896856975507,0.03983111606787215,0.03472057074910828,0.0030875623222879067,-0.039999999999999925,2016-01-08,-0.004481728338313062,25989.0,Train
2016-01-08,25989,26035,26095,25785,23700,26106.0,25756.0,-0.004481728338313062,25514.14285714286,25268.433333333334,0.009440721265121351,0.009813562277166335,0.0388535795658953,0.027720658019614097,0.00029576583721357963,0.010000000000000009,2016-01-11,-0.0043095155642771665,25877.0,Train
2016-01-11,25877,26075,26110,25831,19910,25989.0,26106.0,-0.0043095155642771665,25646.285714285714,25295.3,0.00970381262542759,0.009700718899722351,0.03707117665918558,0.03214869769853612,0.0031216310980395345,-0.010000000000000009,2016-01-12,-0.007265138926459747,25689.0,Train
2016-01-12,25689,25876,25966,25630,20160,25877.0,25989.0,-0.007265138926459747,25752.85714285714,25314.466666666667,0.010672187447798158,0.009818940963436535,0.02990819067473849,0.022895596081866643,3.8257709145783636e-05,0.06999999999999995,2016-01-13,0.0023745572034723494,25750.0,Train
2016-01-13,25750,25660,25794,25530,18360,25689.0,25877.0,0.0023745572034723494,25799.571428571428,25338.866666666665,0.008386558799826822,0.009783431230177579,0.012862368721236583,0.02925893356783127,0.0025988163169841094,-0.030000000000000027,2016-01-14,-0.0038058252427184414,25652.0,Train
2016-01-14,25652,25800,26028,25609,24080,25750.0,25689.0,-0.0038058252427184414,25831.285714285714,25364.1,0.008652517345255703,0.009762318386377498,0.008729846637829386,0.030407712392046538,-0.0014768525263456622,-0.039999999999999925,2016-01-15,0.018478091376890715,26126.0,Train
2016-01-15,26126,25630,26220,25630,29460,25652.0,25750.0,0.018478091376890715,25884.14285714286,25400.2,0.010060645052620491,0.010235924962172125,0.01436558471812388,0.043245617537834846,0.0021026119808065236,0.020000000000000018,2016-01-18,-0.0021434586235933306,26070.0,Train
2016-01-18,26070,26073,26110,25971,14090,26126.0,25652.0,-0.0021434586235933306,25879.0,25414.833333333332,0.008731239305632443,0.009367640510992164,-0.0013789933348655747,0.017127696929499336,0.0030836004111465254,0.0,2016-01-19,-0.00023014959723821615,26064.0,Train
2016-01-19,26064,26041,26085,25873,20910,26070.0,26126.0,-0.00023014959723821615,25889.714285714286,25435.533333333333,0.008526357739252716,0.00924895080482982,0.0028858363153640987,0.024407499115670417,0.0030836004111465254,0.0,2016-01-20,0.019145181092694807,26563.0,Train
2016-01-20,26563,26100,26661,26100,32270,26064.0,26070.0,0.019145181092694807,25987.714285714286,25473.5,0.010683360953271328,0.009825905915124642,0.026510028210379843,0.044800188797986085,0.0006488659102612537,0.010000000000000009,2016-01-21,-0.014042088619508286,26190.0,Train
2016-01-21,26190,26473,26513,26150,28390,26563.0,26064.0,-0.014042088619508286,26059.285714285714,25496.533333333333,0.012069634909377687,0.010221721375756401,0.01950251080228882,0.02709910192556575,0.0046133721306733655,0.009999999999999898,2016-01-22,-0.0008400152730049237,26168.0,Train
2016-01-22,26168,26254,26301,26113,16830,26190.0,26563.0,-0.0008400152730049237,26119.0,25524.533333333333,0.012150520903654519,0.010126028166738944,0.016233009708737756,0.03316487681617186,-0.003149983927776434,0.050000000000000044,2016-01-25,0.008521858758789413,26391.0,Train
2016-01-25,26391,26170,26444,26170,16219,26168.0,26190.0,0.008521858758789413,26224.571428571428,25551.533333333333,0.011999338846190472,0.01008526812844715,0.02880866988928732,0.03166412571830657,-0.003149983927776434,-0.020000000000000018,2016-01-27,0.013072638399454384,26736.0,Train
2016-01-27,26736,26450,26819,26450,15510,26391.0,26168.0,0.013072638399454384,26311.714285714286,25600.866666666665,0.011058947619679902,0.009966962232630844,0.02334838857842758,0.0585999366487171,-0.003149983927776434,-0.039999999999999925,2016-01-28,-0.0013090963494912788,26701.0,Train
2016-01-28,26701,26850,26900,26600,16510,26736.0,26391.0,-0.0013090963494912788,26401.85714285714,25651.8,0.01099411567783889,0.009937649890460929,0.024204065976217937,0.06069995630238756,-0.0040919684126938805,-0.030000000000000027,2016-01-29,0.0002996142466573648,26709.0,Train
2016-01-29,26709,26679,26763,26527,15260,26701.0,26736.0,0.0002996142466573648,26494.0,25696.366666666665,0.010966155018747096,0.009879012869186939,0.024746777163904277,0.0526958852278101,-0.002478601178958928,-0.040000000000000036,2016-02-01,0.009884308660002228,26973.0,Train
2016-02-01,26973,26755,27049,26645,3570,26709.0,26701.0,0.009884308660002228,26552.571428571428,25769.933333333334,0.009185097667562614,0.008711017664393172,0.015435003576403261,0.08911410805136066,0.0030436790068597563,-0.04999999999999993,2016-02-02,0.0012975938901864659,27008.0,Train
2016-02-02,27008,27782,27782,26861,1050,26973.0,26709.0,0.0012975938901864659,26669.428571428572,25836.5,0.005898719430216873,0.00861342508276289,0.03123329515082096,0.07984486825796644,-0.0020766077919515125,0.039999999999999925,2016-02-03,0.010256220379146974,27285.0,Train
2016-02-03,27285,27134,27325,26976,440,27008.0,26973.0,0.010256220379146974,26829.0,25902.6,0.005738976173710736,0.00856710958608394,0.042685723020483124,0.07837325112639326,0.0019066512562309068,-0.05999999999999994,2016-02-04,0.013597214586769324,27656.0,Train
2016-02-04,27656,27235,27800,27207,110,27285.0,27008.0,0.013597214586769324,27009.714285714286,25985.266666666666,0.006393480267869096,0.008674520456453382,0.047933007464666,0.0985065141404513,-0.008122679636184182,-0.010000000000000009,2016-02-05,-0.0031819496673416436,27568.0,Train
2016-02-05,27568,27770,28113,26850,190,27656.0,27285.0,-0.0031819496673416436,27128.571428571428,26070.733333333334,0.006651807627215622,0.008554120797043038,0.031119090365050894,0.10254359302511595,-0.008840075941591974,0.010000000000000009,2016-02-08,0.028982878699941983,28367.0,Train
2016-02-08,28367,27496,28429,27496,29380,27568.0,27656.0,0.028982878699941983,27366.571428571428,26178.066666666666,0.010845407356090108,0.00975208545015321,0.06239466686640949,0.1280470831510716,0.006094125766276992,0.020000000000000018,2016-02-09,-0.0014805936475481563,28325.0,Train
2016-02-09,28325,28345,28423,28078,24630,28367.0,27568.0,-0.0014805936475481563,27597.428571428572,26286.333333333332,0.011094160719841763,0.009723367426813095,0.06050394997940778,0.1295210750887268,0.0012389155988750122,-0.010000000000000009,2016-02-10,-0.004024713150926784,28211.0,Train
2016-02-10,28211,28238,28250,27935,20530,28325.0,28367.0,-0.004024713150926784,27774.285714285714,26389.833333333332,0.012008495014266754,0.009823199898041956,0.04589774960145321,0.12367561539074323,-0.0026923557544844545,0.010000000000000009,2016-02-11,0.05299351316862211,29706.0,Train
2016-02-11,29706,28250,30000,28250,46400,28211.0,28325.0,0.05299351316862211,28159.714285714286,26546.133333333335,0.020891833639892582,0.013185620353653383,0.09989632701421791,0.1874325458688093,0.0014080804717551132,-0.030000000000000027,2016-02-12,-0.014104894634080711,29287.0,Train
2016-02-12,29287,29517,29722,29251,24730,29706.0,28211.0,-0.014104894634080711,28445.714285714286,26690.633333333335,0.023466049765229455,0.013599948879598341,0.07337364852483041,0.17373356845142673,-0.0009029843106476143,-0.04999999999999999,2016-02-15,-0.02362823095571409,28595.0,Train
2016-02-15,28595,29251,29251,28521,19540,29287.0,29706.0,-0.02362823095571409,28579.85714285714,26812.366666666665,0.026625401598321302,0.014571048038054264,0.03395284929129305,0.14641382351762022,0.0010045146232631197,0.03999999999999998,2016-02-16,0.0071690855044588275,28800.0,Train
2016-02-16,28800,28550,28969,28111,31580,28595.0,29287.0,0.0071690855044588275,28755.85714285714,26924.933333333334,0.026376384806344546,0.01431907577898404,0.04468949506674402,0.1328324745309366,0.0010045146232631197,0.03999999999999998,2016-02-17,-0.0006597222222222143,28781.0,Train
2016-02-17,28781,28790,28940,28637,21680,28800.0,28595.0,-0.0006597222222222143,28815.0,27036.633333333335,0.024488041220004534,0.014329070802451153,0.014594423097261,0.1317734958710184,0.001673677506054183,0.040000000000000036,2016-02-18,0.014905666933046069,29210.0,Train
2016-02-18,29210,28780,29270,28614,22300,28781.0,28800.0,0.014905666933046069,28941.428571428572,27151.766666666666,0.02484440423173215,0.014377161868944993,0.0312444836716681,0.13410467463891917,-0.005477310344526365,0.0,2016-02-19,0.007600136939404312,29432.0,Train
2016-02-19,29432,29229,29547,29180,25790,29210.0,28781.0,0.007600136939404312,29115.85714285714,27262.633333333335,0.024553612785299123,0.014285045702306261,0.043280989684874704,0.12740366199341158,0.00023097852338871405,-0.020000000000000018,2016-02-22,-0.01753193802663766,28916.0,Train
2016-02-22,28916,29340,29340,28762,21110,29432.0,29210.0,-0.01753193802663766,29003.0,27360.2,0.014707965454347403,0.014746704240597458,-0.02659395408335019,0.11262457193428,0.0005803861104207719,-0.010000000000000009,2016-02-23,0.010997371697330172,29234.0,Train
2016-02-23,29234,29095,29317,29077,22080,28916.0,29432.0,0.010997371697330172,28995.428571428572,27472.1,0.014822214135157118,0.014725981444763872,-0.0018096766483423066,0.12972910306449736,-0.0011636090484204997,-0.03999999999999998,2016-02-24,0.00988574946979548,29523.0,Train
2016-02-24,29523,29310,29884,29210,31230,29234.0,28916.0,0.00988574946979548,29128.0,27599.9,0.01086398262208225,0.014598798745636186,0.032453226088477116,0.14924675931332487,0.0031083294091187597,-0.040000000000000036,2016-02-25,0.007180842055346748,29735.0,Train
2016-02-25,29735,29470,29765,29363,26250,29523.0,29234.0,0.007180842055346748,29261.571428571428,27732.733333333334,0.010864442594572626,0.014598211745703023,0.03246527777777786,0.15475728155339796,-4.7294989358737105e-05,-0.02999999999999997,2016-02-26,-0.014965528838069564,29290.0,Train
2016-02-26,29290,29588,29692,29135,25740,29735.0,29523.0,-0.014965528838069564,29334.285714285714,27854.0,0.01313299484276538,0.014965517367683314,0.017685278482332034,0.14182130048339303,-0.0021844311545077266,-0.07,2016-02-29,0.005018777739842939,29437.0,Train
2016-02-29,29437,29236,29625,29236,14790,29290.0,29735.0,0.005018777739842939,29366.714285714286,27964.366666666665,0.012075797216541943,0.014733129710938613,0.007771311194796349,0.12673199111995714,0.003937775078079575,0.02999999999999997,2016-03-01,-0.011550090022760418,29097.0,Train
2016-03-01,29097,29600,29754,29080,3940,29437.0,29290.0,-0.011550090022760418,29318.85714285714,28065.266666666666,0.012536533417383564,0.014968557838988343,-0.011382169067681414,0.11611047180667433,-0.0011279102708033895,-0.02999999999999997,2016-03-02,0.004192872117400492,29219.0,Train
2016-03-02,29219,29009,29240,28960,1000,29097.0,29437.0,0.004192872117400492,29362.14285714286,28170.433333333334,0.010438989571268764,0.014949515545698731,0.01047862774934294,0.12104818907305104,-0.002759935505217803,0.02999999999999997,2016-03-03,0.005544337588555326,29381.0,Train
2016-03-03,29381,29209,29525,29120,990,29219.0,29097.0,0.005544337588555326,29383.14285714286,28264.366666666665,0.009799224037072413,0.014675682001442845,0.005028391598823179,0.10608741482513273,-0.0011410865777498058,-0.019999999999999962,2016-03-04,0.004696912970967526,29519.0,Train
2016-03-04,29519,29684,29983,29233,330,29381.0,29219.0,0.004696912970967526,29382.571428571428,28375.333333333332,0.009169724728654776,0.014298593369451183,-0.00013548758594994492,0.12710958381061466,-0.004818250121928158,-0.030000000000000027,2016-03-07,0.0026423659338052907,29597.0,Train
2016-03-07,29597,29875,29960,29556,14020,29519.0,29381.0,0.0026423659338052907,29362.85714285714,28489.633333333335,0.008728605735731391,0.014271265692503629,-0.004640995459895714,0.13103790889636202,-0.005381983996213591,0.07,2016-03-08,0.00750076021218371,29819.0,Train
2016-03-08,29819,29760,30147,29760,38490,29597.0,29519.0,0.00750076021218371,29438.428571428572,28603.9,0.006399150953699764,0.014261842205300284,0.018060771594400782,0.12989276647341907,-0.00014914944863531066,0.06,2016-03-09,-0.007444917669941931,29597.0,Train
2016-03-09,29597,29750,29750,29317,34880,29819.0,29597.0,-0.007444917669941931,29461.285714285714,28699.266666666666,0.00728015678194525,0.014312365334822543,0.0054353364812991245,0.10700927588270503,0.0019942835274489035,-0.06,2016-03-10,0.011183565901949466,29928.0,Train
2016-03-10,29928,29500,29950,29088,52190,29597.0,29819.0,0.011183565901949466,29580.0,28806.833333333332,0.005767464231078163,0.014349545102636597,0.028559645324260252,0.1208568967454402,-0.003719211495261332,0.020000000000000018,2016-03-11,-0.014167334937182585,29504.0,Train
2016-03-11,29504,29905,29920,29470,36900,29928.0,29597.0,-0.014167334937182585,29620.714285714286,28900.0,0.008973081058461502,0.014713483562678506,0.00975392723912516,0.10464637388146314,-6.848900795897173e-05,0.06,2016-03-14,-0.010168112798264684,29204.0,Train
2016-03-14,29204,29449,29570,29140,30930,29504.0,29928.0,-0.010168112798264684,29595.428571428572,28974.366666666665,0.009705436691856018,0.0148646907555667,-0.006024301419284561,0.08271234197160116,-0.006031893156945745,-0.010000000000000009,2016-03-15,-0.005273250239693161,29050.0,Train
2016-03-15,29050,29109,29249,28885,33260,29204.0,29504.0,-0.005273250239693161,29528.428571428572,29042.433333333334,0.009489641544106194,0.014935193284147552,-0.015888072089162875,0.07560722748815163,0.003828496254731917,0.010000000000000009,2016-03-16,-0.002753872633390664,28970.0,Train
2016-03-16,28970,29080,29157,28935,22580,29050.0,29204.0,-0.002753872633390664,29438.85714285714,29098.6,0.009242240789383077,0.014892203786172934,-0.021184579518194413,0.06175554333883082,0.0034385675874217814,0.019999999999999962,2016-03-17,0.013358646876078684,29357.0,Train
2016-03-17,29357,29044,29590,29044,37830,28970.0,29050.0,0.013358646876078684,29372.85714285714,29155.3,0.01052898749697988,0.014885917968501512,-0.015493477313122561,0.06150564072895581,0.0019670470749724167,-0.10999999999999999,2016-03-18,-0.007562080594066156,29135.0,Train
2016-03-18,29135,29400,29460,29011,27150,29357.0,28970.0,-0.007562080594066156,29306.85714285714,29207.533333333333,0.010538838978587334,0.014960775730155407,-0.015609690171301094,0.05684126523505517,-0.020668422952066834,-0.019999999999999962,2016-03-21,-0.006795949888450337,28937.0,Train
2016-03-21,28937,29102,29119,28831,24490,29135.0,29357.0,-0.006795949888450337,29165.285714285714,29226.533333333333,0.008777959788126276,0.014134885820278493,-0.0331128040630847,0.02009377093101139,-0.0004056317624155925,-0.07,2016-03-22,0.0038013615786018917,29047.0,Train
2016-03-22,29047,28950,29337,28893,32240,28937.0,29135.0,0.0038013615786018917,29100.0,29250.6,0.008177254572772892,0.014138927524509452,-0.015489425162689807,0.025489849955869337,0.0030507191110160647,0.010000000000000009,2016-03-23,-0.016490515371639036,28568.0,Train
2016-03-23,28568,29000,29000,28510,33730,29047.0,28937.0,-0.016490515371639036,29009.14285714286,29262.5,0.00945370073108409,0.01446902950162382,-0.021777838652239367,0.012654638261671014,0.00045784155250738756,0.02999999999999997,2016-03-24,-0.00028003360403250355,28560.0,Train
2016-03-24,28560,28503,28626,28450,7430,28568.0,29047.0,-0.00028003360403250355,28939.14285714286,29224.3,0.009450965874711647,0.0105433633681991,-0.016867469879518038,-0.03857806503736616,0.006856356797731111,-0.010000000000000009,2016-03-28,-0.0056022408963585235,28400.0,Train
2016-03-28,28400,28452,28487,28250,16660,28560.0,28568.0,-0.0056022408963585235,28857.714285714286,29194.733333333334,0.009530282828658098,0.010297486997537164,-0.019675526406627508,-0.03028647522791683,-0.0004131787937325937,0.040000000000000036,2016-03-29,0.00760563380281698,28616.0,Train
2016-03-29,28616,28388,28666,28281,26080,28400.0,28560.0,0.00760563380281698,28751.85714285714,29195.433333333334,0.0080358872369765,0.009473984484741025,-0.025240998739653242,0.0007343941248469932,-0.0036861477787381025,-0.010000000000000009,2016-03-30,-0.011007827788649727,28301.0,Train
2016-03-30,28301,28627,28692,28226,20040,28616.0,28400.0,-0.011007827788649727,28632.714285714286,29178.8,0.008414398956178876,0.009584773245618856,-0.02862536468165433,-0.017326388888888933,0.0001418849869518901,-0.13,2016-03-31,0.004946821667078938,28441.0,Train
2016-03-31,28441,28290,28539,28290,14340,28301.0,28616.0,0.004946821667078938,28561.85714285714,29167.466666666667,0.008943563425061725,0.009636834057013665,-0.01714068493624077,-0.011813349084465408,-0.010267244661212427,-0.020000000000000018,2016-04-01,-0.01353679547132658,28056.0,Train
2016-04-01,28056,28410,28530,27955,5970,28441.0,28301.0,-0.01353679547132658,28420.285714285714,29129.0,0.00932226050585299,0.009481958422982804,-0.03411712052879812,-0.03950701814447111,-0.002821370932258871,-0.01999999999999999,2016-04-04,0.0010692899914457321,28086.0,Train
2016-04-04,28086,28096,28187,28032,660,28056.0,28441.0,0.0010692899914457321,28351.428571428572,29084.133333333335,0.00794770388795739,0.009344570748000137,-0.016872024642957117,-0.04573253601522154,0.003444351345671448,0.010000000000000009,2016-04-05,0.016947945595670477,28562.0,Train
2016-04-05,28562,28224,28699,28190,260,28086.0,28056.0,0.016947945595670477,28351.714285714286,29072.333333333332,0.010851033883892258,0.00942693357111759,7.002801120448154e-05,-0.012242357172499663,0.00091570359128057,-0.03,2016-04-06,0.0003151039843147796,28571.0,Train
2016-04-06,28571,28700,28749,28510,17370,28562.0,28086.0,0.0003151039843147796,28376.14285714286,29050.233333333334,0.010563039384103905,0.009181403533142004,0.006021126760563433,-0.0226790723130601,0.004973790452242666,0.0,2016-04-07,0.014035210528157815,28972.0,Train
2016-04-07,28972,28639,29030,28618,27690,28571.0,28562.0,0.014035210528157815,28427.0,29031.866666666665,0.011482273322851965,0.009375935983249631,0.012440592675426299,-0.018663414964603886,-0.0037233726130666556,0.03,2016-04-08,0.002588706337153024,29047.0,Train
2016-04-08,29047,29000,29074,28765,22560,28972.0,28571.0,0.002588706337153024,28533.571428571428,29008.933333333334,0.010004735473935983,0.009281787499280516,0.02635949259743464,-0.02313771649571217,0.0031926625756437677,-0.05000000000000002,2016-04-11,0.00712638138189825,29254.0,Train
2016-04-11,29254,29099,29315,29063,21300,29047.0,28972.0,0.00712638138189825,28649.714285714286,29007.733333333334,0.010081211134538215,0.008985751893664965,0.02858549277451572,-0.0012290884260839352,-0.004205159098041644,0.020000000000000018,2016-04-12,-0.00013673343816233974,29250.0,Train
2016-04-12,29250,29190,29395,29152,21900,29254.0,29047.0,-0.00013673343816233974,28820.285714285714,29001.5,0.00697157088478997,0.008935579633048989,0.04255774165953796,-0.006352549512518291,-0.004034547682376433,0.03,2016-04-13,-0.004170940170940218,29128.0,Train
2016-04-13,29128,29212,29212,28980,18810,29250.0,29254.0,-0.004170940170940218,28969.14285714286,29002.533333333333,0.007818238026939593,0.008710348446714363,0.03710033468632057,0.0010654019314706442,-0.0014530469430548143,0.04999999999999999,2016-04-14,-0.01362949739082675,28731.0,Train
2016-04-14,28731,29020,29050,28705,13420,29128.0,29250.0,-0.01362949739082675,28993.285714285714,28986.266666666666,0.008683190111870454,0.009021817980793849,0.005916952594356095,-0.01670146137787054,0.0029831718510964222,-0.010000000000000009,2016-04-15,0.0065086491942500935,28918.0,Train
2016-04-15,28918,28799,28950,28772,8790,28731.0,29128.0,0.0065086491942500935,29042.85714285714,28970.833333333332,0.00892865746298612,0.009045862421231793,0.01214518217773275,-0.015758483373608745,0.00023151594827108823,0.03,2016-04-18,0.0005878691472438469,28935.0,Train
2016-04-18,28935,28950,29128,28901,18450,28918.0,28731.0,0.0005878691472438469,29037.571428571428,28951.366666666665,0.007108591848752696,0.008995589141237981,-0.0012770951263288977,-0.019783868017209216,0.00021966231910752754,-0.03999999999999998,2016-04-19,0.011059270779332886,29255.0,Train
2016-04-19,29255,29050,29299,29050,13290,28935.0,28918.0,0.011059270779332886,29067.285714285714,28939.966666666667,0.008279216154324648,0.009229286564862707,0.007160808345095804,-0.011555225191742458,-0.0018521997253916345,0.009999999999999981,2016-04-20,-0.00020509314647065846,29249.0,Train
2016-04-20,29249,29289,29345,29101,19010,29255.0,28935.0,-0.00020509314647065846,29066.571428571428,28920.966666666667,0.007834073533551164,0.009109825207640596,-0.00017091679770286916,-0.01911532915255376,-0.0064642710375200085,-0.01999999999999999,2016-04-21,0.0012991897158878274,29287.0,Train
2016-04-21,29287,29216,29670,29140,27660,29249.0,29255.0,0.0012991897158878274,29071.85714285714,28910.633333333335,0.007848623491177008,0.009022838486464695,0.0012649572649572338,-0.010474034530526755,0.0010468693664427153,0.04000000000000001,2016-04-22,-0.011814115477857046,28941.0,Train
2016-04-22,28941,29321,29343,28914,19320,29287.0,29249.0,-0.011814115477857046,29045.14285714286,28877.733333333334,0.009005569878957431,0.008989415536029858,-0.006419939577039235,-0.03297914995990381,0.004211436605401131,0.009999999999999981,2016-04-25,0.008361839604712928,29183.0,Train
2016-04-25,29183,29050,29200,28983,14640,28941.0,29287.0,0.008361839604712928,29109.714285714286,28867.033333333333,0.0075342235815854175,0.00879722865741329,0.015732136020326415,-0.01087988069414314,0.0034573381045448492,0.010000000000000009,2016-04-26,-0.0008566631257924673,29158.0,Train
2016-04-26,29158,29151,29199,28981,15140,29183.0,28941.0,-0.0008566631257924673,29144.0,28865.5,0.007353603563564308,0.008600103965205051,0.008299329137561484,-0.0015751266949732834,-0.000422740538005395,0.010000000000000009,2016-04-27,0.005521640716098508,29319.0,Train
2016-04-27,29319,29200,29355,29200,15580,29158.0,29183.0,0.005521640716098508,29198.85714285714,28874.466666666667,0.007519217770218425,0.008598418797034983,0.013271124935199552,0.00925989672977634,-0.0039650955425573065,0.010000000000000009,2016-04-28,0.010505133190081617,29627.0,Train
2016-04-28,29627,29268,29650,29200,16430,29319.0,29158.0,0.010505133190081617,29252.0,28896.366666666665,0.007408941498040111,0.008772741080204956,0.012715775081182601,0.022678633068691667,0.0008993199064051272,-0.08000000000000002,2016-04-29,0.017247780740540675,30138.0,Train
2016-04-29,30138,29651,30192,29651,18880,29627.0,29319.0,0.017247780740540675,29379.0,28922.4,0.009304089830981589,0.008990974242590937,0.030394201511162677,0.026603535783629173,-0.005767044187301895,-0.07,2016-05-02,0.0024885526577742567,30213.0,Train
2016-05-02,30213,30177,30342,30120,2920,30138.0,29627.0,0.0024885526577742567,29511.285714285714,28958.333333333332,0.009250359608556835,0.008850377075461264,0.031618124082357424,0.037000171614896216,-0.003547138299937358,0.0,2016-05-03,-0.001952801774070756,30154.0,Train
2016-05-03,30154,30175,30337,30050,630,30213.0,30138.0,-0.001952801774070756,29684.571428571428,28998.9,0.006771756547677669,0.00874206646048604,0.04191285719221871,0.04205688219234882,-0.0014371380736836192,0.08000000000000002,2016-05-04,-0.007295881143463578,29934.0,Train
2016-05-04,29934,30145,30200,29920,170,30154.0,30213.0,-0.007295881143463578,29791.85714285714,29028.466666666667,0.008248803411699352,0.00887126581043688,0.025734160298804154,0.030536716356250215,0.006352200679113906,-0.03,2016-05-05,-0.002204850671477243,29868.0,Train
2016-05-05,29868,29912,30135,29832,110,29934.0,30154.0,-0.002204850671477243,29893.285714285714,29071.8,0.008386573206986117,0.008260113125614353,0.024350092598943718,0.04550546065527872,0.005796383181253306,-0.010000000000000009,2016-05-06,0.016673362796303826,30366.0,Train
2016-05-06,30366,29950,30400,29950,33820,29868.0,29934.0,0.016673362796303826,30042.85714285714,29132.0,0.009783481068633961,0.008701064071515753,0.03571063133121877,0.06323529411764706,0.002241006880300267,-0.03,2016-05-09,-0.01847460976091686,29805.0,Train
2016-05-09,29805,30312,30312,29750,29600,30366.0,29868.0,-0.01847460976091686,30068.285714285714,29178.833333333332,0.01277298090093927,0.009383704087008945,0.006008033212947739,0.049471830985915455,0.0012554233107799906,0.04999999999999999,2016-05-10,-0.0006710283509477888,29785.0,Train
2016-05-10,29785,29851,29862,29622,19510,29805.0,30366.0,-0.0006710283509477888,30017.85714285714,29217.8,0.01056071988985549,0.009324150931660991,-0.011712787842590777,0.040851272015655526,0.005132265689195892,0.0,2016-05-11,0.00496894409937898,29933.0,Train
2016-05-11,29933,29825,30072,29825,23180,29785.0,29805.0,0.00496894409937898,29977.85714285714,29272.2,0.01076179062603921,0.009044423904799441,-0.009267533843047682,0.05766580686194844,-0.0011185561342123007,-0.03,2016-05-12,-0.0009688303878662152,29904.0,Train
2016-05-12,29904,29933,30085,29765,25800,29933.0,29785.0,-0.0009688303878662152,29942.14285714286,29320.966666666667,0.010757956695079956,0.00904041967234383,-0.008290774026663117,0.05143982279104109,-0.004889801258769588,-0.009999999999999981,2016-05-13,0.003979400749063666,30023.0,Train
2016-05-13,30023,29900,30058,29766,24070,29904.0,29933.0,0.003979400749063666,29954.85714285714,29386.533333333333,0.01052402473154838,0.008575230947956296,0.0029732077236586107,0.07010978043912175,0.0037440855417905095,0.009999999999999981,2016-05-16,-0.0019984678413216272,29963.0,Train
2016-05-16,29963,30075,30245,29915,23170,30023.0,29904.0,-0.0019984678413216272,29968.428571428572,29449.1,0.010515562049697579,0.00860859969127881,0.0031806615776082126,0.0668304493341878,0.005046366769503097,-0.01999999999999999,2016-05-17,0.0027367086072822566,30045.0,Train
2016-05-17,30045,30040,30130,29860,24610,29963.0,30023.0,0.0027367086072822566,29922.571428571428,29498.533333333333,0.007949582893105931,0.008147413324656,-0.010571033392610119,0.051922134304320355,-0.0011721127061871117,0.01999999999999999,2016-05-18,0.00013313363288403046,30049.0,Train
2016-05-18,30049,30024,30078,29910,20740,30045.0,29963.0,0.00013313363288403046,29957.428571428572,29547.8,0.0027036250712063606,0.008148563602722538,0.008186545881563534,0.05173077596163944,-0.00031496998336066895,0.0,2016-05-19,-0.008286465439781732,29800.0,Train
2016-05-19,29800,29995,29995,29632,26130,30049.0,30045.0,-0.008286465439781732,29959.571428571428,29575.4,0.00450158933647045,0.008002575465155535,0.0005036091992614011,0.02857931796217028,0.003716016408805034,0.11000000000000001,2016-05-20,-0.003590604026845634,29693.0,Train
2016-05-20,29693,29730,29867,29661,20090,29800.0,30049.0,-0.003590604026845634,29925.285714285714,29596.933333333334,0.004096780538260509,0.008038934976973064,-0.008017906658203344,0.022239818225634256,0.00657940170135296,0.02999999999999997,2016-05-23,-0.0003704576836290885,29682.0,Train
2016-05-23,29682,29694,29745,29576,15640,29693.0,29800.0,-0.0003704576836290885,29893.571428571428,29611.2,0.0041072293338004565,0.00795039383502304,-0.007423756019261596,0.014630477883366355,-0.0004535203963892398,0.0,2016-05-24,-0.012667609999326146,29306.0,Train
2016-05-24,29306,29580,29651,29283,22800,29682.0,29693.0,-0.012667609999326146,29791.14285714286,29613.066666666666,0.00533976631377883,0.008306980462820798,-0.023881690703793756,0.0019145299145300054,0.000907452340924042,0.010000000000000009,2016-05-25,-0.012318296594553968,28945.0,Train
2016-05-25,28945,29278,29278,28884,26950,29306.0,29682.0,-0.012318296594553968,29645.714285714286,29606.966666666667,0.0062278605726404515,0.008580019632868566,-0.033975236124553665,-0.006282614666300423,6.412311638337442e-05,0.010000000000000009,2016-05-26,-0.007462428744170024,28729.0,Train
2016-05-26,28729,28996,29157,28705,26940,28945.0,29306.0,-0.007462428744170024,29457.714285714286,29606.9,0.00525862078253369,0.008316361249068607,-0.04380096521883836,-6.96112213288691e-05,-0.0008112835199908242,-0.020000000000000018,2016-05-27,-0.004838316683490551,28590.0,Train
2016-05-27,28590,28840,28840,28547,18290,28729.0,28945.0,-0.004838316683490551,29249.285714285714,29595.966666666667,0.0045181456099814485,0.008269501634338303,-0.04855402842024692,-0.011342416488000606,-0.002693402234044351,-0.03999999999999998,2016-05-30,0.0,28590.0,Train
2016-05-30,28590,28430,28696,28400,12970,28590.0,28729.0,0.0,29076.428571428572,29584.466666666667,0.005184627739169821,0.008267906012984737,-0.040604026845637575,-0.011923276308968389,0.0016470371651300386,0.020000000000000018,2016-05-31,0.0006995452955578241,28610.0,Train
2016-05-31,28610,28596,28719,28541,10870,28590.0,28590.0,0.0006995452955578241,28921.714285714286,29562.966666666667,0.005727265878831051,0.007985754651288715,-0.03647324285185061,-0.02204751324559906,0.0016470371651300386,0.020000000000000018,2016-06-01,0.0005592450192239973,28626.0,Train
2016-06-01,28626,28531,28800,28500,2600,28610.0,28590.0,0.0005592450192239973,28770.85714285714,29542.2,0.0058691069479034205,0.007988646565338596,-0.035577117444916095,-0.021299873499948663,0.0030816668480810883,0.02999999999999997,2016-06-02,-0.0025151959756863906,28554.0,Train
2016-06-02,28554,28616,28715,28530,350,28626.0,28610.0,-0.0025151959756863906,28663.428571428572,29517.766666666666,0.00487027570265855,0.007986306014702644,-0.02566027434655016,-0.025028169494997754,0.0003059746894891191,0.010000000000000009,2016-06-03,0.023184142326819313,29216.0,Train
2016-06-03,29216,28703,29410,28540,330,28554.0,28626.0,0.023184142326819313,28702.14285714286,29526.933333333334,0.010087038584724388,0.008835098972369499,0.009362584211435543,0.009502090459901247,-4.979459728615687e-05,-0.03999999999999998,2016-06-06,0.0038677437020810945,29329.0,Train
2016-06-06,29329,29287,29376,29220,12970,29216.0,28554.0,0.0038677437020810945,28787.85714285714,29531.8,0.009311805144281291,0.008732120650953553,0.02088482021650595,0.0050029126546276,-0.008992818550122572,-0.08000000000000002,2016-06-07,-0.0030686351392819056,29239.0,Train
2016-06-07,29239,29243,29325,29062,13480,29329.0,29216.0,-0.0030686351392819056,28880.571428571428,29534.5,0.00908498465622305,0.008750696590983983,0.022700244840853534,0.002777968310583745,-0.001934584831455033,0.0,2016-06-08,0.008618625807996105,29491.0,Train
2016-06-08,29491,29275,29572,29275,15920,29239.0,29329.0,0.008618625807996105,29009.285714285714,29540.233333333334,0.009155388285730238,0.008834371072340932,0.03151451556488283,0.00586650295030533,-0.003521547790828916,-0.04000000000000001,2016-06-09,0.009019700925706253,29757.0,Train
2016-06-09,29757,29521,29777,29452,18020,29491.0,29239.0,0.009019700925706253,29173.14285714286,29544.566666666666,0.009123130936622178,0.008778798702880479,0.040090877315623885,0.004387889425186531,-0.005830140980784604,-0.03,2016-06-10,0.0031589205901132456,29851.0,Train
2016-06-10,29851,29760,29900,29624,15500,29757.0,29491.0,0.0031589205901132456,29348.14285714286,29535.0,0.00893147470278411,0.008191642044668391,0.042793264864109615,-0.009522861503749369,0.003858733333575337,0.0,2016-06-13,0.011054906033298728,30181.0,Train
2016-06-13,30181,29894,30220,29894,19270,29851.0,29757.0,0.011054906033298728,29580.571428571428,29533.933333333334,0.008209095793700898,0.008437331466190369,0.056979757652167784,-0.0010591467249196906,0.004392641985665913,0.0,2016-06-14,0.005831483383585745,30357.0,Train
2016-06-14,30357,30141,30385,30042,19070,30181.0,29851.0,0.005831483383585745,29743.571428571428,29540.7,0.004737217236110885,0.00849473844009673,0.039053943044906836,0.006732108509650558,0.003608373153847877,0.03,2016-06-15,-0.0031294264914187853,30262.0,Train
2016-06-15,30262,30300,30339,30132,14900,30357.0,30181.0,-0.0031294264914187853,29876.85714285714,29551.633333333335,0.0057651433464119516,0.008400508619558909,0.031811517610556006,0.010957439700674865,0.004295825426264166,0.020000000000000018,2016-06-16,0.004295816535589081,30392.0,Train
2016-06-16,30392,30302,30985,30237,34140,30262.0,30357.0,0.004295816535589081,30041.571428571428,29569.1,0.004733941157933384,0.008414899997679711,0.039433633161188864,0.01754385964912286,-0.001924406113092636,-0.04000000000000001,2016-06-17,-0.0006251645169781384,30373.0,Train
2016-06-17,30373,30320,30415,30091,18370,30392.0,30262.0,-0.0006251645169781384,30167.571428571428,29569.333333333332,0.005016151380186245,0.007850247051015367,0.02990742938523616,0.0002305209774089434,0.004183699854429568,0.01999999999999999,2016-06-20,0.003457017746024471,30478.0,Train
2016-06-20,30478,30262,30505,30132,21900,30373.0,30392.0,0.003457017746024471,30270.571428571428,29591.766666666666,0.004549733344950358,0.007046960498233321,0.024229593036932506,0.022580104009394475,-0.0062502951404512785,0.05000000000000002,2016-06-21,-0.013321084060633925,30072.0,Train
2016-06-21,30072,30357,30402,30026,20450,30478.0,30373.0,-0.013321084060633925,30302.14285714286,29601.333333333332,0.007811157744024554,0.007499975682732356,0.007403437070784946,0.009635722679200986,-0.0059524876897640855,0.03999999999999998,2016-06-22,-0.005786113328012821,29898.0,Train
2016-06-22,29898,30054,30054,29835,16550,30072.0,30478.0,-0.005786113328012821,30261.714285714286,29600.166666666668,0.006748207359228899,0.007528411415336568,-0.009376760213379298,-0.001169278054321321,0.0012483167116597027,0.040000000000000036,2016-06-23,-0.007090775302695862,29686.0,Train
2016-06-23,29686,29879,29953,29641,22540,29898.0,30072.0,-0.007090775302695862,30165.85714285714,29592.9,0.006210134681801077,0.007637431481472719,-0.022103633428863234,-0.007289994649545162,-0.002158408831099079,-0.030000000000000027,2016-06-24,0.04867614363673112,31131.0,Train
2016-06-24,31131,29835,32357,29835,48210,29686.0,29898.0,0.04867614363673112,30290.0,29629.833333333332,0.02055949565258088,0.011741182399727084,0.02871588130328462,0.036905039469739886,-0.004569004975259139,-0.010000000000000009,2016-06-27,0.0027946419967235236,31218.0,Train
2016-06-27,31218,31192,31387,31135,19520,31131.0,29686.0,0.0027946419967235236,30408.0,29671.666666666668,0.020566515559768617,0.011727718069439948,0.027178204790734295,0.04188499148950364,0.016991347880502827,-0.09,2016-06-28,-0.007015183547953052,30999.0,Train
2016-06-28,30999,31016,31085,30859,14940,31218.0,31131.0,-0.007015183547953052,30497.428571428572,29703.466666666667,0.020945124311766875,0.011825107152280469,0.020610410562012405,0.031752371442835825,0.008869626478679837,-0.03,2016-06-29,-0.00041936836672151756,30986.0,Train
2016-06-29,30986,31096,31146,30920,14490,30999.0,31218.0,-0.00041936836672151756,30570.0,29734.7,0.020985381756253838,0.011827109219716928,0.016667760351729122,0.031182402076608273,-0.0033200713161218864,-0.03,2016-06-30,-0.004356806299619209,30851.0,Train
2016-06-30,30851,30905,30949,30812,10660,30986.0,30999.0,-0.004356806299619209,30681.285714285714,29769.733333333334,0.020110861332333092,0.01174112483774978,0.02590449587656285,0.035268456375838975,-0.007935825177708966,0.010000000000000009,2016-07-01,0.007325532397653323,31077.0,Train
2016-07-01,31077,31096,31220,31010,4140,30851.0,30986.0,0.007325532397653323,30849.714285714286,29815.866666666665,0.019671884342477755,0.011755994807742986,0.03943407585791703,0.04661031219479339,0.00270070454328053,-0.010000000000000009,2016-07-04,0.01026482607716317,31396.0,Train
2016-07-04,31396,31390,31484,31267,4730,31077.0,30851.0,0.01026482607716317,31094.0,29873.0,0.018868097337401232,0.011854925008137299,0.05760291046284438,0.05774543494373696,-0.004555026755990066,-0.06,2016-07-05,-0.017677411135176402,30841.0,Train
2016-07-05,30841,31306,31570,30500,640,31396.0,31077.0,-0.017677411135176402,31052.571428571428,29924.166666666668,0.009450869114249302,0.012100527298040715,-0.009315473322411782,0.0523783525557906,-0.004555026755990066,-0.06,2016-07-06,0.038163483674329646,32018.0,Train
2016-07-06,32018,31948,32350,31948,12410,30841.0,31396.0,0.038163483674329646,31166.85714285714,30026.6,0.017784085298148435,0.013502280304486573,0.0256262412710615,0.10616686819830723,0.006916200406803741,-0.06,2016-07-07,-0.006277718783184505,31817.0,Train
2016-07-07,31817,32011,32090,31653,23880,32018.0,30841.0,-0.006277718783184505,31283.714285714286,30129.533333333333,0.017711686457765267,0.013470943386662665,0.026387947998322447,0.10748720804761747,0.0010736227696976908,-0.020000000000000004,2016-07-08,-0.005028758211019224,31657.0,Train
2016-07-08,31657,31832,31833,31284,25970,31817.0,32018.0,-0.005028758211019224,31379.571428571428,30231.766666666666,0.017980953734441772,0.013475050049859506,0.021654940941070233,0.10727527107380208,0.0002994389739816583,0.020000000000000004,2016-07-11,-0.004201282496762215,31524.0,Train
2016-07-11,31524,31750,31888,31482,15150,31657.0,31817.0,-0.004201282496762215,31475.714285714286,30329.566666666666,0.017970150271792627,0.013534258502216982,0.02181452789212668,0.1026232948583421,-0.0016095578601408311,-0.03,2016-07-12,-0.01659053419616796,31001.0,Train
2016-07-12,31001,31561,31577,30951,22100,31524.0,31657.0,-0.01659053419616796,31464.85714285714,30409.266666666666,0.01928576510210278,0.014010705403415312,-0.0024455385011423747,0.08357217756029356,0.0011486143227135148,0.06999999999999999,2016-07-13,0.007225573368601079,31225.0,Train
2016-07-13,31225,31120,31260,31064,16800,31001.0,31524.0,0.007225573368601079,31440.428571428572,30495.9,0.019043796316209366,0.01402725046507734,-0.00544655370110847,0.09079158806679244,-0.003689833584239688,0.060000000000000005,2016-07-14,-0.010568454763811075,30895.0,Train
2016-07-14,30895,31199,31199,30711,26760,31225.0,31001.0,-0.010568454763811075,31448.14285714286,30573.933333333334,0.01815162382729244,0.014212165898390281,0.0017509159884570025,0.08198501085662246,-0.0007456948609493308,-0.04000000000000001,2016-07-15,0.0008739278200355916,30922.0,Train
2016-07-15,30922,30822,31038,30782,24110,30895.0,31225.0,0.0008739278200355916,31291.571428571428,30630.8,0.0076546329331441815,0.01367843750748556,-0.0342307452058217,0.058392661555312086,-0.002297668589424373,0.05,2016-07-18,0.0009055041717871415,30950.0,Train
2016-07-18,30950,30850,31028,30810,17940,30922.0,30895.0,0.0009055041717871415,31167.714285714286,30684.833333333332,0.00792194678025902,0.013675049695938033,-0.027249583555960633,0.055269528453066874,0.004599657150628156,0.03,2016-07-19,0.002294022617124414,31021.0,Train
2016-07-19,31021,31000,31041,30871,13330,30950.0,30922.0,0.002294022617124414,31076.85714285714,30744.233333333334,0.008227500813680849,0.013643095078016235,-0.02009034336797544,0.06094599678511581,-0.00032952362461735607,-0.009999999999999995,2016-07-20,-0.011443860610554135,30666.0,Train
2016-07-20,30666,31045,31050,30631,19820,31021.0,30950.0,-0.011443860610554135,30954.285714285714,30783.4,0.00885489821213614,0.0138014311059746,-0.027217358203273645,0.03984266386355162,0.003489647320223499,0.01999999999999999,2016-07-21,0.008934976847322806,30940.0,Train
2016-07-21,30940,30611,30970,30553,21330,30666.0,31021.0,0.008934976847322806,30945.571428571428,30822.833333333332,0.00796964408626526,0.013799825380670315,-0.0019676784619850896,0.039755351681957096,0.00032227134714757355,0.010000000000000009,2016-07-22,-0.004718810601163526,30794.0,Train
2016-07-22,30794,30939,30939,30730,14220,30940.0,30666.0,-0.004718810601163526,30884.0,30854.266666666666,0.007356398919481529,0.013839913722622874,-0.013803042433947144,0.031590231483032305,-0.0004473069723973655,-0.08,2016-07-25,0.0006494771708773772,30814.0,Train
2016-07-25,30814,30701,30849,30620,14750,30794.0,30940.0,0.0006494771708773772,30872.428571428572,30875.366666666665,0.006317102661287433,0.013712358500506859,-0.0026217834601067747,0.020973460123919097,0.0032417630716037316,0.009999999999999995,2016-07-26,0.0002596222496267231,30822.0,Train
2016-07-26,30822,30796,30880,30711,14210,30814.0,30794.0,0.0002596222496267231,30858.14285714286,30890.866666666665,0.006301386544304247,0.01367929271741463,-0.003233943470668188,0.015317719142207809,0.0016762693713545662,0.020000000000000004,2016-07-27,0.0018168840438648193,30878.0,Train
2016-07-27,30878,30786,30930,30690,14320,30822.0,30814.0,0.0018168840438648193,30847.85714285714,30911.4,0.00634323120183662,0.013662644780562543,-0.0023263327948304102,0.020355561430176472,-0.001052320937564133,-0.009999999999999995,2016-07-28,-0.0026879979273268795,30795.0,Train
2016-07-28,30795,30928,31180,30740,18990,30878.0,30822.0,-0.0026879979273268795,30815.571428571428,30924.833333333332,0.006280843842147262,0.013659828366557502,-0.007285387318268222,0.013260068439062911,0.0013948432371331254,-0.04000000000000001,2016-07-29,0.009871732424094892,31099.0,Train
2016-07-29,31099,30943,31139,30812,16740,30795.0,30878.0,0.009871732424094892,30877.428571428572,30949.033333333333,0.005508507207589088,0.013763325229454778,0.014119872171134196,0.02390280841536896,-0.004219331019193251,-0.03,2016-08-01,-0.0028296729798386044,31011.0,Train
2016-08-01,31011,31000,31118,30950,5270,31099.0,30795.0,-0.0028296729798386044,30887.571428571428,30966.8,0.004794866331542237,0.013770555903080184,0.0022947640594699337,0.017488024148566206,-0.007675229489627844,-0.03,2016-08-02,0.008738834607074919,31282.0,Train
2016-08-02,31282,31000,31322,30993,1240,31011.0,31099.0,0.008738834607074919,30957.285714285714,31007.133333333335,0.005116849118206451,0.01358553611087815,0.015847242969409647,0.04023676509710028,0.0009090584049913364,0.08,2016-08-03,-0.0026532830381689188,31199.0,Train
2016-08-03,31199,31302,31439,31158,350,31282.0,31011.0,-0.0026532830381689188,31012.285714285714,31050.5,0.005432618470749235,0.013540332193769797,0.01249432076328949,0.043514616362298586,-0.0023514030276211573,0.06,2016-08-04,0.0037821725055289246,31317.0,Train
2016-08-04,31317,31105,31360,31072,60,31199.0,31282.0,0.0037821725055289246,31083.0,31104.866666666665,0.005430593937392746,0.013447436543343091,0.016059957173447437,0.05494172337128611,0.002054382503643204,-0.020000000000000004,2016-08-05,-0.017179167864099343,30779.0,Train
2016-08-05,30779,31310,31380,30738,430,31317.0,31199.0,-0.017179167864099343,31068.85714285714,31093.133333333335,0.009167604352151776,0.010621547130990183,-0.00320616620247427,-0.011307057274099752,-0.0002411965492813417,-0.049999999999999996,2016-08-08,0.0071152409110106785,30998.0,Train
2016-08-08,30998,31031,31031,30863,11130,30779.0,31317.0,0.0071152409110106785,31097.85714285714,31085.8,0.009506361681677022,0.010694346831950283,0.006591979217405397,-0.007047216349541974,0.003967300153956188,0.049999999999999996,2016-08-09,0.004355119685141018,31133.0,Train
2016-08-09,31133,30942,31165,30891,12600,30998.0,30779.0,0.004355119685141018,31102.714285714286,31090.266666666666,0.008852345599383676,0.01064515556770195,0.001093282742210322,0.0043227200877447025,-0.0018983809916259808,-0.009999999999999995,2016-08-10,0.0027623422092313277,31219.0,Train
2016-08-10,31219,31180,31385,31120,14450,31133.0,30998.0,0.0027623422092313277,31132.428571428572,31098.033333333333,0.008786510778302484,0.010654636731537897,0.006707297410596169,0.007519524946750122,-0.00377723245495154,-0.020000000000000004,2016-08-11,-0.0015375252250232618,31171.0,Train
2016-08-11,31171,31160,31316,31082,14960,31219.0,31133.0,-0.0015375252250232618,31116.571428571428,31108.7,0.008108110004029303,0.010624498935266147,-0.003548366472731934,0.010372435253314327,-0.0035642040063728064,0.0,2016-08-12,-0.002919380193128207,31080.0,Train
2016-08-12,31080,31100,31400,30990,19750,31171.0,31219.0,-0.002919380193128207,31099.571428571428,31108.8,0.008120615336661153,0.010558602187538022,-0.003814224814897904,9.653441451873412e-05,-0.0011533921766954114,0.04000000000000001,2016-08-16,0.008655083655083606,31349.0,Train
2016-08-16,31349,31120,31440,31120,16050,31080.0,31171.0,0.008655083655083606,31104.14285714286,31107.233333333334,0.008736145934460773,0.010508909507927704,0.0010218092409872703,-0.0014970059880239361,-0.0023160911217706692,0.03,2016-08-17,-0.0011164630450731794,31314.0,Train
2016-08-17,31314,31265,31349,31185,10410,31349.0,31080.0,-0.0011164630450731794,31180.571428571428,31123.0,0.004498906764024767,0.009969249497415983,0.01738198122096235,0.015336727084076296,-0.004432876672809116,0.03,2016-08-18,0.003097656000510929,31411.0,Train
2016-08-18,31411,31400,31447,31302,9810,31314.0,31349.0,0.003097656000510929,31239.571428571428,31102.766666666666,0.004041015442209245,0.007030168129111956,0.013323440221949756,-0.018958086076581893,0.004676286680642239,-0.04000000000000001,2016-08-19,-0.0014644551271847384,31365.0,Train
2016-08-19,31365,31341,31466,31252,16520,31411.0,31314.0,-0.0014644551271847384,31272.714285714286,31087.7,0.004050253231480857,0.006950927199511131,0.007451899913275328,-0.014206241946129405,-0.005700976782377687,-0.03,2016-08-22,0.0009564801530368428,31395.0,Train
2016-08-22,31395,31310,31428,31191,12100,31365.0,31411.0,0.0009564801530368428,31297.85714285714,31078.966666666667,0.003981283733196763,0.006900789126900464,0.005637592491751775,-0.008276210632719438,0.004558829661672981,0.04000000000000001,2016-08-23,-0.0007007485268354374,31373.0,Train
2016-08-23,31373,31372,31414,31285,10230,31395.0,31365.0,-0.0007007485268354374,31326.714285714286,31073.933333333334,0.003910985504877644,0.006861222962831734,0.006480382406724106,-0.004790001268874522,0.0016549911881194035,-0.020000000000000004,2016-08-24,-0.010327351544321517,31049.0,Train
2016-08-24,31049,31319,31364,31000,13550,31373.0,31395.0,-0.010327351544321517,31322.285714285714,31075.533333333333,0.005713164542894173,0.0064247214149094,-0.0009974259974260269,0.0015483371504145804,-0.0005252266447567377,-0.009999999999999995,2016-08-25,-0.0033495442687364596,30945.0,Train
2016-08-25,30945,31042,31062,30884,9050,31049.0,31373.0,-0.0033495442687364596,31264.571428571428,31066.2,0.004251998677530868,0.006307715767537014,-0.012887173434559362,-0.008967173738991141,0.003194479247602855,0.009999999999999995,2016-08-26,0.002520601066408057,31023.0,Train
2016-08-26,31023,30967,31335,30941,17460,30945.0,31049.0,0.002520601066408057,31223.0,31070.466666666667,0.0045662516990373865,0.006017604836240461,-0.009292968001532897,0.00414306522090957,-0.0011069600110695799,0.009999999999999995,2016-08-29,0.0017406440382941035,31077.0,Train
2016-08-29,31077,31000,31115,30876,9590,31023.0,30945.0,0.0017406440382941035,31175.285714285714,31075.633333333335,0.004371920006428323,0.006023251445218514,-0.010633217662602279,0.0050126123795355415,0.0002779461845814346,0.06,2016-08-30,-0.0076262187469833265,30840.0,Train
2016-08-30,30840,31069,31069,30820,7240,31077.0,31023.0,-0.0076262187469833265,31100.285714285714,31071.966666666667,0.004942478026571389,0.006187207081843521,-0.016738402678144415,-0.003554119547657497,0.00606096031150094,-0.039999999999999994,2016-08-31,-0.0030479896238650994,30746.0,Train
2016-08-31,30746,30891,30906,30711,6820,30840.0,31077.0,-0.0030479896238650994,31007.571428571428,31062.8,0.004716062985894131,0.0061927966954513055,-0.020672081541646792,-0.00886496244479551,0.003712095819087935,0.0,2016-09-01,-0.0011708840174331492,30710.0,Train
2016-09-01,30710,30757,30822,30611,1250,30746.0,30840.0,-0.0011708840174331492,30912.85714285714,31064.266666666666,0.004681580211059939,0.005827337565489405,-0.02113282121569504,0.0014348138002999722,0.0009867061824089252,0.0,2016-09-02,0.006186909801367602,30900.0,Train
2016-09-02,30900,30800,30971,30610,280,30710.0,30746.0,0.006186909801367602,30891.571428571428,31062.933333333334,0.004554897589799663,0.0057033669613931115,-0.004798866308093674,-0.0012928248222365823,-0.0020488667622745593,0.009999999999999995,2016-09-05,0.004045307443365731,31025.0,Train
2016-09-05,31025,31000,31060,30960,2480,30900.0,30710.0,0.004045307443365731,30903.0,31070.633333333335,0.004687644728768774,0.005679181488713731,0.002585231862982651,0.007501461323634384,-0.0015369076241850133,0.010000000000000009,2016-09-06,0.01211925866236907,31401.0,Train
2016-09-06,31401,31055,31431,30968,14610,31025.0,30900.0,0.01211925866236907,30957.0,31090.2,0.006479994369715508,0.006078042520386918,0.012184508268059169,0.019049782566366025,-0.0015369076241850133,0.010000000000000009,2016-09-07,-0.002069997770771659,31336.0,Train
2016-09-07,31336,31444,31482,31280,12680,31401.0,31025.0,-0.002069997770771659,30994.0,31107.333333333332,0.006638983281562482,0.006098012776033187,0.008334137786787599,0.016676399974044465,-0.009282068269094279,-0.07,2016-09-08,-0.003095481235639519,31239.0,Train
2016-09-08,31239,31313,31410,31188,12940,31336.0,31401.0,-0.003095481235639519,31051.0,31119.366666666665,0.0058026718380609354,0.006129235522981691,0.012937743190661433,0.011691171708012149,9.372637126636718e-05,-0.03,2016-09-09,0.0007042478952590248,31261.0,Train
2016-09-09,31261,31256,31335,31166,11470,31239.0,31336.0,0.0007042478952590248,31124.571428571428,31134.9,0.005436278818682291,0.006101421120028138,0.016750146360502205,0.015132326676408514,0.0026060698358230105,0.06,2016-09-12,-0.005566040753654744,31087.0,Train
2016-09-12,31087,31332,31332,31041,14030,31261.0,31239.0,-0.005566040753654744,31178.428571428572,31134.5,0.006125962027766187,0.005934109711179688,0.012276131553240033,-0.0003858644972507541,0.006534191256766686,0.08000000000000002,2016-09-13,0.0017370605076076906,31141.0,Train
2016-09-13,31141,31130,31218,31087,7060,31087.0,31261.0,0.0017370605076076906,31212.85714285714,31138.833333333332,0.005812974975871947,0.005917458033600128,0.007799352750809119,0.004192060881622606,0.0014617650656902903,0.0,2016-09-14,-0.0013165922738511693,31100.0,Train
2016-09-14,31100,31100,31159,31066,8480,31141.0,31087.0,-0.0013165922738511693,31223.571428571428,31132.766666666666,0.005716483750431213,0.005695171579528127,0.00241740531829171,-0.005818042324659545,0.003291081001073559,0.06999999999999998,2016-09-15,-0.004823151125401881,30950.0,Train
2016-09-15,30950,31149,31249,30850,17170,31100.0,31141.0,-0.004823151125401881,31159.14285714286,31124.466666666667,0.0026960162916271338,0.005741273834233399,-0.014362599917200125,-0.007981025032853584,-0.00047013571725029735,-0.03,2016-09-16,-0.0031987075928917585,30851.0,Train
2016-09-16,30851,30930,30961,30831,8840,30950.0,31100.0,-0.0031987075928917585,31089.85714285714,31108.933333333334,0.002730151699691089,0.005713569071339534,-0.015477406178197595,-0.014880097071877874,6.668575361135076e-05,0.010000000000000009,2016-09-19,0.002755178114161705,30936.0,Train
2016-09-19,30936,30941,31010,30915,8320,30851.0,30950.0,0.002755178114161705,31046.571428571428,31114.166666666668,0.003262143186874776,0.00478939442897462,-0.009699414193796163,0.005100880470450653,0.006234257654791797,-0.03,2016-09-20,-0.0014222911817947104,30892.0,Train
2016-09-20,30892,30989,31027,30847,10830,30936.0,30851.0,-0.0014222911817947104,30993.85714285714,31110.633333333335,0.0031313462780957146,0.00461355767166925,-0.011803845046543637,-0.003419575456481083,-0.002416579413570874,0.010000000000000009,2016-09-21,0.010196814709309887,31207.0,Train
2016-09-21,31207,30948,31235,30800,18510,30892.0,30936.0,0.010196814709309887,31011.0,31113.1,0.004993825219952561,0.004921265763838397,0.003860134461350473,0.0023768991102688375,0.0024959478490385045,0.0,2016-09-22,0.004101643861954107,31335.0,Train
2016-09-22,31335,31284,31373,31181,13720,31207.0,30892.0,0.004101643861954107,31038.714285714286,31116.966666666667,0.005163705810082529,0.004952312996835163,0.0062297292957838035,0.003715685960472781,-0.0017723227853916335,-0.05000000000000002,2016-09-23,-0.0014999202170097314,31288.0,Train
2016-09-23,31288,31271,31334,31220,9700,31335.0,31207.0,-0.0014999202170097314,31065.571428571428,31120.866666666665,0.005177262925712128,0.004951879676662739,0.00604501607717034,0.0037534888197363614,-0.0064168264235175965,-0.06999999999999999,2016-09-26,0.0020135515213499655,31351.0,Train
2016-09-26,31351,31251,31369,31224,9620,31288.0,31335.0,0.0020135515213499655,31122.85714285714,31129.9,0.00452777748643544,0.004928746976679242,0.012956381260097016,0.008719433719433622,0.004074499016561539,-0.03,2016-09-27,-0.011100124397945832,31003.0,Train
2016-09-27,31003,31290,31290,30986,13080,31351.0,31288.0,-0.011100124397945832,31144.571428571428,31118.366666666665,0.0065357166456726104,0.005091154930011734,0.0049269067453243665,-0.01103703467415229,-4.7907761589582876e-05,0.0,2016-09-28,-0.0012901977228010342,30963.0,Train
2016-09-28,30963,31002,31051,30882,8990,31003.0,31351.0,-0.0012901977228010342,31148.428571428572,31106.666666666668,0.006504616813733005,0.005092146901770475,0.000872769588828648,-0.011209043878137592,-0.0014168955702716923,-0.010000000000000002,2016-09-29,0.008429415754287461,31224.0,Train
2016-09-29,31224,30951,31243,30950,12640,30963.0,31003.0,0.008429415754287461,31195.85714285714,31100.433333333334,0.0071439241745089735,0.005305667859438338,0.010747118995209082,-0.0059533284518162866,0.0006823543000313848,-0.03,2016-09-30,-0.013130924929541377,30814.0,Train
2016-09-30,30814,31119,31287,30767,9470,31224.0,30963.0,-0.013130924929541377,31139.714285714286,31082.066666666666,0.007844780271565177,0.005806555534977583,-0.012593328419905792,-0.01756735214410965,-0.0030223309772056117,0.01,2016-10-03,-0.00210943077821768,30749.0,Train
2016-10-03,30749,30841,31000,30695,1890,30814.0,31224.0,-0.00210943077821768,31056.0,31060.533333333333,0.007407404074744475,0.005805664680729053,-0.01870113291846176,-0.020576524924351025,-7.480770412482407e-05,-0.02,2016-10-04,-0.02214706169306324,30068.0,Train
2016-10-04,30068,30705,30872,30030,230,30749.0,30814.0,-0.02214706169306324,30881.714285714286,31017.033333333333,0.010378808513045295,0.007005218583650494,-0.03899258501661984,-0.041596277053517317,0.0020324280033310327,0.0,2016-10-05,-0.0021285087135825,30004.0,Train
2016-10-05,30004,30215,30350,29925,70,30068.0,30749.0,-0.0021285087135825,30689.285714285714,30982.2,0.009981588337071788,0.006801547840418405,-0.042965136678255855,-0.033656478469515916,0.0013350197364268013,0.07,2016-10-06,-0.012964938008265592,29615.0,Train
2016-10-06,29615,29861,29982,29582,14160,30004.0,30068.0,-0.012964938008265592,30491.0,30937.866666666665,0.010157165573367018,0.007129001642516151,-0.0447698609811954,-0.0429794797220876,0.0012134080255357116,0.03,2016-10-07,-0.0008104001350667245,29591.0,Train
2016-10-07,29591,29700,29898,29355,19550,29615.0,30004.0,-0.0008104001350667245,30295.0,30890.133333333335,0.010199534199189064,0.007091050250902788,-0.04431095178115818,-0.046159301163652744,0.0018795226012593425,0.009999999999999995,2016-10-10,0.0023993781893143495,29662.0,Train
2016-10-10,29662,29700,29900,29634,10710,29591.0,29615.0,0.0023993781893143495,30071.85714285714,30842.966666666667,0.008910662492980751,0.007102600570614151,-0.050025621316935664,-0.04553206551468936,0.002521091688449939,-0.009999999999999995,2016-10-11,0.0016856584181781376,29712.0,Train
2016-10-11,29712,29611,29776,29611,3930,29662.0,29591.0,0.0016856584181781376,29914.428571428572,30805.366666666665,0.00904524926539814,0.007029994657925301,-0.035762964886090765,-0.036575875486381304,0.002521091688449939,-0.009999999999999995,2016-10-12,-0.0016828217555197034,29662.0,Train
2016-10-12,29662,29680,29742,29579,4850,29712.0,29662.0,-0.0016828217555197034,29759.14285714286,30769.233333333334,0.009070580229589035,0.007022149719519543,-0.035350743113597205,-0.035256618747154134,0.0013646213528817341,0.03,2016-10-13,0.001179960892724763,29697.0,Train
2016-10-13,29697,29700,29873,29682,10060,29662.0,29712.0,0.001179960892724763,29706.14285714286,30735.466666666667,0.005234667919016331,0.0070352644426712385,-0.01233869894904882,-0.03298599804623903,0.002627679576468589,0.01999999999999999,2016-10-14,-0.0019867326665993224,29638.0,Train
2016-10-14,29638,29748,29749,29454,11880,29697.0,29662.0,-0.0019867326665993224,29653.85714285714,30693.4,0.005233279637161434,0.006900578438703953,-0.012198373550193264,-0.0408414239482201,-0.0010585155111205724,-0.03,2016-10-17,0.0012483973277548355,29675.0,Train
2016-10-17,29675,29651,29707,29584,6550,29638.0,29697.0,0.0012483973277548355,29662.428571428572,30648.4,0.001750919314479206,0.0068436085044787515,0.0020260003376666447,-0.043513295729250556,0.0007753657244344847,0.010000000000000009,2016-10-18,0.0033024431339512272,29773.0,Train
2016-10-18,29773,29700,29830,29671,11120,29675.0,29638.0,0.0033024431339512272,29688.428571428572,30594.133333333335,0.0019932261992984587,0.006416368474117022,0.006150518738805788,-0.05184548262794175,-0.0014343265744394262,-0.04000000000000001,2016-10-19,0.003694622644678125,29883.0,Train
2016-10-19,29883,29760,29969,29740,10190,29773.0,29675.0,0.003694622644678125,29720.0,30545.7,0.0022066832286812303,0.006492414654070487,0.0074506102083473635,-0.046368394179218786,-0.0036063789313492967,0.0,2016-10-20,0.0002677107385469224,29891.0,Train
2016-10-20,29891,29950,30049,29857,10010,29883.0,29773.0,0.0002677107385469224,29745.571428571428,30500.766666666666,0.00220508788754587,0.006494038051865256,0.006024501884760447,-0.043151189218604946,-0.0007477507815587536,-0.009999999999999995,2016-10-21,0.0015054698738750094,29936.0,Train
2016-10-21,29936,29835,29960,29800,7310,29891.0,29883.0,0.0015054698738750094,29784.714285714286,30456.6,0.001900426752234958,0.006504836273509311,0.00923740813161622,-0.04238508045168099,0.0030834631377554267,0.0,2016-10-24,-0.003874933190807006,29820.0,Train
2016-10-24,29820,29910,29980,29766,12860,29936.0,29891.0,-0.003874933190807006,29802.285714285714,30414.366666666665,0.002736985801976534,0.006474945062752189,0.00414183250833422,-0.040756586354424695,0.004393170216387077,-0.009999999999999995,2016-10-25,0.00717639168343398,30034.0,Train
2016-10-25,30034,29852,30090,29716,8200,29820.0,29936.0,0.00717639168343398,29858.85714285714,30377.466666666667,0.003406421149916462,0.006638902903528665,0.013361225453809356,-0.03554799139398224,-0.00038981049415498514,0.039999999999999994,2016-10-26,-0.004028767396950128,29913.0,Train
2016-10-26,29913,30053,30151,29880,8050,30034.0,29820.0,-0.004028767396950128,29892.85714285714,30337.9,0.0040906373574536685,0.00665920161769808,0.00802021903959571,-0.03816720257234729,-0.0015545802589386204,-0.039999999999999994,2016-10-27,0.004713669641961626,30054.0,Train
2016-10-27,30054,29910,30080,29910,5850,29913.0,30034.0,0.004713669641961626,29933.0,30308.033333333333,0.004246271950468804,0.006711395859246919,0.009438081483223115,-0.028949919224555698,0.0011699497097557021,0.009999999999999995,2016-10-28,0.0025620549677247695,30131.0,Train
2016-10-28,30131,30045,30181,29710,12750,30054.0,29913.0,0.0025620549677247695,29968.428571428572,30284.033333333333,0.004162829125580914,0.006727434140053303,0.008299032894957037,-0.02333797931995718,0.003397675662994759,0.05,2016-10-30,0.0006637682121404254,30151.0,Train
2016-10-30,30151,30120,30160,30113,940,30131.0,30054.0,0.0006637682121404254,30005.571428571428,30257.866666666665,0.004150897946050778,0.006700482221793233,0.00869827038238924,-0.02537496767520042,-0.0009343273806082797,0.0,2016-10-31,-0.003117641205930166,30057.0,Train
2016-10-31,30057,30155,30155,30001,2100,30151.0,30131.0,-0.003117641205930166,30022.85714285714,30230.033333333333,0.004458974352231417,0.006712748298638518,0.004041956173169492,-0.027029651689757905,-0.0009343273806082797,0.0,2016-11-01,0.009049472668596348,30329.0,Train
2016-11-01,30329,30073,30385,30062,2260,30057.0,30151.0,0.009049472668596348,30095.571428571428,30200.766666666666,0.004952941895101443,0.00665037741463607,0.017069081153588295,-0.028134713365591035,-0.0006512225542123495,-0.020000000000000004,2016-11-02,0.014177849582907465,30759.0,Train
2016-11-02,30759,30489,30804,30425,870,30329.0,30057.0,0.014177849582907465,30199.14285714286,30181.566666666666,0.00652754062077943,0.00714897913075415,0.024139308783378777,-0.01838200095739584,-0.00023943419857075376,0.0,2016-11-03,-0.0027634188367632317,30674.0,Train
2016-11-03,30674,30663,30700,30300,330,30759.0,30329.0,-0.0027634188367632317,30307.85714285714,30161.1,0.006300072133724748,0.007158219569646201,0.025440443954133585,-0.019624137049347956,-0.0006219761999799456,0.0,2016-11-04,0.0004890134967725501,30689.0,Train
2016-11-04,30689,30566,30770,30550,150,30674.0,30759.0,0.0004890134967725501,30398.571428571428,30139.033333333333,0.006378835659424603,0.007144162283326424,0.02112863512344454,-0.021115753883448662,-0.001353574331595775,0.030000000000000013,2016-11-07,-0.018606015184593816,30118.0,Train
2016-11-07,30118,30515,30515,30070,13030,30689.0,30674.0,-0.018606015184593816,30396.714285714286,30109.533333333333,0.01038526547186916,0.007635945578824528,-0.00043144933789118767,-0.02854562461697252,-0.0016138332583258697,-0.030000000000000013,2016-11-08,-0.0072713991632910036,29899.0,Train
2016-11-08,29899,30149,30400,29766,19270,30118.0,30689.0,-0.0072713991632910036,30360.714285714286,30074.066666666666,0.010726270694473922,0.007723084586723405,-0.008357931743557478,-0.03436359525885735,-0.0003389597720782067,0.009999999999999995,2016-11-09,0.002073647948091839,29961.0,Train
2016-11-09,29961,30191,31407,29900,42740,29899.0,30118.0,0.002073647948091839,30347.0,30031.966666666667,0.01074690657758761,0.007536564051382429,-0.0031939315300928417,-0.040449654112221345,-0.002136610996765209,0.03,2016-11-10,0.0008344180768331544,29986.0,Train
2016-11-10,29986,30000,30243,29868,15670,29961.0,29899.0,0.0008344180768331544,30298.0,30004.366666666665,0.009961985168387987,0.007207784749640331,-0.011309307923109913,-0.026870902836373056,0.012302551506288006,0.1,2016-11-11,-0.017508170479557106,29461.0,Train
2016-11-11,29461,29881,30022,29333,17730,29986.0,29961.0,-0.017508170479557106,30112.571428571428,29961.433333333334,0.008730799007835693,0.007820448947098338,-0.04219903117786661,-0.04188754105824577,0.010827791127122621,0.020000000000000018,2016-11-14,0.007297783510403555,29676.0,Train
2016-11-14,29676,29351,29797,29331,9520,29461.0,29986.0,0.007297783510403555,29970.0,29948.366666666665,0.010094694038981418,0.006922409447977779,-0.032535697985264345,-0.013037115870693117,0.010827791127122621,0.020000000000000018,2016-11-15,-0.009603720177921549,29391.0,Train
2016-11-15,29391,29640,29650,29270,10540,29676.0,29461.0,-0.009603720177921549,29784.571428571428,29927.933333333334,0.009954808582074946,0.007118021326432208,-0.042295284955521484,-0.02043060925209972,0.011100808625337022,0.13,2016-11-16,0.002449729509033327,29463.0,Train
2016-11-16,29463,29519,29590,29387,8170,29391.0,29676.0,0.002449729509033327,29691.0,29922.866666666665,0.008645363808122706,0.006746030902335648,-0.021747792018062317,-0.0051325341887557,-0.0038567023105238185,0.009999999999999953,2016-11-17,-0.009435563248820555,29185.0,Train
2016-11-17,29185,29442,29462,29139,9520,29463.0,29391.0,-0.009435563248820555,29589.0,29909.333333333332,0.008855379362044447,0.006955709258108127,-0.02388039733770364,-0.01372038795579733,0.0002894519595384448,-0.019999999999999962,2016-11-18,-0.006167551824567408,29005.0,Train
2016-11-18,29005,29170,29170,28838,11520,29185.0,29463.0,-0.006167551824567408,29452.428571428572,29887.433333333334,0.008546794428237223,0.007010887861755436,-0.031908147258102204,-0.022149551614860763,0.0007619458556138436,0.02999999999999997,2016-11-21,0.00661954835373213,29197.0,Train
2016-11-21,29197,29039,29295,29009,7820,29005.0,29185.0,0.00661954835373213,29339.714285714286,29870.266666666666,0.009396274175106342,0.007126247759591597,-0.026312279063563038,-0.017333064081852423,0.005974582360952274,0.020000000000000018,2016-11-22,-0.0005137514128163989,29182.0,Train
2016-11-22,29182,29260,29293,29101,6680,29197.0,29005.0,-0.0005137514128163989,29299.85714285714,29854.266666666666,0.0071896085015220905,0.007123080610814972,-0.009470146973965532,-0.0161823208145101,-0.0009983536518993752,-0.020000000000000018,2016-11-23,-0.01017750668220141,28885.0,Train
2016-11-23,28885,29241,29254,28767,10850,29182.0,29197.0,-0.01017750668220141,29186.85714285714,29827.2,0.006709926617377779,0.007328520797144788,-0.026654535651705058,-0.027342829242010924,-0.00021621400760329923,-0.010000000000000009,2016-11-24,-0.002388783105418013,28816.0,Train
2016-11-24,28816,28806,28859,28700,7080,28885.0,29182.0,-0.002388783105418013,29104.714285714286,29799.8,0.0062113104534324394,0.007330948314384788,-0.019563812051308194,-0.027734664957149602,0.0049791061448709595,0.030000000000000027,2016-11-25,-0.005031926707384837,28671.0,Train
2016-11-25,28671,28701,28750,28331,13010,28816.0,28885.0,-0.005031926707384837,28991.571428571428,29766.333333333332,0.005786161382119396,0.007356782159092486,-0.026881172996639835,-0.033833192923336086,0.0049791061448709595,0.030000000000000027,2016-11-28,0.00425517073000603,28793.0,Train
2016-11-28,28793,28980,29068,28700,8360,28671.0,28816.0,0.00425517073000603,28935.571428571428,29733.666666666668,0.00590431955240204,0.007378557010174115,-0.01343155730683565,-0.03291572901622275,-0.00013216351676959004,0.02999999999999997,2016-11-29,0.002083839822178968,28853.0,Train
2016-11-29,28853,28763,28896,28680,7060,28793.0,28671.0,0.002083839822178968,28913.85714285714,29699.333333333332,0.005735060219280299,0.007348348588567318,-0.005240475780037945,-0.034467757587926195,-0.002475851550584607,0.0,2016-11-30,-0.014729837451911365,28428.0,Train
2016-11-30,28428,28789,28845,28267,9710,28853.0,28793.0,-0.014729837451911365,28804.0,29650.566666666666,0.006757052380370007,0.007748377957122445,-0.026338322430386696,-0.04894449834398318,-0.0007118114837786349,-0.02999999999999997,2016-12-01,-0.012874630645842156,28062.0,Train
2016-12-01,28062,28450,28450,27951,2100,28428.0,28853.0,-0.012874630645842156,28644.0,29588.1,0.007348605273455682,0.007988027940074739,-0.038379823178671835,-0.06260021378941738,0.00101662643228706,-0.010000000000000009,2016-12-02,0.013648350081961302,28445.0,Train
2016-12-02,28445,28310,28450,28300,820,28062.0,28428.0,0.013648350081961302,28581.14285714286,29542.266666666666,0.009917761739713411,0.008480870741805507,-0.015232819802665776,-0.046109993293091844,-0.0008440638703300918,0.04999999999999999,2016-12-05,-0.007347512743891671,28236.0,Train
2016-12-05,28236,28435,28530,27950,460,28445.0,28062.0,-0.007347512743891671,28498.285714285714,29482.333333333332,0.010112975616431224,0.008380238988636221,-0.020127706829539127,-0.059865485782779504,-0.0029966633861445713,0.010000000000000009,2016-12-06,-0.010341408131463337,27944.0,Train
2016-12-06,27944,28151,28192,27911,8660,28236.0,28445.0,-0.010341408131463337,28394.428571428572,29416.7,0.010495206902468534,0.008510614026806938,-0.025356632137002566,-0.06582422358172035,-0.0017969237483760336,-0.03999999999999998,2016-12-07,0.003542799885485337,28043.0,Train
2016-12-07,28043,27944,28134,27924,9900,27944.0,28236.0,0.003542799885485337,28287.285714285714,29349.666666666668,0.010409274823452871,0.008480294055449238,-0.02604799777723754,-0.06691289013109736,-0.001522619828387195,-0.010000000000000009,2016-12-08,-0.005241949862710871,27896.0,Train
2016-12-08,27896,28022,28063,27875,8560,28043.0,27944.0,-0.005241949862710871,28150.571428571428,29275.166666666668,0.010092309440265713,0.008446553157856652,-0.03316812809759817,-0.07417609770668088,-0.0021424447817999237,-0.020000000000000018,2016-12-09,-0.006990249498135981,27701.0,Train
2016-12-09,27701,27845,27885,27671,8950,27896.0,28043.0,-0.006990249498135981,28046.714285714286,29193.5,0.009203267397659249,0.00846230252538929,-0.02557337835936402,-0.08125766972903059,0.0030915729566649564,0.030000000000000027,2016-12-12,0.00512616873037075,27843.0,Train
2016-12-12,27843,27670,27927,27551,8950,27701.0,27896.0,0.00512616873037075,28015.428571428572,29119.7,0.008699799839728956,0.008584144588938785,-0.007804147958092811,-0.07366004591276576,0.0021421363430904616,0.06,2016-12-13,-0.004776784110907539,27710.0,Train
2016-12-13,27710,27766,27828,27650,7070,27843.0,27701.0,-0.004776784110907539,27910.428571428572,29032.4,0.005804201008274617,0.00830878492223866,-0.025839339075408696,-0.08635299548287123,-0.0031317304921242295,0.0,2016-12-14,0.0012991699747384455,27746.0,Train
2016-12-14,27746,27750,27826,27713,7060,27710.0,27843.0,0.0012991699747384455,27840.428571428572,28931.966666666667,0.005823195697841895,0.007702726767325841,-0.01735373282334607,-0.09795507006079518,-0.0009682156691850352,0.020000000000000018,2016-12-15,-0.022201398399769312,27130.0,Train
2016-12-15,27130,27730,27730,27021,18560,27746.0,27710.0,-0.022201398399769312,27724.14285714286,28813.833333333332,0.009223338733789856,0.008430354315253798,-0.02912968794732318,-0.11553758883745191,-0.0005967317592285859,0.06999999999999995,2016-12-16,0.0065610025801694505,27308.0,Train
2016-12-16,27308,27140,27414,27101,13480,27130.0,27746.0,0.0065610025801694505,27619.14285714286,28701.133333333335,0.009702496984645577,0.008613967123975833,-0.02620974931355413,-0.1101697676691974,0.017767010584820664,0.09999999999999998,2016-12-19,0.0030760216786289707,27392.0,Train
2016-12-19,27392,27400,27420,27289,7230,27308.0,27130.0,0.0030760216786289707,27547.14285714286,28610.266666666666,0.009993777704644925,0.008234182830458002,-0.018067106395182053,-0.09051065807822567,-0.003777548835424027,0.040000000000000036,2016-12-20,-0.004745911214953269,27262.0,Train
2016-12-20,27262,27328,27351,27153,10670,27392.0,27308.0,-0.004745911214953269,27484.428571428572,28522.366666666665,0.00986302980676114,0.008203175905065654,-0.015847803328399745,-0.08819692966319947,0.0002458634114688163,-0.05999999999999994,2016-12-21,-0.005832294035653995,27103.0,Train
2016-12-21,27103,27282,27336,27081,9460,27262.0,27392.0,-0.005832294035653995,27378.714285714286,28427.1,0.009356121544286104,0.008160100687216221,-0.026577595805049703,-0.0953906745435733,0.0020483581459189715,-0.010000000000000009,2016-12-22,0.0018079179426631065,27152.0,Train
2016-12-22,27152,27077,27293,26980,11290,27103.0,27262.0,0.0018079179426631065,27299.0,28332.633333333335,0.009570446232220137,0.008179038254723436,-0.020137134608444573,-0.0945107716934569,-0.0004130489758070732,-0.030000000000000027,2016-12-23,0.001252209781968272,27186.0,Train
2016-12-23,27186,27126,27220,27072,6300,27152.0,27103.0,0.001252209781968272,27219.0,28256.8,0.00956705891785082,0.007759417698409836,-0.02018308945433578,-0.07722073249380534,0.002023089702397396,-0.040000000000000036,2016-12-26,0.0020231001250643477,27241.0,Train
2016-12-26,27241,27170,27280,27101,3070,27186.0,27152.0,0.0020231001250643477,27234.85714285714,28175.633333333335,0.004387987122430939,0.007584108177118634,0.004091411721341753,-0.08205283730961044,-0.0002970857820466799,-0.020000000000000018,2016-12-27,0.006974780661502811,27431.0,Train
2016-12-27,27431,27199,27720,27199,10790,27241.0,27186.0,0.006974780661502811,27252.428571428572,28110.3,0.004483548726462647,0.007676343278314889,0.00450417460084962,-0.06668708107924193,-0.0002970857820466799,-0.020000000000000018,2016-12-28,0.003937151398053285,27539.0,Train
2016-12-28,27539,27575,27590,27441,5900,27431.0,27241.0,0.003937151398053285,27273.428571428572,28046.166666666668,0.004572119679091535,0.007712591621422165,0.005366530373831724,-0.06530224349183722,0.001389057259465698,0.0,2016-12-29,0.009840589709139813,27810.0,Train
2016-12-29,27810,27580,27837,27580,7750,27539.0,27431.0,0.009840589709139813,27351.714285714286,28000.333333333332,0.004945848623760455,0.007891577232813482,0.02010123982099632,-0.0471132431043344,0.002353077664173364,-0.019999999999999907,2016-12-30,-0.003955411722401991,27700.0,Train
2016-12-30,27700,27840,27889,27670,8350,27810.0,27539.0,-0.003955411722401991,27437.0,27956.833333333332,0.004419049745999699,0.007857467006034891,0.022027081872855403,-0.044992242716772934,-0.0047538171860388445,-0.010000000000000009,2017-01-02,0.004620938628158822,27828.0,Train
2017-01-02,27828,27673,27860,27670,1430,27700.0,27810.0,0.004620938628158822,27533.571428571428,27911.2,0.0044071230267265825,0.007794440973248498,0.024896876841485005,-0.0468883789430421,-0.0026722578176814338,-0.050000000000000044,2017-01-03,0.009846198073882428,28102.0,Train
2017-01-03,28102,27860,28134,27770,960,27828.0,27700.0,0.009846198073882428,27664.428571428572,27875.2,0.004843076570444299,0.008067564668792106,0.033693812991981265,-0.03700911520800498,-0.0026722578176814338,-0.050000000000000044,2017-01-04,-0.0006049391502384038,28085.0,Train
2017-01-04,28085,28080,28158,27987,720,28102.0,27828.0,-0.0006049391502384038,27785.0,27848.533333333333,0.00518030116865192,0.007888574812379394,0.03098270988583396,-0.027696036004846825,0.006284084206897411,-0.030000000000000027,2017-01-05,0.02866298735980055,28890.0,Train
2017-01-05,28890,28269,28925,28183,230,28085.0,28102.0,0.02866298735980055,27993.428571428572,27851.0,0.010620350737954207,0.009549542512430717,0.05318799897925697,0.0025680177679068272,-0.00176336779737718,0.0,2017-01-06,-0.03219106957424711,27960.0,Train
2017-01-06,27960,28001,28099,27870,12120,28890.0,28085.0,-0.03219106957424711,28053.571428571428,27827.3,0.01849053880526529,0.011200383527099728,0.015287410581357408,-0.02479857695929688,-0.007405768659735967,-0.04999999999999999,2017-01-09,0.005865522174534954,28124.0,Train
2017-01-09,28124,28080,28150,27903,9480,27960.0,28890.0,0.005865522174534954,28098.428571428572,27805.0,0.018280822299431357,0.011229148190497331,0.011290902553038551,-0.02323481401729588,0.0029627143751818075,0.040000000000000036,2017-01-10,0.0030578865026311686,28210.0,Train
2017-01-10,28210,28132,28326,28083,11750,28124.0,27960.0,0.0030578865026311686,28171.285714285714,27783.566666666666,0.018107432067564294,0.011238945196182721,0.018411552346570437,-0.022285377603715406,0.0005204922707742199,-0.030000000000000027,2017-01-11,0.005069124423963123,28353.0,Train
2017-01-11,28353,28234,28399,28155,13180,28210.0,28124.0,0.005069124423963123,28246.285714285714,27781.066666666666,0.01811593609676371,0.010964007302279333,0.01886589047003029,-0.002638243984803723,0.0010767571621241867,0.0,2017-01-12,0.003879660000705387,28463.0,Train
2017-01-12,28463,28398,28565,28392,12930,28353.0,28210.0,0.003879660000705387,28297.85714285714,27794.433333333334,0.017868660436500105,0.010710949793540618,0.012846060778592294,0.014289786900434809,0.004077152927400851,-0.03999999999999998,2017-01-13,-0.0008080666127955327,28440.0,Train
2017-01-13,28440,28469,28482,28301,11160,28463.0,28353.0,-0.0008080666127955327,28348.571428571428,27794.266666666666,0.01787368947625677,0.010421638581408913,0.01264019939469474,-0.00017577781683952853,-0.010265337723561863,-0.010000000000000009,2017-01-16,0.005661040787622973,28601.0,Train
2017-01-16,28601,28564,28691,28557,8010,28440.0,28463.0,0.005661040787622973,28307.285714285714,27806.433333333334,0.01378808451069169,0.010373884855487897,-0.010003461405330594,0.012926760164329254,0.0015984706294815965,0.02999999999999997,2017-01-17,0.0068529072410055125,28797.0,Train
2017-01-17,28797,28620,28824,28620,13350,28601.0,28440.0,0.0068529072410055125,28426.85714285714,27834.866666666665,0.002555554097406464,0.010229346606946198,0.02993562231759661,0.030525336387059898,0.0015984706294815965,0.02999999999999997,2017-01-18,0.0019099211723443421,28852.0,Train
2017-01-18,28852,28830,28875,28736,9250,28797.0,28601.0,0.0019099211723443421,28530.85714285714,27861.833333333332,0.002569748301247075,0.010219985224565648,0.0258853648129711,0.02884855400634745,-0.006126025948313463,-0.04999999999999999,2017-01-19,-0.009150145570497759,28588.0,Train
2017-01-19,28588,28738,28738,28515,12640,28852.0,28797.0,-0.009150145570497759,28584.85714285714,27884.9,0.005508730807207056,0.010326636183390457,0.013399503722084427,0.024806423860051607,0.003910780314090312,0.06,2017-01-20,0.0033930320414159443,28685.0,Train
2017-01-20,28685,28680,28790,28583,11510,28588.0,28852.0,0.0033930320414159443,28632.285714285714,27917.7,0.005383864214756013,0.010227673041162061,0.011709519274856195,0.03552218331468171,0.0050456915400571845,0.010000000000000009,2017-01-23,0.006658532333972511,28876.0,Train
2017-01-23,28876,28798,28920,28781,9610,28685.0,28588.0,0.006658532333972511,28691.285714285714,27952.133333333335,0.005668292979388654,0.01025167770549486,0.014510065699328889,0.037100887117049064,0.0050456915400571845,0.010000000000000009,2017-01-24,-0.0021124809530406186,28815.0,Train
2017-01-24,28815,28863,28875,28780,6700,28876.0,28685.0,-0.0021124809530406186,28744.85714285714,27988.966666666667,0.005798767476290969,0.010208974418458944,0.01318565400843874,0.039877300613496924,-0.009045945594168936,-0.04999999999999999,2017-01-25,-0.01190352247093529,28472.0,Train
2017-01-25,28472,28750,28750,28322,11580,28815.0,28876.0,-0.01190352247093529,28726.428571428572,28013.166666666668,0.0074569324047066,0.010492106643707125,-0.004510331806580226,0.02616593382829957,-0.0016742304126556862,0.019999999999999962,2017-01-27,-0.0008078111829165069,28449.0,Train
2017-01-27,28449,28387,28480,28171,10480,28472.0,28815.0,-0.0008078111829165069,28676.714285714286,28057.133333333335,0.0067009507168958055,0.009551666211933967,-0.012084592145015116,0.048617766310357524,0.0029169927011043484,-0.020000000000000018,2017-01-30,0.0067840697388308335,28642.0,Train
2017-01-30,28642,28479,28688,28420,7210,28449.0,28472.0,0.0067840697388308335,28646.714285714286,28101.6,0.007361239499232359,0.00955572475848608,-0.007278524885623194,0.04885015380108393,-0.001731803275333732,-0.020000000000000018,2017-01-31,0.01850429439284973,29172.0,Train
2017-01-31,29172,28700,29233,28700,7610,28642.0,28449.0,0.01850429439284973,28730.14285714286,28160.933333333334,0.009407090247790609,0.01003888006730844,0.02042815167203016,0.06498247663551404,-0.002912700141364133,0.010000000000000009,2017-02-01,-0.006547374194432964,28981.0,Train
2017-02-01,28981,29155,29463,28811,4270,29172.0,28642.0,-0.006547374194432964,28772.428571428572,28218.233333333334,0.010053753154776983,0.010086822493453109,0.01031898204636561,0.06305480155527832,-0.004355256676589647,-0.019999999999999962,2017-02-02,0.0028639453435008733,29064.0,Train
2017-02-02,29064,29150,29175,28950,380,28981.0,29172.0,0.0028639453435008733,28799.285714285714,28283.6,0.009829739751563746,0.009975655893155069,0.006510597035600529,0.07235361399107121,0.0014394604905523245,0.02999999999999997,2017-02-03,0.0035094962840627186,29166.0,Train
2017-02-03,29166,29030,29494,28900,240,29064.0,28981.0,0.0035094962840627186,28849.428571428572,28350.733333333334,0.009765492683846173,0.009977131228611059,0.012181155648099962,0.07417501473187982,-0.0041961863161711355,0.0,2017-02-06,0.0012343139271755454,29202.0,Train
2017-02-06,29202,28965,29224,28965,10160,29166.0,29064.0,0.0012343139271755454,28953.714285714286,28417.933333333334,0.0077546128929795915,0.009977204995822468,0.025639224501264435,0.07415581549326866,-0.0023907923004581333,0.010000000000000009,2017-02-07,0.004999657557701598,29348.0,Train
2017-02-07,29348,29250,29370,29215,11600,29202.0,29166.0,0.004999657557701598,29082.14285714286,28488.166666666668,0.007505004609881423,0.009987755846119994,0.031600407747196746,0.0773466465988768,0.0036713227745686083,-0.03999999999999998,2017-02-08,0.0007836990595611049,29371.0,Train
2017-02-08,29371,29325,29445,29258,10850,29348.0,29202.0,0.0007836990595611049,29186.285714285714,28552.833333333332,0.007540348070213298,0.009956766061848487,0.02545213323091966,0.07072290474280929,0.0030831431860640635,0.0,2017-02-09,-0.008716080487555788,29115.0,Train
2017-02-09,29115,29349,29419,29080,12950,29371.0,29348.0,-0.008716080487555788,29178.14285714286,28605.366666666665,0.005259759124563246,0.010152349807335103,-0.0019539284245166932,0.057227931297432644,-0.0023194242330006887,-0.020000000000000018,2017-02-10,0.002747724540614893,29195.0,Train
2017-02-10,29195,29050,29222,28875,11840,29115.0,29371.0,0.002747724540614893,29208.714285714286,28651.533333333333,0.004533248335239899,0.010043216461557722,0.007384148235050514,0.049802229413879795,0.0014448303831124942,0.02999999999999997,2017-02-13,-0.004726836787121047,29057.0,Train
2017-02-13,29057,29116,29199,28981,8230,29195.0,29115.0,-0.004726836787121047,29207.714285714286,28696.766666666666,0.004921210165092739,0.010059091875064204,-0.0002408477842004153,0.04898916967509015,-0.0013584853747872216,-0.009999999999999953,2017-02-14,-0.0010324534535568475,29027.0,Train
2017-02-14,29027,29088,29210,28977,11120,29057.0,29195.0,-0.0010324534535568475,29187.85714285714,28736.733333333334,0.004670727312705606,0.010054363772054205,-0.004765823218816467,0.04308610033060223,0.0016763095361089775,0.02999999999999997,2017-02-15,0.003824025906914219,29138.0,Train
2017-02-15,29138,29030,29166,28880,11100,29027.0,29057.0,0.003824025906914219,29178.714285714286,28771.266666666666,0.00494167165629838,0.009940549541584133,-0.002191630710225323,0.03686570350864704,0.0004486744763532169,0.030000000000000027,2017-02-16,0.008202347450065206,29377.0,Train
2017-02-16,29377,29186,29438,29173,12510,29138.0,29027.0,0.008202347450065206,29182.85714285714,28814.333333333332,0.005616604539658769,0.010013500179326966,0.000988142292490224,0.0460032045575931,-0.0015352906355863283,-0.010000000000000009,2017-02-17,-0.0006127242400517652,29359.0,Train
2017-02-17,29359,29327,29412,29290,9650,29377.0,29138.0,-0.0006127242400517652,29181.14285714286,28829.966666666667,0.0056153364295935025,0.008607871286793212,-0.0004085662728541273,0.01623399100034617,-0.0018026746701407248,-0.020000000000000018,2017-02-20,-0.0011921386968221093,29324.0,Train
2017-02-20,29324,29330,29356,29189,5980,29359.0,29377.0,-0.0011921386968221093,29211.0,28875.433333333334,0.0042275101748027125,0.006006786059301873,0.007178430362356103,0.04878397711015747,0.0034204920922671356,-0.020000000000000018,2017-02-21,-0.00034101759650795316,29314.0,Train
2017-02-21,29314,29230,29334,29088,10550,29324.0,29359.0,-0.00034101759650795316,29228.0,28915.1,0.004179258557406016,0.0059617487030664195,0.004076040417879678,0.04231261555966426,0.0034204920922671356,-0.020000000000000018,2017-02-22,-0.0031043187555434004,29223.0,Train
2017-02-22,29223,29285,29349,29190,8980,29314.0,29324.0,-0.0031043187555434004,29251.714285714286,28948.866666666665,0.003868773444316951,0.0060086126968903345,0.00571290910968103,0.03590925203828421,0.001620226195947705,-0.009999999999999953,2017-02-23,0.007425657872223823,29440.0,Train
2017-02-23,29440,29245,29464,29217,12210,29223.0,29314.0,0.007425657872223823,29310.714285714286,28985.1,0.004468009233410638,0.006076043371971602,0.014228132428428797,0.03833809473424332,-0.003246360602476517,-0.020000000000000018,2017-02-24,0.005876358695652284,29613.0,Train
2017-02-24,29613,29481,29635,29481,6280,29440.0,29223.0,0.005876358695652284,29378.571428571428,29023.433333333334,0.004668291097846611,0.006116387110052643,0.016301736563937075,0.04040333063977797,-0.004826457488624425,-0.030000000000000027,2017-02-27,0.004018505386147897,29732.0,Train
2017-02-27,29732,29575,29757,29532,7870,29613.0,29440.0,0.004018505386147897,29429.285714285714,29066.5,0.004011584146315033,0.006121434716961099,0.012084283623242653,0.045428973277074514,0.0013972868770033564,-0.03999999999999998,2017-02-28,-0.004708731333243676,29592.0,Train
2017-02-28,29592,29705,29705,29532,8540,29732.0,29613.0,-0.004708731333243676,29462.571428571428,29099.533333333333,0.004656224528377971,0.00617095091401144,0.007936237610272734,0.034649138142023084,-0.001190699248711069,0.03999999999999998,2017-03-01,-0.0021289537712895212,29529.0,Train
2017-03-01,29529,29455,29595,29118,2230,29592.0,29732.0,-0.0021289537712895212,29491.85714285714,29123.933333333334,0.004746978914123948,0.006102450697223261,0.006990860728413484,0.02541931451192836,0.0028251224968964816,-0.009999999999999953,2017-03-02,-0.011006129567543765,29204.0,Train
2017-03-02,29204,29499,29500,29161,430,29529.0,29592.0,-0.011006129567543765,29476.14285714286,29135.666666666668,0.006600716021244704,0.0064700125484220715,-0.0037524732209865963,0.012200194093996863,0.0037481724642078884,0.08999999999999997,2017-03-03,0.008149568552253017,29442.0,Train
2017-03-03,29442,29300,30079,29051,210,29204.0,29529.0,0.008149568552253017,29507.428571428572,29164.133333333335,0.007208406425466905,0.006357178183215557,0.007494097115285925,0.029872673849167475,0.0034773871073017215,0.04999999999999999,2017-03-06,-0.015725833842809567,28979.0,Train
2017-03-06,28979,29100,29218,28960,10370,29442.0,29204.0,-0.015725833842809567,29441.571428571428,29173.933333333334,0.008923784585302541,0.007031663457677295,-0.015658967391304346,0.010249259194700988,-0.0017039974187562645,-0.02999999999999997,2017-03-07,-0.0064874564339694185,28791.0,Train
2017-03-07,28791,28969,28979,28765,10090,28979.0,29442.0,-0.0064874564339694185,29324.14285714286,29171.1,0.008253062763847466,0.007035480277185453,-0.027758079221963272,-0.002943621000138563,-0.0018217856414143307,0.02999999999999997,2017-03-08,-0.004550032996422537,28660.0,Train
2017-03-08,28660,28799,28806,28622,9370,28791.0,28979.0,-0.004550032996422537,29171.0,29165.933333333334,0.007466229489369878,0.007073801234530501,-0.036055428494551345,-0.005379142807565462,-8.58875577258722e-06,0.010000000000000009,2017-03-09,-0.005896720167480773,28491.0,Train
2017-03-09,28491,28610,28639,28440,10850,28660.0,28791.0,-0.005896720167480773,29013.714285714286,29166.566666666666,0.007466485267757237,0.0068098944483254925,-0.03720600162206,0.0006673222815396507,0.0038194524964720866,0.07000000000000006,2017-03-10,-0.0025973114316801826,28417.0,Train
2017-03-10,28417,28420,28523,28305,11570,28491.0,28660.0,-0.0025973114316801826,28854.85714285714,29165.5,0.007434548441460503,0.0068254384282934195,-0.03765789562802668,-0.0011248198530704467,0.001034438502673929,0.039999999999999925,2017-03-13,-0.0044339655839814585,28291.0,Train
2017-03-13,28291,28436,28436,28263,4310,28417.0,28491.0,-0.0044339655839814585,28724.428571428572,29153.8,0.007018529985318517,0.006746944247158436,-0.03126284070675245,-0.01225473081488726,-0.003247122335056196,-0.030000000000000027,2017-03-14,-0.006751263652751804,28100.0,Train
2017-03-14,28100,28349,28349,28080,10240,28291.0,28417.0,-0.006751263652751804,28532.714285714286,29118.066666666666,0.004256723533755299,0.005820236340708279,-0.04558114258542223,-0.036747566159330836,-0.0018488029086917157,0.040000000000000036,2017-03-15,-0.002882562277580103,28019.0,Train
2017-03-15,28019,28050,28058,27932,10780,28100.0,28291.0,-0.002882562277580103,28395.571428571428,29086.0,0.0016624581780348994,0.005742743708457633,-0.033127437109631064,-0.033194161692143176,0.00141064807337421,0.0,2017-03-16,0.014882758128412776,28436.0,Train
2017-03-16,28436,28090,28594,28090,14140,28019.0,28100.0,0.014882758128412776,28344.85714285714,29065.066666666666,0.0074822122043821295,0.006409912571174321,-0.01233024208954192,-0.02160748692540604,-0.0017689761728688636,-0.10999999999999999,2017-03-17,0.003235335490223701,28528.0,Train
2017-03-17,28528,28498,28550,28461,7110,28436.0,28019.0,0.003235335490223701,28326.0,29043.8,0.007574178018700904,0.006403884873475526,-0.004605722260990874,-0.021874785709387612,-0.007844728012760593,0.010000000000000009,2017-03-20,-0.0003505328098709626,28518.0,Train
2017-03-20,28518,28580,28630,28487,7810,28528.0,28436.0,-0.0003505328098709626,28329.85714285714,29021.0,0.007213505062070127,0.006393760337854864,0.0009476676845319165,-0.023423053215533174,-0.00144916740005685,-0.020000000000000018,2017-03-21,0.011746966827968386,28853.0,Train
2017-03-21,28853,28462,28893,28391,14910,28518.0,28528.0,0.011746966827968386,28392.14285714286,29004.5,0.008261767508306166,0.006714350762693553,0.015342928528697675,-0.016866566716641662,-0.0020446172436616727,-0.020000000000000018,2017-03-22,0.001143728555089485,28886.0,Train
2017-03-22,28886,28801,28993,28801,11120,28853.0,28518.0,0.001143728555089485,28477.14285714286,28988.333333333332,0.007768828338523438,0.006717128829861078,0.02103142342087594,-0.01651288686118957,-0.002005344107313234,-0.019999999999999962,2017-03-23,-0.0024233192550023874,28816.0,Train
2017-03-23,28816,28829,28960,28751,11080,28886.0,28853.0,-0.0024233192550023874,28579.428571428572,28978.366666666665,0.006996991380180358,0.006548930384532267,0.02548042704626341,-0.010269620470547802,-0.00015852015339867798,-0.020000000000000018,2017-03-24,-0.00024292059966690704,28809.0,Train
2017-03-24,28809,28750,28840,28714,7950,28816.0,28886.0,-0.00024292059966690704,28692.285714285714,28965.5,0.006650582054548179,0.006523282594937782,0.028195153288839814,-0.013221442027744446,-3.310286191660072e-05,0.030000000000000027,2017-03-27,0.0010413412475267503,28839.0,Train
2017-03-27,28839,28850,28985,28800,9090,28809.0,28816.0,0.0010413412475267503,28749.85714285714,28958.233333333334,0.004624209013808283,0.00647689652376267,0.014172176114784163,-0.007502495095846107,-0.0013302564075758916,-0.040000000000000036,2017-03-28,0.001144283782378075,28872.0,Train
2017-03-28,28872,28839,28910,28784,7330,28839.0,28809.0,0.001144283782378075,28799.0,28953.066666666666,0.0046002062031930985,0.006479797293793723,0.012058328659562578,-0.005339855996141507,-0.0035110766836594642,-0.010000000000000009,2017-03-29,-0.0038099196453310613,28762.0,Train
2017-03-29,28762,28792,28792,28687,6690,28872.0,28839.0,-0.0038099196453310613,28833.85714285714,28940.533333333333,0.005026164645984487,0.0064679055378264105,0.008555999719475516,-0.01290411146955861,0.0016133451569444457,0.040000000000000036,2017-03-30,-0.00705792364925939,28559.0,Train
2017-03-30,28559,28716,28764,28525,8220,28762.0,28872.0,-0.00705792364925939,28791.85714285714,28913.266666666666,0.0031381127265770825,0.006366289773731272,-0.01018958167261641,-0.027844912686795786,0.0026018406033962993,-0.040000000000000036,2017-03-31,0.001855807276165189,28612.0,Train
2017-03-31,28612,28511,28688,28480,6930,28559.0,28762.0,0.001855807276165189,28752.714285714286,28888.366666666665,0.003246180859602479,0.006386337107757901,-0.009485563941009523,-0.025443645900745993,-0.0016754317374889638,0.050000000000000044,2017-04-03,0.003774640011184216,28720.0,Train
2017-04-03,28720,28607,28790,28580,1450,28612.0,28559.0,0.003774640011184216,28739.0,28868.233333333334,0.0037176107013849706,0.0064410126209960075,-0.003331482509716821,-0.020597462829082036,0.0023514619142628312,-0.030000000000000027,2017-04-04,0.008356545961002881,28960.0,Train
2017-04-04,28960,28975,29064,28878,90,28720.0,28612.0,0.008356545961002881,28760.571428571428,28856.433333333334,0.00500378603459588,0.006648882872834882,0.005241417612551702,-0.012076141092993153,0.0006934172403039174,-0.03999999999999998,2017-04-05,-0.01184392265193368,28617.0,Train
2017-04-05,28617,28803,29019,28535,330,28960.0,28720.0,-0.01184392265193368,28728.85714285714,28836.233333333334,0.006894833033172769,0.006956548033769816,-0.007697909081452181,-0.0207370906477774,0.001135162709556825,0.010000000000000009,2017-04-06,0.0027955411119264806,28697.0,Train
2017-04-06,28697,28878,28991,28675,8810,28617.0,28960.0,0.0027955411119264806,28703.85714285714,28811.466666666667,0.007011001602006227,0.006820668104163868,-0.006061235799390441,-0.025237771739130443,-0.0004730278477754757,-0.030000000000000027,2017-04-07,-0.0016378018608217415,28650.0,Train
2017-04-07,28650,28750,28989,28607,13730,28697.0,28617.0,-0.0016378018608217415,28687.85714285714,28779.366666666665,0.006905281379674578,0.006702884251496536,-0.0038940268409707324,-0.03251950157025629,0.0005976542722276879,0.020000000000000018,2017-04-10,0.0017102966841187062,28699.0,Train
2017-04-10,28699,28651,28765,28560,7970,28650.0,28697.0,0.0017102966841187062,28707.85714285714,28744.933333333334,0.006293350183166575,0.006655425480292026,0.004902132427605954,-0.03474371048029057,0.00031821078595450913,0.04999999999999999,2017-04-11,0.01567998884978561,29149.0,Train
2017-04-11,29149,28750,29183,28725,13440,28699.0,28650.0,0.01567998884978561,28784.571428571428,28730.166666666668,0.008494721179621738,0.007290861185513268,0.018768348944498747,-0.014970262233035991,0.00048064094730593254,0.0,2017-04-12,0.0013722597687741978,29189.0,Train
2017-04-12,29189,29150,29265,29132,9960,29149.0,28699.0,0.0013722597687741978,28851.571428571428,28718.833333333332,0.008492161704452023,0.007291528356975705,0.01633008356545962,-0.011514104778353462,-0.0008774215967335408,-0.030000000000000027,2017-04-13,0.005789852341635537,29358.0,Train
2017-04-13,29358,29270,29393,29238,9670,29189.0,29149.0,0.005789852341635537,28908.428571428572,28723.966666666667,0.00824116887943214,0.007087900994688707,0.013743093922651939,0.005273250239693272,-0.0008068933735619899,-0.02999999999999997,2017-04-17,0.0011581170379453276,29392.0,Train
2017-04-17,29392,29389,29433,29325,8039,29358.0,29189.0,0.0011581170379453276,29019.14285714286,28722.3,0.005670131131451873,0.00693068891566477,0.027081804521787767,-0.0016982541946878316,0.0002698550904363106,-0.06,2017-04-18,0.004286880783886726,29518.0,Train
2017-04-18,29518,29370,29540,29227,13290,29392.0,29358.0,0.004286880783886726,29136.428571428572,28740.266666666666,0.005652409627773578,0.006302883224211966,0.0286092622922256,0.018599675627178236,-0.0018203756347304756,0.06,2017-04-19,-0.006944914967138671,29313.0,Train
2017-04-19,29313,29425,29425,29200,10300,29518.0,29392.0,-0.006944914967138671,29231.14285714286,28757.666666666668,0.006785110955099649,0.006321232041176113,0.023141361256544535,0.01813066583307288,-0.0006192692447977155,-0.04999999999999999,2017-04-20,-0.00017057278340670834,29308.0,Train
2017-04-20,29308,29250,29350,29220,9340,29313.0,29518.0,-0.00017057278340670834,29318.14285714286,28779.266666666666,0.0068946015701078734,0.006247901554464189,0.021220251576709925,0.02260990928122819,0.0046806555368357206,0.02999999999999997,2017-04-21,0.004230926709430927,29432.0,Train
2017-04-21,29432,29282,29460,29240,8980,29308.0,29313.0,0.004230926709430927,29358.571428571428,28810.633333333335,0.004238351780408501,0.006148395179283391,0.009708737864077666,0.03302797374609523,-0.001496616062227063,0.030000000000000027,2017-04-24,-0.010328893721119892,29128.0,Train
2017-04-24,29128,29290,29290,28935,12030,29432.0,29308.0,-0.010328893721119892,29349.85714285714,28834.333333333332,0.006130924744579176,0.00646280372212833,-0.0020898283599986023,0.02502023436675227,0.0016777103572223062,0.010000000000000009,2017-04-25,-0.010333699533095264,28827.0,Train
2017-04-25,28827,29090,29090,28802,9720,29128.0,29432.0,-0.010333699533095264,29274.0,28852.2,0.0064876687130623915,0.00671383954515869,-0.01808706315144082,0.018945954543847954,-0.0038924231444577018,0.009999999999999953,2017-04-26,-0.00242827904395182,28757.0,Train
2017-04-26,28757,28800,28837,28671,9060,28827.0,29128.0,-0.00242827904395182,29183.285714285714,28874.1,0.006281028481928978,0.0065949008303616986,-0.021604518236254755,0.02338078291814938,0.0012696092104378387,0.030000000000000027,2017-04-27,0.0009389018325973719,28784.0,Train
2017-04-27,28784,28805,28848,28720,7610,28757.0,28827.0,0.0009389018325973719,29078.428571428572,28899.6,0.005728063995736555,0.0065582896306941,-0.024866183345755077,0.027302901602483942,0.003814477373809133,-0.020000000000000018,2017-04-28,0.003057254030016665,28872.0,Train
2017-04-28,28872,28843,28925,28800,6440,28784.0,28757.0,0.003057254030016665,29015.428571428572,28914.133333333335,0.0059893768691479925,0.0060236575407872795,-0.015044519496469122,0.015332676888451191,0.0004062710149554949,-0.02999999999999997,2017-05-01,-0.007550568024383475,28654.0,Train
2017-05-01,28654,28834,28868,28600,1640,28872.0,28784.0,-0.007550568024383475,28922.0,28918.333333333332,0.006228110585241473,0.006176253687549758,-0.022314726354578984,0.004416713404374661,-0.0017992149196571772,-0.020000000000000018,2017-05-02,-0.0028966287429329496,28571.0,Train
2017-05-02,28571,28664,28680,28530,490,28654.0,28872.0,-0.0028966287429329496,28799.0,28920.1,0.005327958600990118,0.006201030494858725,-0.029253873335145397,0.0018584753489023775,-0.001704015325683872,0.03999999999999998,2017-05-03,0.0,28571.0,Train
2017-05-03,28571,28630,28640,28459,90,28571.0,28654.0,0.0,28719.428571428572,28910.7,0.004753550551271588,0.005796640266994451,-0.019122493820379005,-0.009773680379856486,0.0007600873009570019,0.0,2017-05-04,-0.017885268279024147,28060.0,Train
2017-05-04,28060,28400,28482,28025,80,28571.0,28571.0,-0.017885268279024147,28609.85714285714,28883.166666666668,0.00706015219996858,0.0066152772219234485,-0.0266070003815867,-0.02859516720902855,-0.00013515964534094316,0.050000000000000044,2017-05-05,0.004419101924447721,28184.0,Train
2017-05-05,28184,28136,28382,28135,60,28060.0,28571.0,0.004419101924447721,28528.0,28862.1,0.007728415346957852,0.006680202087984525,-0.01992558333623118,-0.02193225985563574,0.002127089915989089,0.03999999999999998,2017-05-08,-0.0023062730627306793,28119.0,Train
2017-05-08,28119,28145,28255,28097,7850,28184.0,28060.0,-0.0023062730627306793,28433.0,28839.1,0.007559059005444597,0.006685768995154868,-0.023103112840466955,-0.0239508486931167,-0.0011757272800059226,0.0,2017-05-09,-0.004907713645577738,27981.0,Train
2017-05-09,27981,28125,28192,27947,10100,28119.0,28184.0,-0.004907713645577738,28305.714285714286,28810.5,0.007021412259232444,0.006717845977656678,-0.030860349127182052,-0.029751378341828727,0.002761985667298461,0.030000000000000027,2017-05-10,0.0009292019584719036,28007.0,Train
2017-05-10,28007,28060,28146,27981,9280,27981.0,28119.0,0.0009292019584719036,28213.285714285714,28781.666666666668,0.0071273702336962135,0.006715610273126015,-0.022579744538284374,-0.0299598226655583,0.0026396847670724366,0.030000000000000027,2017-05-11,0.0005355803906166301,28022.0,Train
2017-05-11,28022,27995,28100,27945,9720,28007.0,27981.0,0.0005355803906166301,28134.85714285714,28757.0,0.007271163184047148,0.006699569868226659,-0.01921528822932339,-0.02572839162784224,-0.002416084816016073,0.0,2017-05-12,-0.00010705873956173839,28019.0,Train
2017-05-12,28019,28088,28195,27985,9480,28022.0,28007.0,-0.00010705873956173839,28056.0,28739.0,0.007264536515160859,0.006596760968673481,-0.01932028980434708,-0.018908225077908902,-0.00041350133997020144,-0.050000000000000044,2017-05-15,-0.00039259074199649024,28008.0,Train
2017-05-15,28008,28049,28157,27996,8760,28019.0,28022.0,-0.00039259074199649024,28048.571428571428,28718.866666666665,0.002880120877156408,0.006580473638407392,-0.0018531717747684029,-0.02111002376625193,-0.002772300287919527,-0.020000000000000018,2017-05-16,0.003606112539274564,28109.0,Train
2017-05-16,28109,28025,28159,28025,7730,28008.0,28019.0,0.003606112539274564,28037.85714285714,28698.5,0.002668542738108931,0.006576601684612061,-0.002661084303150707,-0.021274373259052903,-0.0034641156831628495,0.030000000000000027,2017-05-17,0.01796577608595107,28614.0,Train
2017-05-17,28614,28170,28638,28170,15920,28109.0,28008.0,0.01796577608595107,28108.571428571428,28686.966666666667,0.007266082565142189,0.007233843976640998,0.017603755467833215,-0.011947513812154642,-0.003131602512977616,-0.010000000000000009,2017-05-18,0.003355001048437778,28710.0,Train
2017-05-18,28710,28666,28980,28551,23800,28614.0,28109.0,0.003355001048437778,28212.714285714286,28690.066666666666,0.0064881181896098775,0.006928729407927226,0.026053393374075196,0.00324981654261447,-0.002120318653101916,-0.07,2017-05-19,-0.002647161267850917,28634.0,Train
2017-05-19,28634,28660,28779,28531,13160,28710.0,28614.0,-0.002647161267850917,28302.285714285714,28687.966666666667,0.006872018777143827,0.006927820558052584,0.02238726032777527,-0.0021953514304631216,0.004551184784959306,-0.010000000000000009,2017-05-22,0.005203604107005599,28783.0,Train
2017-05-22,28783,28590,28799,28568,9310,28634.0,28710.0,0.005203604107005599,28411.0,28692.4,0.00679782705695416,0.006986110120508543,0.027157233602169706,0.004642233856893441,-0.0049725076858585515,-0.020000000000000018,2017-05-23,0.0008685682520932492,28808.0,Train
2017-05-23,28808,28804,28930,28740,12500,28783.0,28634.0,0.0008685682520932492,28523.714285714286,28696.033333333333,0.006712525234253655,0.006981432506251598,0.028159463221385517,0.003798041743614755,-0.0013711509488558704,0.020000000000000018,2017-05-24,-0.0030894196056651113,28719.0,Train
2017-05-24,28719,28770,28770,28650,8690,28808.0,28783.0,-0.0030894196056651113,28625.285714285714,28681.7,0.007073926900885543,0.006354576781477055,0.025385604113110638,-0.014751792514323014,0.001250614298220487,0.030000000000000027,2017-05-25,-0.0028204324663114733,28638.0,Train
2017-05-25,28638,28769,28770,28600,9930,28719.0,28808.0,-0.0028204324663114733,28700.85714285714,28663.333333333332,0.007479741784210187,0.0063586361121821455,0.018819595147461676,-0.018876974202610586,-9.851679447459016e-05,-0.010000000000000009,2017-05-26,0.007297995670088708,28847.0,Train
2017-05-26,28847,28694,28866,28674,9520,28638.0,28719.0,0.007297995670088708,28734.14285714286,28646.3,0.004229346725119923,0.00641671943495974,0.008142867127979292,-0.01740581783500239,-0.002666373433032776,0.0,2017-05-29,0.0009359725448052636,28874.0,Train
2017-05-29,28874,28843,28928,28807,4560,28847.0,28638.0,0.0009359725448052636,28757.571428571428,28629.033333333333,0.004118125118024101,0.006414790040539124,0.005712295367467757,-0.017623843222645652,0.0009878991178591257,-0.010000000000000009,2017-05-30,-0.005887649788737237,28704.0,Train
2017-05-30,28704,28921,28960,28680,9880,28874.0,28847.0,-0.005887649788737237,28767.571428571428,28601.9,0.004712278755806737,0.006417971804028979,0.0024446462247678102,-0.02757639406463852,0.0009878991178591257,-0.010000000000000009,2017-05-31,0.007002508361203974,28905.0,Train
2017-05-31,28905,28683,28950,28628,7830,28704.0,28874.0,0.007002508361203974,28785.0,28588.3,0.005056998263470081,0.006470818142357961,0.004238613070215003,-0.013918739125985069,0.0006282829546746527,-0.03999999999999998,2017-06-01,-0.005396990140114188,28749.0,Train
2017-06-01,28749,28877,28877,28712,1770,28905.0,28704.0,-0.005396990140114188,28776.571428571428,28569.666666666668,0.005536477444454096,0.006533178209853999,-0.0020480422104970364,-0.019073290569127876,-0.002286112833230103,0.0,2017-06-02,0.006956763713520386,28949.0,Train
2017-06-02,28949,28685,29011,28680,310,28749.0,28905.0,0.006956763713520386,28809.428571428572,28553.566666666666,0.005971735338998124,0.0066213451358105874,0.00800863539816854,-0.016410709431910808,5.3841455449399334e-05,0.0,2017-06-05,0.005596048222736627,29111.0,Train
2017-06-05,29111,29045,29180,29045,710,28949.0,28749.0,0.005596048222736627,28877.0,28553.0,0.005884462216401492,0.006444691726784492,0.016516516516516422,-0.0005836308706399507,-0.0009788026128469962,-0.040000000000000036,2017-06-06,0.012709972175466211,29481.0,Train
2017-06-06,29481,29220,29499,29216,11140,29111.0,28949.0,0.012709972175466211,28967.571428571428,28574.8,0.00690819586930488,0.006543004993417634,0.0219780219780219,0.02268706421063582,-0.001902098050371559,0.030000000000000027,2017-06-07,-0.0035616159560394323,29376.0,Train
2017-06-07,29376,29439,29485,29310,9820,29481.0,29111.0,-0.0035616159560394323,29039.285714285714,28595.433333333334,0.007341908750149022,0.00656533415016437,0.017385883493800547,0.021525193865841397,-0.002354492788259277,-0.020000000000000018,2017-06-08,-0.011131535947712434,29049.0,Train
2017-06-08,29049,29319,29345,28951,12950,29376.0,29481.0,-0.011131535947712434,29088.571428571428,28604.266666666666,0.008513109592660852,0.006912816612723004,0.012019230769230838,0.009206503613118366,0.0009724113761484521,0.030000000000000027,2017-06-09,-0.003821129815139934,28938.0,Train
2017-06-09,28938,29001,29009,28836,8980,29049.0,29376.0,-0.003821129815139934,29093.285714285714,28606.466666666667,0.00837973254765335,0.0069332329599122965,0.001141670991178012,0.0022859517871987034,0.0001418199577907231,0.009999999999999953,2017-06-12,-0.0007256894049346707,28917.0,Train
2017-06-12,28917,28905,28971,28851,7770,28938.0,29049.0,-0.0007256894049346707,29117.285714285714,28615.233333333334,0.008039460276853046,0.006783928321790153,0.005843681519357213,0.009178474209534437,0.001073247597600302,0.020000000000000018,2017-06-13,-0.0019019953660476263,28862.0,Train
2017-06-13,28862,28907,28916,28711,7710,28917.0,28938.0,-0.0019019953660476263,29104.85714285714,28624.933333333334,0.007605389013420835,0.006770047650728766,-0.003005285156654769,0.010185152777291595,0.00024345719845397795,0.030000000000000027,2017-06-14,0.0029104012195966256,28946.0,Train
2017-06-14,28946,28890,29025,28802,9370,28862.0,28917.0,0.0029104012195966256,29081.285714285714,28637.433333333334,0.007314367665724226,0.0067855461770150605,-0.005667960564734953,0.013125196877953105,-0.003156207488336782,0.0,2017-06-15,-0.008982242796932272,28686.0,Train
2017-06-15,28686,28890,28890,28640,11430,28946.0,28862.0,-0.008982242796932272,28967.714285714286,28658.3,0.0048078720522988765,0.006117481426334356,-0.026966520810013273,0.022309337134711393,-0.004916223537674291,-0.020000000000000018,2017-06-16,-0.0024402147388969953,28616.0,Train
2017-06-16,28616,28697,28718,28600,6780,28686.0,28946.0,-0.0024402147388969953,28859.14285714286,28672.7,0.0048391288244850755,0.006103934104285304,-0.025871459694989052,0.015327845586148081,0.007114980004175875,0.04999999999999999,2017-06-19,-0.00499720436119655,28473.0,Train
2017-06-19,28473,28593,28593,28460,7550,28616.0,28686.0,-0.00499720436119655,28776.85714285714,28684.5,0.0036950310452613794,0.006166428236893818,-0.019828565527212683,0.012589352395177666,-0.002261878182842736,0.0,2017-06-20,7.024198363358991e-05,28475.0,Train
2017-06-20,28475,28470,28530,28420,7690,28473.0,28616.0,7.024198363358991e-05,28710.714285714286,28700.966666666667,0.0038155377826472906,0.006084118581385545,-0.015999723546893385,0.017654837210964613,0.001261815647046749,0.030000000000000027,2017-06-21,0.0007023705004389758,28495.0,Train
2017-06-21,28495,28539,28575,28403,9080,28475.0,28473.0,0.0007023705004389758,28650.428571428572,28717.233333333334,0.0039492789257207445,0.006083838047917527,-0.014593491717674767,0.017424215374727714,0.0045424876017226,-0.020000000000000018,2017-06-22,0.0021758203193542602,28557.0,Train
2017-06-22,28557,28530,28670,28519,7480,28495.0,28475.0,0.0021758203193542602,28606.85714285714,28735.066666666666,0.004269606938233486,0.006090663281845989,-0.010567528237821366,0.019092141888516156,0.0005553113009821864,0.0,2017-06-23,0.0031866092376651167,28648.0,Train
2017-06-23,28648,28596,28782,28596,7100,28557.0,28495.0,0.0031866092376651167,28564.285714285714,28756.033333333333,0.004318252526635993,0.00610624013333782,-0.01029503212879157,0.022449052428709093,-0.0014761847198557776,-0.03999999999999998,2017-06-26,-0.00774923205808431,28426.0,Train
2017-06-26,28426,28302,28440,28264,4610,28648.0,28557.0,-0.00774923205808431,28527.14285714286,28769.966666666667,0.003971979133286548,0.0062987352104346825,-0.00906365474447468,0.01492430734075989,-0.00264126667691722,-0.010000000000000009,2017-06-27,0.002005206501090484,28483.0,Train
2017-06-27,28483,28411,28572,28401,7630,28426.0,28648.0,0.002005206501090484,28508.14285714286,28782.433333333334,0.004110949556370796,0.00627837539658063,-0.004647749510763188,0.013305347041872695,-0.0009143545693363064,-0.020000000000000018,2017-06-28,7.021732261347502e-05,28485.0,Train
2017-06-28,28485,28569,28660,28461,7730,28483.0,28426.0,7.021732261347502e-05,28509.85714285714,28778.133333333335,0.003638518949607982,0.00533736055695244,0.0004214519018017615,-0.004508282658838292,-0.0018915728787646247,0.07,2017-06-29,0.0014744602422327446,28527.0,Train
2017-06-29,28527,28522,28550,28380,7940,28485.0,28483.0,0.0014744602422327446,28517.285714285714,28772.033333333333,0.0036773015626228368,0.0053058866645031115,0.0018261633011413814,-0.006374085684430542,-0.0042230119946689015,-0.010000000000000009,2017-06-30,-0.008132646264942034,28295.0,Train
2017-06-30,28295,28505,28505,28168,8400,28527.0,28485.0,-0.008132646264942034,28488.714285714286,28760.733333333334,0.004836316782376111,0.005484652680968085,-0.007018775223723406,-0.011839072431375275,-0.0006843649815703179,0.06000000000000005,2017-07-03,-0.012122283088884966,27952.0,Train
2017-07-03,27952,28300,28300,27925,3240,28295.0,28527.0,-0.012122283088884966,28402.285714285714,28733.033333333333,0.006122068431068164,0.0057803982576073365,-0.02118569877788279,-0.028871208699579598,-7.500133930971042e-05,0.029999999999999916,2017-07-04,0.0032555809959931015,28043.0,Train
2017-07-04,28043,27956,28169,27956,1260,27952.0,28295.0,0.0032555809959931015,28315.85714285714,28707.533333333333,0.006133800971196207,0.005822708792169711,-0.02111840268081544,-0.026555123576784245,0.0039039339367228365,0.020000000000000018,2017-07-05,0.00028527618300477897,28051.0,Train
2017-07-05,28051,28120,28155,27845,900,28043.0,27952.0,0.00028527618300477897,28262.285714285714,28685.266666666666,0.005848263837455663,0.005811146193485067,-0.013192148033490447,-0.0232598628085936,0.0039039339367228365,0.020000000000000018,2017-07-06,0.003279740472710513,28143.0,Train
2017-07-06,28143,28200,28237,28111,10570,28051.0,28043.0,0.003279740472710513,28213.714285714286,28668.766666666666,0.006007088789765356,0.005843483369551284,-0.011936944844293085,-0.017284726587052157,0.0020155336627922793,-0.020000000000000018,2017-07-07,-0.01176136161745367,27812.0,Train
2017-07-07,27812,28101,28140,27754,16370,28143.0,28051.0,-0.01176136161745367,28117.571428571428,28634.266666666666,0.0070076738782847165,0.005993342754890981,-0.02362647007196772,-0.03587894755087184,-0.002072729274038787,0.030000000000000027,2017-07-10,0.0010067596720839678,27840.0,Train
2017-07-10,27840,27835,27887,27620,13130,27812.0,28143.0,0.0010067596720839678,28019.428571428572,28599.8,0.006955614083449988,0.005994226477905998,-0.024082448206961815,-0.03581076400914318,-0.0009446726068961242,0.050000000000000044,2017-07-11,0.001113505747126542,27871.0,Train
2017-07-11,27871,27805,27929,27702,11020,27840.0,27812.0,0.001113505747126542,27958.85714285714,28572.033333333333,0.006795484025855317,0.005941382044679847,-0.01498497967838841,-0.029020345596432517,-0.0013800631623747117,0.0,2017-07-12,0.0006458325858418323,27889.0,Train
2017-07-12,27889,27919,28033,27840,10470,27871.0,27840.0,0.0006458325858418323,27949.85714285714,28538.166666666668,0.005192325724827948,0.0057579895477233856,-0.002253863766456754,-0.0351496280920256,-0.0001364138493045175,-0.040000000000000036,2017-07-13,-0.0007529850478683597,27868.0,Train
2017-07-13,27868,27945,27968,27851,7670,27889.0,27871.0,-0.0007529850478683597,27924.85714285714,28508.8,0.0049487959483623676,0.005702757803446322,-0.006240416503227153,-0.03064454415805762,-0.0049311863203719275,-0.050000000000000044,2017-07-14,0.005526051385101205,28022.0,Train
2017-07-14,28022,27850,28150,27753,14380,27868.0,27889.0,0.005526051385101205,27920.714285714286,28477.9,0.005518668704383456,0.0056393701616103565,-0.001033831235963012,-0.03202183149677018,-0.00048301646019732747,0.010000000000000009,2017-07-17,0.004460780815073839,28147.0,Train
2017-07-17,28147,28050,28173,28050,7520,28022.0,27868.0,0.004460780815073839,27921.285714285714,28445.766666666666,0.005656778397868162,0.005596751906961048,0.00014213125821704864,-0.03311463020851224,-0.005639409520650229,-0.010000000000000009,2017-07-18,0.004725192738124884,28280.0,Train
2017-07-18,28280,28160,28299,28160,9350,28147.0,28022.0,0.004725192738124884,27988.14285714286,28405.733333333334,0.0024508277371545896,0.005083341557358523,0.01682726880483254,-0.04073810250669918,0.00020647837161602567,-0.029999999999999916,2017-07-19,-0.00035360678925033806,28270.0,Train
2017-07-19,28270,28270,28285,28150,8470,28280.0,28147.0,-0.00035360678925033806,28049.571428571428,28368.866666666665,0.00262637593213829,0.0050694341735637504,0.015445402298850608,-0.037649782135076304,-0.004460454483171561,-0.030000000000000027,2017-07-20,0.002652989034311881,28345.0,Train
2017-07-20,28345,28220,28380,28155,11270,28270.0,28280.0,0.002652989034311881,28117.285714285714,28345.4,0.002584851872247565,0.00475963582321489,0.017006924760503805,-0.024234913422148785,-1.539358685065384e-05,0.0,2017-07-21,0.006914799788322545,28541.0,Train
2017-07-21,28541,28333,28559,28300,9540,28345.0,28270.0,0.006914799788322545,28210.428571428572,28332.166666666668,0.0029324067577443155,0.0049258547257894116,0.023378392914769286,-0.013718985417098595,-0.001654383300779938,-0.010000000000000009,2017-07-24,-0.0003854104621421328,28530.0,Train
2017-07-24,28530,28531,28612,28480,7970,28541.0,28345.0,-0.0003854104621421328,28305.0,28319.266666666666,0.002849638204776715,0.004925586416398518,0.023754844265824637,-0.013383131030189843,-0.000546025802893757,-0.020000000000000018,2017-07-25,-0.001402032947774301,28490.0,Train
2017-07-25,28490,28535,28584,28410,11130,28530.0,28541.0,-0.001402032947774301,28371.85714285714,28306.866666666665,0.003159432037156017,0.0049213035655590615,0.016701163371636518,-0.012888919686785405,8.530642248461007e-05,0.0,2017-07-26,-0.0032994032994032585,28396.0,Train
2017-07-26,28396,28462,28462,28320,8090,28490.0,28530.0,-0.0032994032994032585,28407.428571428572,28288.533333333333,0.003631121703996723,0.0049069424437396016,0.008846413472128445,-0.01900089822427964,0.0007540807474382127,0.040000000000000036,2017-07-27,0.0028525144386533086,28477.0,Train
2017-07-27,28477,28455,28613,28376,10460,28396.0,28490.0,0.0028525144386533086,28435.571428571428,28281.566666666666,0.003394977307876107,0.00468271297663257,0.006966053748231893,-0.007285784006135443,0.0008849918618831776,-0.030000000000000027,2017-07-28,0.004178810970256741,28596.0,Train
2017-07-28,28596,28533,28620,28405,8240,28477.0,28396.0,0.004178810970256741,28482.14285714286,28280.9,0.003524183598247946,0.004730820415021975,0.011531659002476102,-0.0006989097008666123,-0.0014957270764651698,0.0,2017-07-31,-0.00027975940691005174,28588.0,Train
2017-07-31,28588,28572,28628,28510,6200,28596.0,28477.0,-0.00027975940691005174,28516.85714285714,28284.733333333334,0.0035584844916384663,0.004636887448213918,0.008572940553889685,0.004038914058932974,-0.0026856354794221327,-0.020000000000000018,2017-08-01,-0.0025884986707709334,28514.0,Train
2017-08-01,28514,28623,28623,28447,2230,28588.0,28596.0,-0.0025884986707709334,28513.0,28286.033333333333,0.00274640008078805,0.00466369237599526,-0.0009460074979853461,0.001369622475855925,-0.0009306768558952072,0.010000000000000009,2017-08-02,-0.0009819737672722706,28486.0,Train
2017-08-02,28486,28451,28586,28373,580,28514.0,28588.0,-0.0009819737672722706,28506.714285714286,28285.733333333334,0.0027647698957449984,0.004665782978776552,-0.0015422362425516756,-0.00031584488506752884,0.00028957080689173686,-0.010000000000000009,2017-08-03,-0.0013690935898336143,28447.0,Train
2017-08-03,28447,28400,28500,28299,480,28486.0,28514.0,-0.0013690935898336143,28500.571428571428,28282.066666666666,0.002762444257267674,0.004653652483780164,-0.0015093015093015083,-0.0038519452323423353,-0.0009030537235036329,0.010000000000000009,2017-08-04,-0.002601328786866808,28373.0,Train
2017-08-04,28373,28525,28585,28355,70,28447.0,28486.0,-0.002601328786866808,28497.285714285714,28272.9,0.0026424258402162042,0.004631847176031471,-0.0008099732356670053,-0.00959927394582516,0.0007553510104301164,-0.019999999999999962,2017-08-07,0.0016212596482572117,28419.0,Train
2017-08-07,28419,28332,28437,28320,3950,28373.0,28447.0,0.0016212596482572117,28489.0,28272.666666666668,0.002445808820019209,0.004424254799129838,-0.00203673139726801,-0.0002462534299585428,0.004075270501087136,0.009999999999999953,2017-08-08,-0.0021816390443013534,28357.0,Train
2017-08-08,28357,28416,28497,28283,7400,28419.0,28373.0,-0.0021816390443013534,28454.85714285714,28268.466666666667,0.0015131474693592425,0.0044248983284097786,-0.008357812281437949,-0.004423691324649814,0.0008360476166295872,-0.009999999999999953,2017-08-09,0.015622244948337194,28800.0,Train
2017-08-09,28800,28415,28821,28415,11580,28357.0,28419.0,0.015622244948337194,28485.14285714286,28278.966666666667,0.00657859890289237,0.005278781098231899,0.0074156988946409985,0.011058451816745585,0.00020838429688407878,0.0,2017-08-10,0.011458333333333348,29130.0,Train
2017-08-10,29130,28845,29173,28845,12400,28800.0,28357.0,0.011458333333333348,28573.14285714286,28299.066666666666,0.007369856391397095,0.005651691502185995,0.021603422879988843,0.021137869386896657,-0.0002617848472771245,-0.040000000000000036,2017-08-11,0.0009612083762444712,29158.0,Train
2017-08-11,29158,29147,29300,29032,11320,29130.0,28800.0,0.0009612083762444712,28669.14285714286,28327.833333333332,0.007226508977246026,0.005399131015989035,0.023590535701748294,0.030500088354832977,-0.0016173298020877303,-0.019999999999999962,2017-08-14,-0.00397832498799644,29042.0,Train
2017-08-14,29042,29100,29116,28982,7740,29158.0,29130.0,-0.00397832498799644,28754.14285714286,28364.166666666668,0.00757013842505847,0.004897166798729545,0.020916089570077734,0.03899542072123641,-0.001328631092508692,0.0,2017-08-16,-0.005646994008677075,28878.0,Train
2017-08-16,28878,28978,28978,28727,10490,29042.0,29158.0,-0.005646994008677075,28826.285714285714,28392.0,0.008019008135977454,0.00504140550519173,0.017798611355866578,0.029775701601112647,0.0035387619782913937,0.03999999999999998,2017-08-17,0.007445113927557312,29093.0,Train
2017-08-17,29093,28900,29174,28800,9730,28878.0,29042.0,0.007445113927557312,28922.571428571428,28426.733333333334,0.008206410852583996,0.005174571359963625,0.02371652767514698,0.03714662578874184,-0.00040910678954342306,-0.03999999999999998,2017-08-18,0.00054996047159106,29109.0,Train
2017-08-18,29109,29070,29380,29013,12430,29093.0,28878.0,0.00054996047159106,29030.0,28458.933333333334,0.007958924310433746,0.005161258060016148,0.026519025284762243,0.034324698859396596,-0.0024637946240201325,-0.030000000000000027,2017-08-21,0.003950668178226646,29224.0,Train
2017-08-21,29224,29050,29248,29030,7420,29109.0,29093.0,0.003950668178226646,29090.571428571428,28506.0,0.006058531311842714,0.004570497750540011,0.014722222222222303,0.050769452035092755,-0.0011464381899166654,0.010000000000000009,2017-08-22,-0.005577607445934829,29061.0,Train
2017-08-22,29061,29200,29200,28980,8750,29224.0,29109.0,-0.005577607445934829,29080.714285714286,28546.7,0.005005598906156148,0.004757330718076065,-0.0023686920700308756,0.043857758620689635,-0.0027816904608282123,0.0,2017-08-23,0.0009979009669316419,29090.0,Train
2017-08-23,29090,29063,29148,29023,7270,29061.0,29224.0,0.0009979009669316419,29071.0,28587.333333333332,0.005007192909546301,0.004757653362794367,-0.0023321215446875376,0.04373721789673857,0.0009450047341366119,0.020000000000000018,2017-08-24,-0.0023719491234100998,29021.0,Train
2017-08-24,29021,29051,29107,28980,7170,29090.0,29061.0,-0.0023719491234100998,29068.0,28625.066666666666,0.004845947686471162,0.004806648938905519,-0.0007230906962329975,0.04058947972318827,-0.00026493418524997647,-0.030000000000000027,2017-08-25,0.0022397574170427426,29086.0,Train
2017-08-25,29086,29001,29134,28716,7040,29021.0,29090.0,0.0022397574170427426,29097.714285714286,28665.666666666668,0.004215301954217689,0.004792786618415953,0.007202714869450899,0.043706042773073106,-0.0005199914397207017,0.020000000000000018,2017-08-28,0.011655091796740624,29425.0,Train
2017-08-28,29425,29101,29440,29095,9560,29086.0,29021.0,0.011655091796740624,29145.14285714286,28712.433333333334,0.00541280647269312,0.005094208840573501,0.011411679785515494,0.05006780386838905,-0.003743881682769512,-0.020000000000000018,2017-08-29,0.005539507221750117,29588.0,Train
2017-08-29,29588,29469,29810,29425,11070,29425.0,29086.0,0.005539507221750117,29213.571428571428,28760.466666666667,0.005572310671683706,0.005118538143185048,0.01645539180322242,0.05119550929051053,-0.0014633053323760414,-0.010000000000000009,2017-08-30,-0.0016222793024198712,29540.0,Train
2017-08-30,29540,29640,29640,29405,8460,29588.0,29425.0,-0.0016222793024198712,29258.714285714286,28802.466666666667,0.005701716700794032,0.005119436482132976,0.010813030385984135,0.044554455445544594,-0.000795922386118475,-0.019999999999999962,2017-08-31,0.007312119160460373,29756.0,Train
2017-08-31,29756,29430,29832,29421,6940,29540.0,29588.0,0.007312119160460373,29358.0,28852.0,0.005061015736509009,0.005215848777311537,0.02391521282818898,0.05256455606650157,0.0028470703407867948,0.0,2017-09-01,0.0010754133620110018,29788.0,Train
2017-09-01,29788,29687,29941,29671,1150,29756.0,29540.0,0.0010754133620110018,29457.714285714286,28900.1,0.0050549835263995965,0.005214093237968516,0.02399449982811963,0.05090844946198625,-0.00033453620120427185,-0.030000000000000027,2017-09-04,0.012958238216731477,30174.0,Train
2017-09-04,30174,30187,30250,29800,270,29788.0,29756.0,0.012958238216731477,29622.428571428572,28954.533333333333,0.005441614292825072,0.005530853614306867,0.039729850797698196,0.05721593497074373,-0.0029094273859224806,0.010000000000000009,2017-09-05,0.0017233379730894338,30226.0,Train
2017-09-05,30226,30389,30421,30010,190,30174.0,29788.0,0.0017233379730894338,29785.285714285714,29011.066666666666,0.005497877727082961,0.005514563284087734,0.03919411400673867,0.05944619698562925,-0.0029094273859224806,0.010000000000000009,2017-09-06,-0.004565605769866976,30088.0,Train
2017-09-06,30088,30200,30298,30055,12400,30226.0,30174.0,-0.004565605769866976,29880.0,29064.333333333332,0.005885849973976901,0.005610121751357255,0.022531860662701853,0.05608985608985617,-0.001687293214880481,-0.07,2017-09-07,0.006613932464770045,30287.0,Train
2017-09-07,30287,30050,30348,30010,14460,30088.0,30226.0,0.006613932464770045,29979.85714285714,29127.366666666665,0.005970339794883288,0.0055891302983825065,0.02362444234148975,0.06659388646288211,-0.003460204434058589,0.020000000000000018,2017-09-08,-0.0005282794598342466,30271.0,Train
2017-09-08,30271,30350,30470,30221,13380,30287.0,30088.0,-0.0005282794598342466,30084.285714285714,29187.166666666668,0.005830982516939555,0.0056088665322852095,0.024746106973595028,0.06299820908101283,-0.00522906782855892,-0.06,2017-09-11,-0.010868487991807285,29942.0,Train
2017-09-11,29942,30187,30187,29888,12580,30271.0,30287.0,-0.010868487991807285,30110.85714285714,29232.033333333333,0.007628534627373385,0.006066414502027235,0.006250840166688976,0.04706952021261723,-0.001060020903908665,-0.010000000000000009,2017-09-12,0.00036737692872890193,29953.0,Train
2017-09-12,29953,29910,29977,29830,9390,29942.0,30271.0,0.00036737692872890193,30134.428571428572,29277.533333333333,0.007630754695552702,0.006060824157050875,0.005539143279172931,0.047747306562193836,0.0032001335707925183,0.06,2017-09-13,-0.0019029813374286109,29896.0,Train
2017-09-13,29896,30011,30077,29841,10610,29953.0,29942.0,-0.0019029813374286109,30094.714285714286,29323.6,0.005442576005860529,0.006045864697597955,-0.009213229933054956,0.04846741951322153,0.0015801688348913157,0.020000000000000018,2017-09-14,0.004147712068504061,30020.0,Train
2017-09-14,30020,29831,30059,29775,12390,29896.0,29953.0,0.004147712068504061,30065.285714285714,29374.733333333334,0.005736857308021202,0.006042963931468632,-0.006815324555018876,0.05385101453345498,0.0031285801194382845,0.019999999999999962,2017-09-15,-0.005029980013324442,29869.0,Train
2017-09-15,29869,30063,30096,29840,11580,30020.0,29896.0,-0.005029980013324442,30034.0,29422.133333333335,0.005787926538967065,0.006144595780454324,-0.007278649295400119,0.04998769641790002,-0.00041228460890030405,0.0,2017-09-18,-0.010311694398875138,29561.0,Train
2017-09-18,29561,29845,29845,29550,10850,29869.0,30020.0,-0.010311694398875138,29930.285714285714,29461.733333333334,0.005595241786400808,0.006480427531395187,-0.02397068048997919,0.04187079265498883,-0.0027923548583107527,0.0,2017-09-19,0.002266499780115616,29628.0,Train
2017-09-19,29628,29521,29690,29521,8109,29561.0,29869.0,0.002266499780115616,29838.428571428572,29502.033333333333,0.0059280066645464174,0.0064822973478046,-0.021241452214991297,0.042541961363876224,0.003004209031645777,0.010000000000000009,2017-09-20,0.005130282165519029,29780.0,Train
2017-09-20,29780,29660,29817,29660,8420,29628.0,29561.0,0.005130282165519029,29815.285714285714,29549.466666666667,0.005477008301169213,0.006480060563810215,-0.00541046022309799,0.05018161300560697,-0.00023840184241363804,0.010000000000000009,2017-09-21,-0.0065815983881799545,29584.0,Train
2017-09-21,29584,29620,29680,29450,13180,29780.0,29628.0,-0.0065815983881799545,29762.571428571428,29575.6,0.005854941543187067,0.006085624234270692,-0.012319300237037978,0.02722222222222226,-0.0016692108398348449,0.06,2017-09-22,0.0008112493239589291,29608.0,Train
2017-09-22,29608,29660,29767,29586,8540,29584.0,29780.0,0.0008112493239589291,29721.428571428572,29591.533333333333,0.005932830016311308,0.005750709998271577,-0.009633395772009612,0.016409200137315505,0.004553968398889996,0.010000000000000009,2017-09-25,0.01543501756282084,30065.0,Train
2017-09-25,30065,29580,30150,29525,13450,29608.0,29584.0,0.01543501756282084,29727.85714285714,29621.766666666666,0.008610859114324845,0.006360466353395769,0.0014990006662225497,0.03110638589752379,-0.0015836337647243681,-0.020000000000000018,2017-09-26,-0.005987028105770786,29885.0,Train
2017-09-26,29885,30129,30195,29802,11900,30065.0,29608.0,-0.005987028105770786,29730.14285714286,29649.866666666665,0.008715547272339306,0.0064253698379165974,0.0005356724363052567,0.029026926520212104,0.005296347175557381,-0.03999999999999998,2017-09-27,-0.007093859795884172,29673.0,Train
2017-09-27,29673,29861,29944,29644,10370,29885.0,30065.0,-0.007093859795884172,29746.14285714286,29676.366666666665,0.008140187801328271,0.0064819628283637265,0.003788775751835116,0.027529607313525828,0.004085787824407161,0.020000000000000018,2017-09-28,-0.0016513328615239686,29624.0,Train
2017-09-28,29624,29650,29706,29530,7990,29673.0,29885.0,-0.0016513328615239686,29745.571428571428,29694.066666666666,0.008138681460421028,0.006378421932241556,-0.0001350074254083955,0.01825181315092972,0.0026900012662043338,0.03999999999999998,2017-09-29,-0.0025317310288954786,29549.0,Train
2017-09-29,29549,29615,29740,29430,7490,29624.0,29673.0,-0.0025317310288954786,29712.571428571428,29708.733333333334,0.007845055472194901,0.006404396080819564,-0.0077568838146406804,0.015115599986258443,0.0015380813684109373,0.0,2017-10-03,-0.005042471826457784,29400.0,Train
2017-10-03,29400,29420,29456,29352,1530,29549.0,29624.0,-0.005042471826457784,29686.285714285714,29714.6,0.007685287127267157,0.00644859760915875,-0.006219578150351568,0.0060224473035861426,0.0025607089684767104,0.020000000000000018,2017-10-04,-0.0023469387755101767,29331.0,Train
2017-10-04,29331,29479,29513,29258,230,29400.0,29549.0,-0.0023469387755101767,29646.714285714286,29723.6,0.007663100200741349,0.0063749929742623135,-0.009355579573088302,0.009290802105915041,-0.00036695219473648066,-0.020000000000000018,2017-10-05,0.0027615833077632157,29412.0,Train
2017-10-05,29412,29469,29469,29361,60,29331.0,29400.0,0.0027615833077632157,29553.428571428572,29734.333333333332,0.003301530356228209,0.006389500355178199,-0.02171960751704638,0.011069095909247206,-0.0007758676166814693,-0.010000000000000009,2017-10-06,0.0033319733442132016,29510.0,Train
2017-10-06,29510,29325,29540,29274,11300,29412.0,29331.0,0.0033319733442132016,29499.85714285714,29750.633333333335,0.0037978137601080656,0.006389446486523894,-0.012548101054040472,0.016849867337445312,0.003082295847790073,0.010000000000000009,2017-10-09,0.00542189088444589,29670.0,Train
2017-10-09,29670,29540,29718,29540,6170,29510.0,29412.0,0.00542189088444589,29499.428571428572,29770.1,0.0038339716324801527,0.006444183522772602,-0.0001011020119300321,0.020078388228013555,0.0018248851760180873,0.010000000000000009,2017-10-10,0.003302999662959216,29768.0,Train
2017-10-10,29768,29700,29798,29700,6980,29670.0,29510.0,0.003302999662959216,29520.0,29781.533333333333,0.003936012643416991,0.006126393420898528,0.004860923575479292,0.011656754460492857,0.0018248851760180873,0.010000000000000009,2017-10-11,-0.00366165009406072,29659.0,Train
2017-10-11,29659,29717,29770,29638,5430,29768.0,29670.0,-0.00366165009406072,29535.714285714286,29783.9,0.0041099436586633144,0.006090669362193447,0.0037226302074520046,0.0023996214681627492,-0.0043390703178524115,-0.030000000000000027,2017-10-12,0.0032705081088371113,29756.0,Train
2017-10-12,29756,29725,29840,29692,6880,29659.0,29768.0,0.0032705081088371113,29586.571428571428,29791.1,0.003361528155925394,0.00610850415021777,0.012108843537415037,0.007312119160460373,2.7197711041093697e-06,-0.009999999999999953,2017-10-13,0.001478693372765072,29800.0,Train
2017-10-13,29800,29750,29817,29660,7310,29756.0,29659.0,0.001478693372765072,29653.571428571428,29792.566666666666,0.002863056784597287,0.005967526209816062,0.015989908288159382,0.001478693372765072,0.00010425760876553447,-0.020000000000000018,2017-10-16,0.00026845637583883253,29808.0,Train
2017-10-16,29808,29809,29896,29790,5770,29800.0,29756.0,0.00026845637583883253,29710.14285714286,29793.233333333334,0.0029459160779540168,0.005964639403502716,0.01346389228886169,0.0006714113065664495,-0.00043783630904892235,-0.010000000000000009,2017-10-17,-0.008152173913043459,29565.0,Train
2017-10-17,29565,29751,29751,29550,8270,29808.0,29800.0,-0.008152173913043459,29718.0,29772.933333333334,0.00470098800363981,0.005623494676116461,0.0018637749915282331,-0.02018293895406642,0.002505738349404929,0.030000000000000027,2017-10-18,-0.0009808895653644623,29536.0,Train
2017-10-18,29536,29640,29643,29504,5080,29565.0,29808.0,-0.0009808895653644623,29698.85714285714,29749.933333333334,0.004119724939145025,0.005605550138656295,-0.0045163464779238716,-0.02282802884933499,0.0033552493504802605,0.019999999999999962,2017-10-19,0.003995124593716204,29654.0,Train
2017-10-19,29654,29600,29669,29593,1700,29536.0,29565.0,0.003995124593716204,29682.571428571428,29735.466666666667,0.00423675044189115,0.0056227107866385255,-0.003829615694705746,-0.014424355224674335,-0.001737380549452272,0.020000000000000018,2017-10-20,-0.0038106157685303677,29541.0,Train
2017-10-20,29541,29600,29622,29524,3220,29654.0,29536.0,-0.0038106157685303677,29665.714285714286,29710.6,0.004255375066407883,0.005490458940129928,-0.003978556256111099,-0.024631029814772054,-0.002381653411174356,-0.010000000000000009,2017-10-23,-0.0014217528181171835,29499.0,Train
2017-10-23,29499,29502,29550,29364,7210,29541.0,29654.0,-0.0014217528181171835,29629.0,29684.866666666665,0.003906387678420169,0.005491265321152554,-0.008636913563651039,-0.025502956625152784,0.005249068195336326,0.030000000000000027,2017-10-24,-3.3899454218833114e-05,29498.0,Train
2017-10-24,29498,29515,29537,29444,5500,29499.0,29541.0,-3.3899454218833114e-05,29585.85714285714,29670.066666666666,0.0037709479439593024,0.005155400086017738,-0.010134228187919425,-0.01482866875960187,0.0015841494990431748,0.0,2017-10-25,-0.004610482066580768,29362.0,Train
2017-10-25,29362,29475,29475,29275,8109,29498.0,29499.0,-0.004610482066580768,29522.14285714286,29650.366666666665,0.003850868543753523,0.00520686890316988,-0.014962426194310208,-0.019730911761760117,0.001702133016345142,0.030000000000000027,2017-10-26,-0.004291260813296116,29236.0,Train
2017-10-26,29236,29375,29443,29211,8370,29362.0,29498.0,-0.004291260813296116,29475.14285714286,29628.366666666665,0.003037695502706623,0.005244790803614033,-0.01112802300016913,-0.02207653197752213,-0.00011041025037994423,0.010000000000000009,2017-10-27,0.0012313585989875975,29272.0,Train
2017-10-27,29272,29223,29299,29169,6530,29236.0,29362.0,0.0012313585989875975,29437.428571428572,29603.433333333334,0.003221554796124973,0.005177854229641716,-0.008938244853737842,-0.024916722185209905,0.0022569269883221388,0.009999999999999898,2017-10-30,0.0026305001366493386,29349.0,Train
2017-10-30,29349,29263,29369,29204,4820,29272.0,29236.0,0.0026305001366493386,29393.85714285714,29586.1,0.0028716063249147796,0.005152302267608794,-0.010285290348688192,-0.017409354179918957,0.004547579849124572,-0.029999999999999916,2017-10-31,-0.010528467750178905,29040.0,Train
2017-10-31,29040,29300,29337,28958,5800,29349.0,29272.0,-0.010528467750178905,29322.285714285714,29568.733333333334,0.004464228458358049,0.005166564210161642,-0.016959480044683617,-0.01762457291701902,-0.0022157923129394463,-0.040000000000000036,2017-11-01,0.0027548209366390353,29120.0,Train
2017-11-01,29120,29048,29260,28991,2160,29040.0,29349.0,0.0027548209366390353,29268.14285714286,29551.8,0.004881368737332182,0.005176599810877435,-0.01284789314892032,-0.01714594302686645,-0.0008561138863817375,0.0,2017-11-02,0.004189560439560536,29242.0,Train
2017-11-02,29242,29301,29318,29168,340,29120.0,29040.0,0.004189560439560536,29231.571428571428,29533.866666666665,0.005376997800839858,0.0051436654023427,-0.008678554478269707,-0.018065815983881794,-9.838540604545365e-05,-0.010000000000000009,2017-11-03,-0.0017440667533000775,29191.0,Train
2017-11-03,29191,29230,29456,29002,50,29242.0,29120.0,-0.0017440667533000775,29207.14285714286,29520.766666666666,0.0051824530364423145,0.00502394271154183,-0.0058238539609017925,-0.013284207679826965,-0.002207627944920243,-0.010000000000000009,2017-11-06,0.005892227056284449,29363.0,Train
2017-11-06,29363,29130,29388,29130,7660,29191.0,29242.0,0.005892227056284449,29225.285714285714,29512.6,0.005467899662355337,0.005151380294022451,0.004343959501983852,-0.008274790597135873,0.003504339859109251,0.0,2017-11-07,0.0032013077682797597,29457.0,Train
2017-11-07,29457,29349,29490,29333,8210,29363.0,29191.0,0.0032013077682797597,29251.714285714286,29492.333333333332,0.005553890506089543,0.004275520051346014,0.00632003279584592,-0.020222850490603683,-0.0019528615317545572,-0.019999999999999962,2017-11-08,0.0035645177716672194,29562.0,Train
2017-11-08,29562,29451,29600,29438,7900,29457.0,29363.0,0.0035645177716672194,29282.14285714286,29481.566666666666,0.005612916777802544,0.004221366233611935,0.007257487478278701,-0.01080809770788016,0.0020130737909249685,-0.020000000000000018,2017-11-09,0.0036533387456869626,29670.0,Train
2017-11-09,29670,29530,29689,29466,9360,29562.0,29457.0,0.0036533387456869626,29372.14285714286,29481.466666666667,0.0023485798554303224,0.004083402280891909,0.02169421487603307,-0.0001011020119300321,-0.0022430738061505195,0.010000000000000009,2017-11-10,-0.005460060667340727,29508.0,Train
2017-11-10,29508,29640,29700,29468,9680,29670.0,29562.0,-0.005460060667340727,29427.571428571428,29477.6,0.004003496306172266,0.004194366917170949,0.013324175824175777,-0.003915743991358411,-0.0011719571864073908,0.010000000000000009,2017-11-13,0.003761691744611717,29619.0,Train
2017-11-13,29619,29504,29636,29473,6190,29508.0,29670.0,0.003761691744611717,29481.428571428572,29479.933333333334,0.003965794663578571,0.004226957448681951,0.012892415019492454,0.002368946495651336,-0.0011719571864073908,0.06,2017-11-14,3.37621121577758e-05,29620.0,Train
2017-11-14,29620,29550,29660,29411,10220,29619.0,29508.0,3.37621121577758e-05,29542.714285714286,29487.266666666666,0.003749137892263768,0.0041146289437385105,0.01469631050666309,0.007482993197278853,0.001978261532090464,0.0,2017-11-15,-0.003106009453072267,29528.0,Train
2017-11-15,29528,29600,29740,29512,9840,29620.0,29619.0,-0.003106009453072267,29566.285714285714,29493.833333333332,0.0037716939320229293,0.004133482693622511,0.0056193168272997696,0.006716443353448565,-0.002447592797850895,-0.010000000000000009,2017-11-16,-0.001253047954483888,29491.0,Train
2017-11-16,29491,29544,29555,29452,7790,29528.0,29620.0,-0.001253047954483888,29571.14285714286,29496.466666666667,0.003674917098709184,0.004113683960371802,0.0011542248022540225,0.002685978512172005,-0.00025827349548956935,-0.030000000000000027,2017-11-17,0.0056627445661388,29658.0,Train
2017-11-17,29658,29462,29689,29361,9900,29491.0,29528.0,0.0056627445661388,29584.85714285714,29501.4,0.00406296558931076,0.004198020883927421,0.0032474122183885346,0.0050152490681125705,-0.002010209820695774,0.050000000000000044,2017-11-20,-0.010755951176748213,29339.0,Train
2017-11-20,29339,29700,29729,29268,10650,29658.0,29491.0,-0.010755951176748213,29537.571428571428,29490.366666666665,0.005557027666673814,0.004527005507889655,-0.011156049882035779,-0.011156049882035779,-0.002293792379432058,-0.040000000000000036,2017-11-21,-0.0001704216230955513,29334.0,Train
2017-11-21,29334,29410,29425,29277,7660,29339.0,29658.0,-0.0001704216230955513,29512.714285714286,29475.9,0.005296290315661105,0.0044740952286256176,-0.005896705978039818,-0.014579414135984958,0.0023269934847787166,0.030000000000000027,2017-11-22,0.00579532283357187,29504.0,Train
2017-11-22,29504,29341,29525,29280,7800,29334.0,29339.0,0.00579532283357187,29496.285714285714,29470.733333333334,0.005635225825335294,0.004574211796079541,-0.0038826428981396655,-0.005226069658451071,-0.002490564884563118,0.0,2017-11-23,-0.002847071583514049,29420.0,Train
2017-11-23,29420,29475,29510,29393,5780,29504.0,29334.0,-0.002847071583514049,29467.714285714286,29459.533333333333,0.005691092482682698,0.004552105775893643,-0.006752194463200523,-0.011291840301115741,-0.003780766028609883,-0.040000000000000036,2017-11-24,-0.00152957171991841,29375.0,Train
2017-11-24,29375,29475,29500,29357,5800,29420.0,29504.0,-0.00152957171991841,29445.85714285714,29445.366666666665,0.005622495171681403,0.004543138456909495,-0.005181522622595525,-0.014261744966442946,-0.003780766028609883,-0.040000000000000036,2017-11-27,0.002893617021276551,29460.0,Train
2017-11-27,29460,29450,29510,29402,6550,29375.0,29420.0,0.002893617021276551,29441.428571428572,29433.766666666666,0.005774384634534954,0.00458293373281352,-0.001051168152995774,-0.011674718196457379,-0.004865090735434507,0.020000000000000018,2017-11-28,-0.002681602172437181,29381.0,Train
2017-11-28,29381,29450,29456,29359,5800,29460.0,29375.0,-0.002681602172437181,29401.85714285714,29427.633333333335,0.005211693231187031,0.00436680801114837,-0.009339807134668532,-0.006223575173346818,0.0008025426879090247,-0.010000000000000009,2017-11-29,-0.0056499098056567165,29215.0,Train
2017-11-29,29215,29430,29441,29188,5890,29381.0,29460.0,-0.0056499098056567165,29384.14285714286,29416.933333333334,0.003852231543984119,0.004477442435673562,-0.004226456252769406,-0.01086809317443116,0.0017091440112755318,0.010000000000000009,2017-11-30,-0.007633065206229639,28992.0,Train
2017-11-30,28992,29287,29287,28927,6540,29215.0,29381.0,-0.007633065206229639,29335.285714285714,29394.866666666665,0.004661613228647173,0.004589827186198777,-0.011658825935774164,-0.022324138396169202,0.0002239310691212193,0.030000000000000027,2017-12-01,0.007760761589403975,29217.0,Train
2017-12-01,29217,29045,29344,29038,2160,28992.0,29215.0,0.007760761589403975,29294.285714285714,29384.066666666666,0.005212469266414455,0.004804265845330188,-0.009727494577006501,-0.010967807454046907,0.0012535519571454934,0.030000000000000027,2017-12-04,-0.005407810521271816,29059.0,Train
2017-12-04,29059,29021,29200,28970,90,29217.0,28992.0,-0.005407810521271816,29242.714285714286,29369.4,0.005418080317658439,0.004889117138454532,-0.012270564242012227,-0.014915759856266364,-0.00292853470064669,-0.050000000000000044,2017-12-05,-0.005712515915895278,28893.0,Train
2017-12-05,28893,29095,29170,28865,50,29059.0,29217.0,-0.005712515915895278,29173.85714285714,29349.233333333334,0.005616787729203283,0.004979963040083645,-0.016408510638297846,-0.020509865075598377,0.0023215633009598946,-0.010000000000000009,2017-12-06,0.0027342262831828723,28972.0,Train
2017-12-06,28972,28950,29039,28922,6380,28893.0,29059.0,0.0027342262831828723,29104.14285714286,29336.233333333334,0.005592270280687435,0.004960496944100642,-0.016564833672776613,-0.013282473945916529,0.0008469433046187635,0.0,2017-12-07,-0.010423857517603219,28670.0,Train
2017-12-07,28670,28932,28932,28653,7380,28972.0,28893.0,-0.010423857517603219,29002.571428571428,29317.366666666665,0.00637502177630654,0.005243249138166837,-0.02419931248085494,-0.01935969352852651,0.0034446400369263497,-0.030000000000000027,2017-12-08,-0.002860132542727545,28588.0,Train
2017-12-08,28588,28650,28650,28500,8420,28670.0,28972.0,-0.002860132542727545,28913.0,29294.566666666666,0.00630326799377491,0.005246156373099472,-0.021461577956529143,-0.023367040174911202,0.001323158153928361,0.030000000000000027,2017-12-11,-0.005561774170980804,28429.0,Train
2017-12-11,28429,28550,28573,28412,5920,28588.0,28670.0,-0.005561774170980804,28832.571428571428,29263.9,0.006099079343383784,0.005275935318072623,-0.019419150110375316,-0.031346894272377246,0.0018870847737930685,0.0,2017-12-12,-0.003904463751802756,28318.0,Train
2017-12-12,28318,28432,28475,28271,7580,28429.0,28588.0,-0.003904463751802756,28704.14285714286,29239.833333333332,0.003955433642374384,0.004996693040338149,-0.030769757333059533,-0.02486225895316807,-0.001300040547599357,0.010000000000000009,2017-12-13,0.002083480471784638,28377.0,Train
2017-12-13,28377,28350,28445,28320,4660,28318.0,28429.0,0.002083480471784638,28606.714285714286,29215.066666666666,0.004611495998825706,0.004981579948832504,-0.023469493100244376,-0.025515109890109855,0.003949309838525705,0.0,2017-12-14,0.004334496246960473,28500.0,Train
2017-12-14,28500,28434,28589,28421,6630,28377.0,28318.0,0.004334496246960473,28550.571428571428,29190.333333333332,0.005278965988476967,0.004986702707053182,-0.013601910497352265,-0.02537446139114974,-0.0022013712166454313,-0.030000000000000027,2017-12-15,-0.0020701754385964444,28441.0,Train
2017-12-15,28441,28474,28559,28395,5540,28500.0,28377.0,-0.0020701754385964444,28474.714285714286,29165.333333333332,0.004865717403666089,0.004989086503443881,-0.018328040867044093,-0.025692850536124134,-0.0016769129703736452,0.0,2017-12-18,0.007805632713336452,28663.0,Train
2017-12-18,28663,28492,28683,28470,6170,28441.0,28500.0,0.007805632713336452,28473.714285714286,29142.0,0.004876756638065367,0.005089538788473993,-0.00024415765608654105,-0.023839525933998518,0.0003537694449422535,-0.010000000000000009,2017-12-19,-0.0037679238042075403,28555.0,Train
2017-12-19,28555,28656,28680,28535,5950,28663.0,28441.0,-0.0037679238042075403,28469.0,29111.933333333334,0.0049757887599335745,0.005059976380361658,-0.0011543304883168126,-0.030620905048036162,-0.0019796883970463197,0.030000000000000027,2017-12-20,0.0021712484678690913,28617.0,Train
2017-12-20,28617,28618,28658,28557,6070,28555.0,28663.0,0.0021712484678690913,28495.85714285714,29080.433333333334,0.004400318602356192,0.005022668074731204,0.006612965633683965,-0.03196671402476148,0.00195566439392425,0.050000000000000044,2017-12-21,-0.0007338295418807261,28596.0,Train
2017-12-21,28596,28645,28665,28542,5630,28617.0,28555.0,-0.0007338295418807261,28535.571428571428,29044.633333333335,0.003958284052976606,0.004943643341517459,0.009817077477223046,-0.03619817997977759,-0.0026042627479740954,0.019999999999999907,2017-12-22,0.005630158064064972,28757.0,Train
2017-12-22,28757,28560,28790,28560,6080,28596.0,28617.0,0.005630158064064972,28589.85714285714,29019.6,0.0042742434768914496,0.00502927898862022,0.013391126616626225,-0.025450725227057047,0.00038344907480514223,-0.019999999999999907,2017-12-26,0.005807281705323852,28924.0,Train
2017-12-26,28924,28796,28933,28778,4330,28757.0,28596.0,0.005807281705323852,28650.428571428572,28996.433333333334,0.004446269240095982,0.005107177570139445,0.014877192982456044,-0.023464667949626983,0.0019940727967344696,-0.010000000000000009,2017-12-27,0.0058083252662148865,29092.0,Train
2017-12-27,29092,28890,29110,28888,5160,28924.0,28757.0,0.0058083252662148865,28743.428571428572,28978.833333333332,0.004198995830220399,0.005245786936610454,0.02288949052424316,-0.017825793382849398,-0.0011152145325323826,-0.010000000000000009,2017-12-28,0.002715523167881262,29171.0,Train
2017-12-28,29171,29150,29220,29099,5060,29092.0,28924.0,0.002715523167881262,28816.0,28966.933333333334,0.003687312131038644,0.005257017586986057,0.017723197153124204,-0.012090219452722817,-0.001085822314414564,-0.050000000000000044,2017-12-29,0.006890404854136056,29372.0,Train
2017-12-29,29372,29202,29400,29134,6930,29171.0,29092.0,0.006890404854136056,28932.714285714286,28962.966666666667,0.0027367735619311935,0.005418781002265507,0.028611451584661163,-0.004035129361500078,-0.0030661592183685027,-0.010000000000000009,2018-01-01,-0.0016342094511779814,29324.0,Train
2018-01-01,29324,29332,29385,29275,1580,29372.0,29171.0,-0.0016342094511779814,29033.714285714286,28951.833333333332,0.003454106682961379,0.005312970741032155,0.024705594576650336,-0.01126171690606248,-0.0039551048994076465,-0.02999999999999997,2018-01-02,0.0023189196562543035,29392.0,Train
2018-01-02,29392,29332,29463,29332,1700,29324.0,29372.0,0.0023189196562543035,29147.428571428572,28953.6,0.002992704680442351,0.0049553304186526915,0.02783606098755076,0.001806469204812755,-0.0039551048994076465,-0.02999999999999997,2018-01-03,0.0030280348394120526,29481.0,Train
2018-01-03,29481,29385,29492,29385,190,29392.0,29324.0,0.0030280348394120526,29250.85714285714,28958.5,0.0029072618624541463,0.004984257389435184,0.025176478770386312,0.005011249744323987,-0.003940831208330886,0.020000000000000018,2018-01-04,-0.00030528136766050373,29472.0,Train
2018-01-04,29472,29365,29475,29276,200,29481.0,29392.0,-0.00030528136766050373,29329.14285714286,28957.433333333334,0.0030356345042045637,0.004870348125149786,0.01894620384455825,-0.0010845986984815426,0.00027908376617169495,0.0,2018-01-05,-0.00023751357220413993,29465.0,Train
2018-01-05,29465,29500,29550,29440,190,29472.0,29481.0,-0.00023751357220413993,29382.428571428572,28958.933333333334,0.0028548437831866906,0.004841419586440403,0.01282139419771755,0.00152957171991841,-0.0017998615911907212,-0.010000000000000009,2018-01-08,-0.0066180213812998545,29270.0,Train
2018-01-08,29270,29235,29290,29176,5900,29465.0,29472.0,-0.0066180213812998545,29396.571428571428,28955.433333333334,0.0042219606567310336,0.0049860852832833485,0.003393781495320658,-0.0035744680851064192,-0.0011701013083029732,0.010000000000000009,2018-01-09,-0.003313973351554478,29173.0,Train
2018-01-09,29173,29265,29278,29153,5420,29270.0,29465.0,-0.003313973351554478,29368.14285714286,28945.866666666665,0.0033069392056130366,0.004986058915269781,-0.006775160016342041,-0.009742023082145335,0.0019981783198110836,0.009999999999999953,2018-01-10,0.005827306070681715,29343.0,Train
2018-01-10,29343,29155,29444,29123,10830,29173.0,29270.0,0.005827306070681715,29370.85714285714,28944.6,0.004150586725032879,0.005087726034674262,0.000647933433365111,-0.0012933528470779887,0.003051983195838881,0.050000000000000044,2018-01-11,0.002078860375558156,29404.0,Train
2018-01-11,29404,29338,29420,29315,5810,29343.0,29173.0,0.002078860375558156,29372.571428571428,28950.9,0.004130137931306964,0.0049880758493486,0.0004082743603701644,0.006469279479719425,-0.00249766838788934,0.0,2018-01-12,0.005067337777173275,29553.0,Train
2018-01-12,29553,29425,29590,29425,9230,29404.0,29343.0,0.005067337777173275,29382.85714285714,28969.6,0.004434624471853578,0.004834565183443854,0.002442250941284252,0.0193501655629138,-0.0012697486043711237,0.020000000000000018,2018-01-15,0.007105877575880548,29763.0,Train
2018-01-15,29763,29590,29785,29590,6000,29553.0,29404.0,0.007105877575880548,29424.428571428572,28987.8,0.005086882369836084,0.004802726176561161,0.009873778501628738,0.018687750282369908,-0.005368585645289747,0.0,2018-01-16,0.0022511171588885937,29830.0,Train
2018-01-16,29830,29780,29860,29754,8690,29763.0,29553.0,0.0022511171588885937,29476.571428571428,29013.5,0.005038821031512579,0.004672588431125733,0.012387578482945916,0.026532227537079844,-0.005368585645289747,0.0,2018-01-17,-0.002313107609788756,29761.0,Train
2018-01-17,29761,29876,29884,29705,6830,29830.0,29763.0,-0.002313107609788756,29546.714285714286,29042.433333333334,0.003999859173729208,0.004546627797232734,0.01677485480013674,0.030041878655729715,-0.0053185921157749005,-0.030000000000000027,2018-01-18,-0.003931319512113118,29644.0,Train
2018-01-18,29644,29702,29702,29501,9530,29761.0,29830.0,-0.003931319512113118,29614.0,29064.833333333332,0.004150459311879053,0.004621068927942946,0.01614506564288898,0.023194808780891973,-0.0015620124480943964,0.020000000000000018,2018-01-19,0.0033396302793144983,29743.0,Train
2018-01-19,29743,29615,29775,29600,5950,29644.0,29761.0,0.0033396302793144983,29671.14285714286,29100.6,0.003896640487214301,0.004127803027149735,0.01363187131513488,0.03742588071154507,-0.0008053435608575965,0.039999999999999925,2018-01-22,0.0021181454459873184,29806.0,Train
2018-01-22,29806,29701,29825,29701,5520,29743.0,29644.0,0.0021181454459873184,29728.571428571428,29141.2,0.0038968976797566193,0.004057009030006638,0.013671609304856558,0.042605288932419105,-0.0011104376512393044,0.010000000000000009,2018-01-23,0.002348520432127854,29876.0,Train
2018-01-23,29876,29836,29924,29752,7020,29806.0,29743.0,0.002348520432127854,29774.714285714286,29189.433333333334,0.003662656779635549,0.0038402278728511055,0.010929516461949618,0.05089873016989688,0.001496125359556455,0.020000000000000018,2018-01-24,0.012317579327888684,30244.0,Train
2018-01-24,30244,29907,30290,29879,11080,29876.0,29806.0,0.012317579327888684,29843.428571428572,29253.633333333335,0.00518942053233618,0.00415813868720279,0.016161005275005857,0.06801327777385402,-0.0010091853441497323,-0.030000000000000027,2018-01-25,0.004066922364766468,30367.0,Train
2018-01-25,30367,30310,30476,30185,9880,30244.0,29876.0,0.004066922364766468,29920.14285714286,29319.966666666667,0.005231527170599145,0.004171900621656537,0.01800201139792157,0.07012721570285785,-0.008497387449200366,0.010000000000000009,2018-01-29,-0.009648631738400248,30074.0,Train
2018-01-29,30074,30285,30285,30004,8630,30367.0,30244.0,-0.009648631738400248,29964.85714285714,29372.433333333334,0.006854255481359694,0.004683122644979331,0.01051711972043945,0.055228070175438626,0.0017454546820250272,0.009999999999999898,2018-01-30,-0.000731528895391409,30052.0,Train
2018-01-30,30052,30000,30197,29960,6810,30074.0,30367.0,-0.000731528895391409,30023.14285714286,29426.133333333335,0.006529438391452226,0.004651203697203078,0.013763324787477993,0.056643577933265465,0.003965654117353612,0.040000000000000036,2018-01-31,0.00039930786636488413,30064.0,Train
2018-01-31,30064,30085,30172,29976,5480,30052.0,30074.0,0.00039930786636488413,30069.0,29472.833333333332,0.006521437050787283,0.004518790859260377,0.0107924553676495,0.04887834490458087,-7.281947678272616e-05,0.020000000000000018,2018-02-01,0.014901543374135073,30512.0,Train
2018-02-01,30512,30125,30550,30050,1810,30064.0,30052.0,0.014901543374135073,30169.85714285714,29538.066666666666,0.008263338037978631,0.005012378297196587,0.02368650607260281,0.06853440728418847,-0.0031445366476700043,-0.020000000000000018,2018-02-02,-0.0037034609334032353,30399.0,Train
2018-02-02,30399,30780,30817,30200,660,30512.0,30064.0,-0.0037034609334032353,30244.571428571428,29597.466666666667,0.008694488448240027,0.005127940923769975,0.017505690186102596,0.06227067826816235,-0.0026402646446178624,0.06000000000000005,2018-02-05,-0.0037172275403796196,30286.0,Train
2018-02-05,30286,30385,30498,30008,190,30399.0,30512.0,-0.0037172275403796196,30250.571428571428,29653.8,0.0077413304337223265,0.005211601072307994,0.0013887051977252707,0.05909917470974957,0.005891760269026269,0.029999999999999916,2018-02-06,-0.0034339298685861497,30182.0,Train
2018-02-06,30182,30320,30650,30160,12070,30286.0,30399.0,-0.0034339298685861497,30224.14285714286,29701.3,0.00763917245095789,0.005252206563364626,-0.006092139493529158,0.04955315227596757,0.0020062530866329364,-0.029999999999999916,2018-02-07,-0.0068252600887946935,29976.0,Train
2018-02-07,29976,30219,30259,29950,8730,30182.0,30286.0,-0.0068252600887946935,30210.14285714286,29736.366666666665,0.007156323620694231,0.005409521431882083,-0.0032586287158342664,0.03637117964320291,0.0017739681356563342,0.019999999999999907,2018-02-08,0.00423672271150255,30103.0,Train
2018-02-08,30103,29905,30147,29783,11100,29976.0,30182.0,0.00423672271150255,30217.428571428572,29770.066666666666,0.007366384340002116,0.005370883294327481,0.0016970584320510351,0.03475182180668224,0.0018331405017095737,0.050000000000000044,2018-02-09,-0.00345480516892005,29999.0,Train
2018-02-09,29999,30060,30110,29889,9200,30103.0,29976.0,-0.00345480516892005,30208.14285714286,29797.666666666668,0.007497572527653679,0.005426848752864836,-0.002162054284193693,0.02838435432450037,0.005430872420915778,0.020000000000000018,2018-02-12,0.004466815560518755,30133.0,Train
2018-02-12,30133,30102,30175,30017,6400,29999.0,30103.0,0.004466815560518755,30154.0,29823.033333333333,0.004352608339177797,0.00535286608204398,-0.012421342422653359,0.0259090290072177,-0.00040903949585646693,0.020000000000000018,2018-02-13,0.002057544884346063,30195.0,Train
2018-02-13,30195,30170,30221,30091,3530,30133.0,29999.0,0.002057544884346063,30124.85714285714,29852.066666666666,0.004470448103727613,0.005335794921116072,-0.0067107470640481726,0.02970263265584494,-0.002078364502642871,0.010000000000000009,2018-02-14,0.013578407021030081,30605.0,Train
2018-02-14,30605,30220,30693,30066,12870,30195.0,30133.0,0.013578407021030081,30170.428571428572,29892.5,0.006839735400966592,0.0058076332649466674,0.010532919500759519,0.04126973326075123,-0.0025529189175178546,-0.010000000000000009,2018-02-15,-0.0018297663780427742,30549.0,Train
2018-02-15,30549,30612,30644,30501,7630,30605.0,30195.0,-0.0018297663780427742,30222.85714285714,29928.1,0.006670962246837303,0.005827359895261828,0.01215956530382356,0.036226722295715774,-0.0026754543075464543,0.039999999999999925,2018-02-16,0.007725293790304066,30785.0,Train
2018-02-16,30785,30600,30811,30600,8670,30549.0,30605.0,0.007725293790304066,30338.428571428572,29971.866666666665,0.005759318865480079,0.0059390499872602,0.02698825727248466,0.04455076004343095,-0.004488732109973914,-0.029999999999999916,2018-02-19,-0.002273834659736851,30715.0,Train
2018-02-19,30715,30717,30777,30678,4030,30785.0,30549.0,-0.002273834659736851,30425.85714285714,30013.533333333333,0.006191380440567483,0.005970800952902337,0.020330199647875524,0.04242321398269122,0.0004598702455538284,-0.010000000000000009,2018-02-20,-0.006218460035813167,30524.0,Train
2018-02-20,30524,30668,30737,30505,9250,30715.0,30785.0,-0.006218460035813167,30500.85714285714,30055.333333333332,0.00672863088843611,0.005952710043474515,0.017500583352778376,0.042842500854116894,0.0004598702455538284,-0.010000000000000009,2018-02-21,-0.002129471890971013,30459.0,Train
2018-02-21,30459,30500,30516,30371,7080,30524.0,30715.0,-0.002129471890971013,30547.428571428572,30098.2,0.006867871313787707,0.00592411199748076,0.01081870374672289,0.04408185651115759,0.005502826621722301,0.0,2018-02-22,0.0034472569683836607,30564.0,Train
2018-02-22,30564,30450,30580,30380,6530,30459.0,30524.0,0.0034472569683836607,30600.14285714286,30138.9,0.006904688153283753,0.005879318919651502,0.012220566318926984,0.04161128718944895,0.002257841819133022,0.039999999999999925,2018-02-23,-0.002355712603062443,30492.0,Train
2018-02-23,30492,30497,30508,30426,5140,30564.0,30459.0,-0.002355712603062443,30584.0,30175.166666666668,0.004599784502348355,0.005916680811463899,-0.0036922071556935165,0.03700176846687531,-1.019765843224274e-05,-0.009999999999999898,2018-02-26,0.0008526826708645796,30518.0,Train
2018-02-26,30518,30520,30620,30492,5840,30492.0,30564.0,0.0008526826708645796,30579.571428571428,30207.333333333332,0.0045841188777834335,0.005872262453739869,-0.0010147631673704804,0.03265319933678468,-0.0017280571964681801,-0.050000000000000044,2018-02-27,-0.006946719968543125,30306.0,Train
2018-02-27,30306,30518,30597,30270,7860,30518.0,30492.0,-0.006946719968543125,30511.14285714286,30225.433333333334,0.0036495945400872977,0.00593582431638671,-0.015559525743056635,0.018244128616066835,0.0005042700435733405,-0.030000000000000027,2018-02-28,0.0038606216590773013,30423.0,Train
2018-02-28,30423,30319,30475,30277,5120,30306.0,30518.0,0.0038606216590773013,30469.428571428572,30245.2,0.00431393186684777,0.005958308169928458,-0.009506755656845223,0.019879316124706614,0.004069255309570696,0.040000000000000036,2018-03-01,-0.007954508102422486,30181.0,Train
2018-03-01,30181,30307,30372,30111,1470,30423.0,30306.0,-0.007954508102422486,30420.428571428572,30259.2,0.004674886420906435,0.006142006400326683,-0.011237059363124136,0.014112429017842043,0.002007892904982711,-0.020000000000000018,2018-03-02,0.009674961068221632,30473.0,Train
2018-03-02,30473,30445,30575,30400,150,30181.0,30423.0,0.009674961068221632,30422.428571428572,30286.833333333332,0.006300166618882288,0.00630482110156851,0.00045963426245121397,0.027965186884361115,0.0013423710424271817,-0.040000000000000036,2018-03-05,-0.0014439011584025385,30429.0,Train
2018-03-05,30429,30400,30535,30310,180,30473.0,30181.0,-0.0014439011584025385,30403.14285714286,30309.7,0.006133851246500444,0.00630250175605045,-0.004416961130742081,0.023064250411861664,0.0013423710424271817,0.030000000000000027,2018-03-06,0.004568010779191001,30568.0,Train
2018-03-06,30568,30400,30669,30365,10810,30429.0,30473.0,0.004568010779191001,30414.0,30335.1,0.006360621260065073,0.0063362261333897,0.0024924570379116773,0.025565322418305003,-0.0016068430877184126,0.010000000000000009,2018-03-07,-0.0035003925673907643,30461.0,Train
2018-03-07,30461,30620,30639,30404,10100,30568.0,30429.0,-0.0035003925673907643,30405.85714285714,30354.6,0.006516789041215658,0.006378724678708446,-0.0018677501802215613,0.019580934529388028,-0.005209419590370801,0.010000000000000009,2018-03-08,-0.0008207215784117317,30436.0,Train
2018-03-08,30436,30491,30533,30390,7750,30461.0,30568.0,-0.0008207215784117317,30424.428571428572,30361.0,0.005844023316026735,0.005990389551313595,0.004289579621197026,0.006348366618172285,0.002729206498517156,0.0,2018-03-09,-0.0009199632014719183,30408.0,Train
2018-03-09,30408,30413,30474,30290,10960,30436.0,30461.0,-0.0009199632014719183,30422.285714285714,30362.366666666665,0.0056800945945653415,0.0059492461080895955,-0.0004930480228774181,0.0013501498337009643,0.0016282561654012984,-0.010000000000000009,2018-03-12,-0.0022362536174690417,30340.0,Train
2018-03-12,30340,30380,30432,30284,7370,30408.0,30436.0,-0.0022362536174690417,30445.0,30371.233333333334,0.00467767916922487,0.005679867875590543,0.0052682151022165336,0.008844849371550279,-0.0031782508259664555,0.030000000000000027,2018-03-13,0.001549110085695471,30387.0,Train
2018-03-13,30387,30350,30409,30222,10980,30340.0,30408.0,0.001549110085695471,30432.714285714286,30382.4,0.002677110327673624,0.00568072170861575,-0.0028221704459685526,0.011147344602688625,0.00019273000194575118,-0.010000000000000009,2018-03-14,0.0008556290518972887,30413.0,Train
2018-03-14,30413,30399,30545,30364,9560,30387.0,30340.0,0.0008556290518972887,30430.428571428572,30394.033333333333,0.002668822726114161,0.005681371867179374,-0.000525814190410423,0.011608568387440066,-0.0019028420344661123,-0.020000000000000018,2018-03-15,-0.003255186926643172,30314.0,Train
2018-03-15,30314,30456,30474,30288,8330,30413.0,30387.0,-0.003255186926643172,30394.14285714286,30387.433333333334,0.0019405396796331274,0.005010852696260254,-0.008309343103899525,-0.006489250131095914,0.0011500077966630773,-0.010000000000000009,2018-03-16,-0.0020782476743418377,30251.0,Train
2018-03-16,30251,30275,30364,30184,10020,30314.0,30413.0,-0.0020782476743418377,30364.14285714286,30382.5,0.00172024247508475,0.0049804171841893365,-0.006894061258658657,-0.004868581203329003,0.0031605111331762803,0.0,2018-03-19,0.005983273280222079,30432.0,Train
2018-03-19,30432,30222,30453,30129,11620,30251.0,30314.0,0.005983273280222079,30363.571428571428,30387.366666666665,0.003154162444322615,0.005055216340479859,-0.0001314233144960042,0.004820709238592125,0.002125630295592096,0.030000000000000027,2018-03-20,-0.004863301787591978,30284.0,Train
2018-03-20,30284,30393,30393,30220,9130,30432.0,30251.0,-0.004863301787591978,30345.85714285714,30390.766666666666,0.003655176372367414,0.005096944367432828,-0.00407787424362005,0.0033794977138692506,-0.001094683178214817,0.0,2018-03-21,0.005943732664112966,30464.0,Train
2018-03-21,30464,30310,30539,30284,11320,30284.0,30432.0,0.005943732664112966,30363.571428571428,30407.033333333333,0.0042892075029231464,0.005029235887417418,0.004087013843111498,0.016279690419001902,0.0016692132632287748,0.040000000000000036,2018-03-22,0.0013786764705883137,30506.0,Train
2018-03-22,30506,30522,30615,30472,11330,30464.0,30284.0,0.0013786764705883137,30380.571428571428,30420.466666666667,0.004283340181795327,0.0049838680416608265,0.003916148352913984,0.013387370029565249,0.0016692132632287748,-0.010000000000000009,2018-03-23,0.012948272470989286,30901.0,Train
2018-03-23,30901,30550,30947,30550,13640,30506.0,30464.0,0.012948272470989286,30450.285714285714,30450.533333333333,0.00635635664734208,0.005420726777735025,0.01604576990102924,0.030067668922297397,-0.0046250851419370465,-0.050000000000000044,2018-03-26,-0.00038833694702433696,30889.0,Train
2018-03-26,30889,30840,30915,30771,7330,30901.0,30506.0,-0.00038833694702433696,30532.428571428572,30475.733333333334,0.006022839815344938,0.005386085744861603,0.01896813353566018,0.0250887731058973,-0.002259395241380302,0.0,2018-03-27,-0.005568325293793919,30717.0,Train
2018-03-27,30717,30871,30888,30685,9460,30889.0,30901.0,-0.005568325293793919,30599.0,30493.133333333335,0.006601326350740068,0.005505288504581974,0.015404449439687884,0.01728763040238457,-0.005267773864379821,0.020000000000000018,2018-03-28,-0.006478497249080339,30518.0,Train
2018-03-28,30518,30732,30750,30490,8560,30717.0,30889.0,-0.006478497249080339,30611.285714285714,30490.233333333334,0.007075829002534773,0.005074061105919264,0.0028259726603574453,-0.002842672765887899,0.0014368097598567164,-0.06000000000000005,2018-03-29,-0.0030146143259716096,30426.0,Train
2018-03-29,30426,30482,30578,30403,3200,30518.0,30717.0,-0.0030146143259716096,30631.571428571428,30486.133333333335,0.006877283627020321,0.0050927074935957295,0.004688944657244676,-0.004026318373760218,0.002211748352601628,0.010000000000000009,2018-04-02,0.017583645566291883,30961.0,Train
2018-04-02,30961,30580,31080,30510,1380,30426.0,30518.0,0.017583645566291883,30702.571428571428,30492.0,0.009329617753137641,0.005874562374927632,0.016314338235294157,0.005717070001624247,-0.0017331537639903027,-0.030000000000000027,2018-04-03,-0.010852362649785174,30625.0,Train
2018-04-03,30625,30893,30893,30552,330,30961.0,30426.0,-0.010852362649785174,30719.571428571428,30489.0,0.01060091301238622,0.006199276610793422,0.003900871959614527,-0.002930164414781,0.002092513472474522,-0.009999999999999898,2018-04-04,0.008522448979591868,30886.0,Train
2018-04-04,30886,30660,30972,30600,70,30625.0,30961.0,0.008522448979591868,30717.428571428572,30501.066666666666,0.009847172953425416,0.006279571807253361,-0.0004854211837804767,0.011859520377407895,-0.0013082236106043421,0.029999999999999916,2018-04-05,-0.012335686071359153,30505.0,Train
2018-04-05,30505,31500,31500,30450,60,30886.0,30625.0,-0.012335686071359153,30662.571428571428,30502.6,0.010899225770436075,0.006685370187690715,-0.012431609958237555,0.001510226862339481,0.0006851836701300407,0.0,2018-04-06,0.003278151122766859,30605.0,Train
2018-04-06,30605,30571,30650,30413,13420,30505.0,30886.0,0.003278151122766859,30646.571428571428,30503.966666666667,0.01089351449478465,0.006682496705427436,-0.0036461894065175082,0.0013414474545216937,0.0008547318232452472,0.040000000000000036,2018-04-09,0.002287207972553551,30675.0,Train
2018-04-09,30675,30600,30693,30556,7600,30605.0,30505.0,0.002287207972553551,30669.0,30510.066666666666,0.010587355856602896,0.006678234366013322,0.005144504882364398,0.006001574183392311,0.0005615990628258238,-0.050000000000000044,2018-04-10,0.004009779951100301,30798.0,Train
2018-04-10,30798,30613,30819,30585,8760,30675.0,30605.0,0.004009779951100301,30722.14285714286,30519.4,0.010500146735746448,0.006713314939621712,0.01222638532833753,0.009174913166000387,-0.0023842966695921675,0.010000000000000009,2018-04-11,0.014481459835054222,31244.0,Train
2018-04-11,31244,30820,31422,30820,18120,30798.0,30675.0,0.014481459835054222,30762.571428571428,30550.666666666668,0.009761702181392868,0.007044584770034003,0.009140531636575133,0.030950966805253,-0.0015409423834482627,0.010000000000000009,2018-04-12,-0.011106132377416422,30897.0,Train
2018-04-12,30897,31176,31217,30857,13210,31244.0,30798.0,-0.011106132377416422,30801.428571428572,30566.466666666667,0.00981486184886123,0.007360845965380207,0.008881632653061189,0.015580317522926768,-0.00226794540911035,-0.039999999999999925,2018-04-13,0.0034954849985435743,31005.0,Train
2018-04-13,31005,30922,31075,30770,9890,30897.0,31244.0,0.0034954849985435743,30818.428571428572,30593.933333333334,0.009372734242380646,0.0072002181653269695,0.0038528783267499644,0.027301944932242028,0.0015692329522116744,0.019999999999999907,2018-04-16,0.005224963715529718,31167.0,Train
2018-04-16,31167,31055,31227,31050,8090,31005.0,30897.0,0.005224963715529718,30913.0,30617.066666666666,0.007500485003134856,0.0070581414076957005,0.021701360432715866,0.022774259180257994,-0.0005005102968109743,-0.010000000000000009,2018-04-17,0.002887669650591951,31257.0,Train
2018-04-17,31257,31139,31280,31089,9190,31167.0,31005.0,0.002887669650591951,31006.14285714286,30644.666666666668,0.0075003552240015346,0.0070554905918880926,0.021303708544355482,0.027210884353741527,-0.001653350342419757,0.020000000000000018,2018-04-18,0.004894903541606599,31410.0,Train
2018-04-18,31410,31243,31483,31177,9900,31257.0,31167.0,0.004894903541606599,31111.14285714286,30672.733333333334,0.007521460181927639,0.007061569713424016,0.023960880195599055,0.027545145249934677,-0.00023444906804159782,-0.029999999999999916,2018-04-19,0.0021967526265520565,31479.0,Train
2018-04-19,31479,31449,31517,31305,8780,31410.0,31257.0,0.0021967526265520565,31208.428571428572,30706.666666666668,0.007528680968822522,0.007014760743335105,0.022111825443210664,0.03341978267292611,0.0007025778628177992,0.029999999999999916,2018-04-20,-0.005241589631182708,31314.0,Train
2018-04-20,31314,31405,31440,31285,6020,31479.0,31410.0,-0.005241589631182708,31218.428571428572,30735.933333333334,0.006146451970422108,0.007102821621448523,0.0022404301625911227,0.028847417531870256,0.0038287884559367047,0.040000000000000036,2018-04-23,-0.0047901896915117925,31164.0,Train
2018-04-23,31164,31300,31300,31110,6670,31314.0,31479.0,-0.0047901896915117925,31256.571428571428,30761.133333333335,0.004403215310654655,0.007173182910987912,0.008641615690843762,0.024861878453038777,0.0061291093632145355,0.040000000000000036,2018-04-24,0.003144654088050425,31262.0,Train
2018-04-24,31262,31160,31280,31068,6350,31164.0,31314.0,0.003144654088050425,31293.285714285714,30791.866666666665,0.004375148350432126,0.007160775964282238,0.008288985647476155,0.030388925510876685,0.0069745707796451395,0.010000000000000009,2018-04-25,0.0012475209519544617,31301.0,Train
2018-04-25,31301,31298,31324,31215,6170,31262.0,31164.0,0.0012475209519544617,31312.428571428572,30822.333333333332,0.004006231002669379,0.007160223732636003,0.004299419257548065,0.030078652055155253,-0.001309059129815382,0.029999999999999916,2018-04-26,-0.004568544135970076,31158.0,Train
2018-04-26,31158,31251,31276,31112,6270,31301.0,31262.0,-0.004568544135970076,31298.285714285714,30847.166666666668,0.004284375331492011,0.00723245581352763,-0.0031672905269219953,0.024496103639890743,0.005093270925980775,0.030000000000000027,2018-04-27,-0.0009307400988509684,31129.0,Train
2018-04-27,31129,31101,31189,31047,6100,31158.0,31301.0,-0.0009307400988509684,31258.14285714286,30874.333333333332,0.0035824995530886715,0.007199532969895819,-0.008946195479146768,0.026885267533153012,0.0001819932744795416,-0.040000000000000036,2018-04-30,-0.005846638183044761,30947.0,Train
2018-04-30,30947,31090,31090,30892,6380,31129.0,31158.0,-0.005846638183044761,31182.14285714286,30897.533333333333,0.0035723694837576634,0.007285820306791713,-0.016900155659328453,0.023007503884169056,-0.0017473661495583936,-0.029999999999999916,2018-05-01,-0.0023588716192199932,30874.0,Train
2018-05-01,30874,30855,30917,30735,860,30947.0,31129.0,-0.0023588716192199932,31119.285714285714,30912.266666666666,0.0033531988819640126,0.007239593386012142,-0.014051223095101206,0.014524185068349071,0.001491204367360055,-0.010000000000000009,2018-05-02,0.0016842650774113732,30926.0,Train
2018-05-02,30926,31020,31350,30860,500,30874.0,30947.0,0.0016842650774113732,31085.285714285714,30933.666666666668,0.003352961894390143,0.0071705068664165185,-0.007637017070979302,0.021199313168669853,0.0037334352817866012,0.030000000000000027,2018-05-03,0.0024898143956542107,31003.0,Train
2018-05-03,31003,30925,31146,30861,210,30926.0,30874.0,0.0024898143956542107,31048.285714285714,30951.633333333335,0.0032216958614241387,0.007111297032602525,-0.008284818629646251,0.01769301470588225,0.0038088469126014157,-0.010000000000000009,2018-05-04,0.002096571299551764,31068.0,Train
2018-05-04,31068,30907,31154,30907,130,31003.0,30926.0,0.002096571299551764,31015.0,30970.366666666665,0.0033421961219769593,0.007115182553561235,-0.007443851634133081,0.018422605389103675,0.00016157948485195917,-0.020000000000000018,2018-05-07,0.005761555298055887,31247.0,Train
2018-05-07,31247,31125,31300,31125,6160,31068.0,31003.0,0.005761555298055887,31027.714285714286,30981.9,0.0037868787813606438,0.006800265788837459,0.0028564092688876386,0.011197048639202567,0.0006325994755869147,0.010000000000000009,2018-05-08,-0.0015041443978621727,31200.0,Train
2018-05-08,31200,31220,31238,31075,8690,31247.0,31068.0,-0.0015041443978621727,31037.85714285714,30992.266666666666,0.0038267991897024734,0.006807737007638377,0.002280831379099846,0.010068309106801676,0.0029215419501134043,-0.010000000000000009,2018-05-09,0.003301282051282106,31303.0,Train
2018-05-09,31303,31219,31364,31156,9930,31200.0,31247.0,0.003301282051282106,31088.714285714286,31011.8,0.0027855664486026105,0.006733758801226281,0.011503538307428895,0.01907738385910074,0.004439637123650586,0.030000000000000027,2018-05-10,0.0015653451745838431,31352.0,Train
2018-05-10,31352,31338,31470,31231,10730,31303.0,31200.0,0.0015653451745838431,31157.0,31039.6,0.0021749191220946686,0.006598837629712592,0.015482282826974059,0.027328134215872657,-0.0016315064422895986,0.009999999999999898,2018-05-11,0.0047205919877519875,31500.0,Train
2018-05-11,31500,31340,31545,31340,8840,31352.0,31303.0,0.0047205919877519875,31239.0,31075.4,0.0023507661135362045,0.006590907798063875,0.01856043458578549,0.03529875764149093,-0.004300074493740147,-0.019999999999999907,2018-05-14,-0.00012698412698408656,31496.0,Train
2018-05-14,31496,31450,31544,31380,7900,31500.0,31352.0,-0.00012698412698408656,31309.428571428572,31093.233333333334,0.002574729646188657,0.005818706907339397,0.015901686933522452,0.017279803623913903,-0.0010896245641048852,0.019999999999999907,2018-05-15,-0.009842519685039353,31186.0,Train
2018-05-15,31186,31425,31499,31172,14510,31496.0,31500.0,-0.009842519685039353,31326.285714285714,31111.933333333334,0.005257325315397066,0.005752791748812254,0.0037981202523496016,0.018318367346938702,0.0011180154636136752,0.030000000000000027,2018-05-16,-0.005739755018277393,31007.0,Train
2018-05-16,31007,31171,31171,30941,10730,31186.0,31496.0,-0.005739755018277393,31292.0,31115.966666666667,0.005154656971110881,0.0056659835080723146,-0.007680737350785671,0.003917632584342412,0.007437866821244921,0.050000000000000044,2018-05-17,-0.0006772664237107984,30986.0,Train
2018-05-17,30986,31001,31001,30852,8540,31007.0,31186.0,-0.0006772664237107984,31261.428571428572,31132.0,0.00515304420577167,0.005157369450377447,-0.006858974358974312,0.01576790690050811,0.0006976585285158876,0.020000000000000018,2018-05-18,0.003453172400438964,31093.0,Train
2018-05-18,31093,30971,31115,30950,7380,30986.0,31007.0,0.003453172400438964,31231.428571428572,31148.266666666666,0.005174309926414476,0.005160678051164765,-0.006708622176788137,0.0159451070086587,0.0004303420815259251,0.029999999999999916,2018-05-21,0.0006753931753127329,31114.0,Train
2018-05-21,31114,31035,31139,30925,8029,31093.0,30986.0,0.0006753931753127329,31197.428571428572,31162.9,0.0051127838648931416,0.005150243956515636,-0.007591222250574181,0.014311328443357807,0.0032544652358634796,-0.039999999999999925,2018-05-22,-9.641961817830058e-05,31111.0,Train
2018-05-22,31111,31025,31173,31005,7330,31114.0,31093.0,-9.641961817830058e-05,31141.85714285714,31173.333333333332,0.004488508745250344,0.005107770968908557,-0.012349206349206332,0.010162997597246592,-0.0006955067755965993,-0.010000000000000009,2018-05-23,0.002410722895438866,31186.0,Train
2018-05-23,31186,31121,31369,31103,11980,31111.0,31114.0,0.002410722895438866,31097.571428571428,31171.4,0.00473837852614509,0.00437971544467905,-0.009842519685039353,-0.0018563564204326921,-0.003985152195371766,0.010000000000000009,2018-05-24,0.008818059385621746,31461.0,Train
2018-05-24,31461,31241,31486,31235,11060,31186.0,31111.0,0.008818059385621746,31136.85714285714,31190.2,0.00443827217171384,0.004150414976221385,0.008818059385621746,0.018254199436838592,0.004485833382046778,-0.040000000000000036,2018-05-25,-0.008486697816344035,31194.0,Train
2018-05-25,31194,31370,31427,31172,10050,31461.0,31186.0,-0.008486697816344035,31163.571428571428,31196.5,0.005214273900666626,0.004430406360152096,0.006030896249234141,0.006095791001451412,-0.0018335925252453977,-0.010000000000000009,2018-05-28,-0.007148810668718308,30971.0,Train
2018-05-28,30971,31150,31150,30885,6810,31194.0,31461.0,-0.007148810668718308,31161.428571428572,31189.966666666667,0.006042476009936598,0.004522651574054522,-0.00048408958884660347,-0.006288702794622569,0.0008592814505532509,-0.020000000000000018,2018-05-29,0.006877401440056774,31184.0,Train
2018-05-29,31184,31020,31320,31020,12380,30971.0,31194.0,0.006877401440056774,31174.428571428572,31187.533333333333,0.006495315885625899,0.004672757244078387,0.0029267037596887313,-0.0023354768531849146,0.0008592814505532509,-0.020000000000000018,2018-05-30,-0.004938429964084112,31030.0,Train
2018-05-30,31030,31120,31123,30937,9140,31184.0,30971.0,-0.004938429964084112,31162.428571428572,31174.866666666665,0.006800196609092377,0.004657530139413537,-0.0026997493089927493,-0.012098057943330187,0.005631616634239833,-0.10999999999999999,2018-05-31,-0.004769577827908433,30882.0,Train
2018-05-31,30882,31050,31120,30837,6070,31030.0,31184.0,-0.004769577827908433,31129.714285714286,31154.966666666667,0.0069958582027162914,0.004697339762398786,-0.007360740574073432,-0.0189650243019156,-0.004808724859129088,0.050000000000000044,2018-06-01,-0.010167735250307675,30568.0,Train
2018-06-01,30568,30796,30839,30458,2070,30882.0,31030.0,-0.010167735250307675,31041.428571428572,31130.1,0.007556576372320803,0.0049438354601240644,-0.019816584364779066,-0.02382321006578525,0.002832374134863258,-0.020000000000000018,2018-06-04,0.004579952891913042,30708.0,Train
2018-06-04,30708,30650,30812,30580,340,30568.0,30882.0,0.004579952891913042,30933.85714285714,31114.9,0.006573535909349078,0.004978371603461968,-0.023934394965195005,-0.014632268001540272,-0.0014546019533991927,0.040000000000000036,2018-06-05,-0.0002930832356389246,30699.0,Train
2018-06-05,30699,30673,30935,30656,80,30708.0,30568.0,-0.0002930832356389246,30863.14285714286,31096.133333333335,0.006245669231234123,0.004931424661224461,-0.015868436237738037,-0.01800908451154759,-1.6096363563145033e-05,0.019999999999999907,2018-06-06,0.0018241636535392125,30755.0,Train
2018-06-06,30755,30876,30913,30720,6330,30699.0,30708.0,0.0018241636535392125,30832.285714285714,31077.933333333334,0.00599209844123737,0.00493996562139947,-0.0069742662490717144,-0.01744353215552219,0.003928470185924793,-0.029999999999999916,2018-06-07,0.00975451146155093,31055.0,Train
2018-06-07,31055,30820,31075,30789,8210,30755.0,30699.0,0.00975451146155093,30813.85714285714,31074.5,0.006680348695243465,0.005224594038743093,-0.004136736788096451,-0.0033057320752294395,-0.004556224613411208,0.039999999999999925,2018-06-08,0.000676219610368678,31076.0,Train
2018-06-08,31076,31011,31196,30950,8180,31055.0,30755.0,0.000676219610368678,30820.428571428572,31072.733333333334,0.006400015194043664,0.005223990725117848,0.001482436351917471,-0.0017025924379195922,0.0028634706158698897,-0.029999999999999916,2018-06-11,-0.001319346119191711,31035.0,Train
2018-06-11,31035,31070,31083,30920,7520,31076.0,31055.0,-0.001319346119191711,30842.285714285714,31075.666666666668,0.0060755074697686545,0.005114824063029782,0.004954342335340867,0.002843571267004963,0.0003042673269535445,0.019999999999999907,2018-06-12,-0.0026743998711132866,30952.0,Train
2018-06-12,30952,31001,31001,30873,6950,31035.0,31076.0,-0.0026743998711132866,30897.14285714286,31078.266666666666,0.004211037931361653,0.005120391525284607,0.012562156503533206,0.002526397616117171,3.568032569001289e-05,0.010000000000000009,2018-06-13,0.0,30952.0,Train
2018-06-13,30952,30936,30994,30920,3910,30952.0,31035.0,0.0,30932.0,31079.133333333335,0.004058824066141787,0.005111611601484644,0.00794581216621082,0.0008407165491819413,0.0009205195583645853,0.0,2018-06-14,0.006235461359524352,31145.0,Train
2018-06-14,31145,30973,31178,30973,8590,30952.0,30952.0,0.006235461359524352,30995.714285714286,31083.866666666665,0.004409983655203081,0.005218132243437064,0.014528160526401601,0.004580201915943549,0.0003912174794900025,0.030000000000000027,2018-06-15,-0.010948787927436143,30804.0,Train
2018-06-15,30804,31180,31195,30755,11170,31145.0,30952.0,-0.010948787927436143,31002.714285714286,31075.066666666666,0.006618576920710982,0.005582497492242011,0.0015932368720532608,-0.008497489378138323,0.0053590978614384,-0.040000000000000036,2018-06-18,-0.0010063628100246413,30773.0,Train
2018-06-18,30773,30799,30836,30721,4810,30804.0,31145.0,-0.0010063628100246413,30962.428571428572,31059.266666666666,0.005122706629512325,0.0054659093439008615,-0.00908066333923685,-0.01516945626780175,0.004240678437665402,-0.009999999999999898,2018-06-19,-0.0023072173658726935,30702.0,Train
2018-06-19,30702,30848,30899,30673,7270,30773.0,30804.0,-0.0023072173658726935,30909.0,31042.666666666668,0.005055421899613418,0.00547298427797491,-0.012035010940919078,-0.01596153846153847,0.0013411224312431802,-0.010000000000000009,2018-06-20,-0.0031594032962022345,30605.0,Train
2018-06-20,30605,30680,30702,30580,4930,30702.0,30773.0,-0.0031594032962022345,30847.571428571428,31019.4,0.0050790679273447,0.005444402499259321,-0.013855324633478383,-0.0222981822828483,0.0013137732961259196,-0.030000000000000027,2018-06-21,-0.005031857539617657,30451.0,Train
2018-06-21,30451,30575,30575,30367,6940,30605.0,30702.0,-0.005031857539617657,30776.0,30989.366666666665,0.005209267500473646,0.0054813083160385875,-0.016186353062806913,-0.028738198520030567,-0.00141324721266467,0.040000000000000036,2018-06-22,0.0015434632688582361,30498.0,Train
2018-06-22,30498,30410,30554,30387,6810,30451.0,30605.0,0.0015434632688582361,30711.14285714286,30955.966666666667,0.005354325391038887,0.0053978874856430385,-0.014667872835357976,-0.03180952380952384,0.001167623089504355,-0.020000000000000018,2018-06-25,0.0013771394845563112,30540.0,Train
2018-06-25,30540,30500,30648,30500,4980,30498.0,30451.0,0.0013771394845563112,30624.714285714286,30924.1,0.004306711801428345,0.0054138419152713665,-0.019425268903515813,-0.030353060706121426,-0.0026951639323340437,-0.010000000000000009,2018-06-26,-0.0019646365422396617,30480.0,Train
2018-06-26,30480,30512,30574,30335,6410,30540.0,30498.0,-0.0019646365422396617,30578.428571428572,30900.566666666666,0.002376238648232085,0.005155690329510844,-0.010518114530580491,-0.02263836336817804,-0.0001650416972993618,-0.010000000000000009,2018-06-27,0.004133858267716617,30606.0,Train
2018-06-27,30606,30466,30631,30435,6000,30480.0,30540.0,0.004133858267716617,30554.571428571428,30887.2,0.003206061133786856,0.005141315627205828,-0.005426835212686498,-0.012932563614667658,0.00013770457073247755,-0.010000000000000009,2018-06-28,-0.00571783310462004,30431.0,Train
2018-06-28,30431,30588,30604,30408,4320,30606.0,30480.0,-0.00571783310462004,30515.85714285714,30868.7,0.003699347886743345,0.005231550013073972,-0.008826786528564945,-0.01791131478732333,0.005255883412061291,-0.040000000000000036,2018-06-29,-0.0022345634385988467,30363.0,Train
2018-06-29,30363,30404,30449,30288,5610,30431.0,30606.0,-0.0022345634385988467,30481.285714285714,30844.366666666665,0.0036361771793217246,0.005182844106491388,-0.007907204705113524,-0.02347795323706303,-0.0004969397816098065,0.020000000000000018,2018-07-02,-0.006916312617330278,30153.0,Train
2018-07-02,30153,30380,30412,30000,2260,30363.0,30431.0,-0.006916312617330278,30438.714285714286,30812.333333333332,0.004022617338966229,0.005293555587524117,-0.009786213917441167,-0.03088641768978595,-0.005111537633794683,0.0,2018-07-03,0.01047988591516602,30469.0,Train
2018-07-03,30469,30185,30600,30100,190,30153.0,30363.0,0.01047988591516602,30434.571428571428,30790.933333333334,0.006029012916930834,0.005694955745614247,-0.000950882025050781,-0.020635787984957132,0.008023231789903829,-0.010000000000000009,2018-07-04,0.0013456299845744368,30510.0,Train
2018-07-04,30510,30463,30550,30463,40,30469.0,30153.0,0.0013456299845744368,30430.285714285714,30768.4,0.006027720148476062,0.005678324585809279,-0.0009823182711198308,-0.021676393253382886,-0.007402294702598788,-0.020000000000000018,2018-07-05,0.0010160603080957564,30541.0,Train
2018-07-05,30541,30600,30640,30495,20,30510.0,30469.0,0.0010160603080957564,30439.0,30737.733333333334,0.005981194408605156,0.005398440396603842,0.0020013123359579055,-0.02924255427354505,-0.007402294702598788,-0.020000000000000018,2018-07-06,0.0013424576798402033,30582.0,Train
2018-07-06,30582,30650,30740,30570,4840,30541.0,30510.0,0.0013424576798402033,30435.571428571428,30717.333333333332,0.005772472041393214,0.005222202280220908,-0.0007841599686335687,-0.019619157530294307,-0.003055888431392928,0.0,2018-07-09,0.0018311425021253491,30638.0,Train
2018-07-09,30638,30613,30788,30613,7260,30582.0,30541.0,0.0018311425021253491,30465.14285714286,30706.233333333334,0.005226914411179145,0.005092426609688746,0.0068022739969111345,-0.010751993800652171,-0.0029484164321771367,-0.010000000000000009,2018-07-10,-0.002839610940661874,30551.0,Train
2018-07-10,30551,30663,30679,30436,7520,30638.0,30582.0,-0.002839610940661874,30492.0,30685.133333333335,0.0052935221594052105,0.004923241372367907,0.0061917465336098765,-0.020298871216008263,-2.6632860687936244e-06,0.030000000000000027,2018-07-11,-0.0067755556282936835,30344.0,Train
2018-07-11,30344,30502,30545,30325,6020,30551.0,30638.0,-0.0067755556282936835,30519.285714285714,30662.266666666666,0.005259063299392227,0.004989128352035691,0.006334361423407264,-0.0221076377699001,-0.0005601793284061296,0.010000000000000009,2018-07-12,-0.005569470076456584,30175.0,Train
2018-07-12,30175,30315,30315,30161,7750,30344.0,30551.0,-0.005569470076456584,30477.285714285714,30638.7,0.0036443450198694956,0.00501352309073662,-0.009649151596704875,-0.022893594974418785,0.00247647438163634,0.0,2018-07-13,-0.0014581607290803378,30131.0,Train
2018-07-13,30131,30169,30210,30035,7170,30175.0,30344.0,-0.0014581607290803378,30423.14285714286,30624.133333333335,0.003443594391723566,0.0046917844318479455,-0.012422156669944284,-0.014295995812614537,-0.0007017655783984056,0.010000000000000009,2018-07-16,-0.0009292754969963957,30103.0,Train
2018-07-16,30103,30151,30248,30074,5560,30131.0,30175.0,-0.0009292754969963957,30360.571428571428,30603.966666666667,0.003253690949290047,0.004594142288336952,-0.014341377165122293,-0.019701706395727547,0.0025847010525008596,-0.030000000000000027,2018-07-17,-0.011493871042753234,29757.0,Train
2018-07-17,29757,30102,30120,29740,9280,30103.0,30131.0,-0.011493871042753234,30242.714285714286,30572.566666666666,0.004424937345903299,0.005001014569358671,-0.026976652933097922,-0.030685038600605896,-0.002005828222215289,0.030000000000000027,2018-07-18,0.0014114326040930436,29799.0,Train
2018-07-18,29799,29999,29999,29671,7920,29757.0,30103.0,0.0014114326040930436,30122.85714285714,30540.7,0.004336442440639266,0.004993464825789275,-0.02738429401396958,-0.03108437652414242,0.0027179186786678855,0.020000000000000018,2018-07-19,0.0038256317326084144,29913.0,Train
2018-07-19,29913,29671,29968,29624,8400,29799.0,29757.0,0.0038256317326084144,30031.714285714286,30502.633333333335,0.005255441308613137,0.004657539117572124,-0.020883113482373705,-0.03677346643052648,0.0016296893338423324,0.020000000000000018,2018-07-20,0.0014709323705413002,29957.0,Train
2018-07-20,29957,29788,29977,29767,7070,29913.0,29799.0,0.0014709323705413002,29976.428571428572,30465.333333333332,0.005191534354155073,0.004671040100793687,-0.012753756920643289,-0.03600849530184069,0.005395518410938216,-0.040000000000000036,2018-07-23,-0.0014353907267082855,29914.0,Train
2018-07-23,29914,29922,30043,29862,7100,29957.0,29913.0,-0.0014353907267082855,29939.14285714286,30427.966666666667,0.004922115746385475,0.004671180862665982,-0.008649544324772163,-0.0361205091026261,-0.005485039882822007,0.030000000000000027,2018-07-24,-6.685832720465523e-05,29912.0,Train
2018-07-24,29912,29860,29978,29780,7690,29914.0,29957.0,-6.685832720465523e-05,29907.85714285714,30393.3,0.004939418551014027,0.0046673468082658815,-0.007268261922936503,-0.033600413543551255,0.0009115673752420062,0.06999999999999995,2018-07-25,0.0015712757421770807,29959.0,Train
2018-07-25,29959,29867,30035,29835,7580,29912.0,29914.0,0.0015712757421770807,29887.285714285714,30360.2,0.005037454035349977,0.00468920729388876,-0.004783576387735411,-0.03208193331610232,-0.0019404961533917575,-0.010000000000000009,2018-07-26,-0.0041056110017023695,29836.0,Train
2018-07-26,29836,29912,29952,29816,5770,29959.0,29912.0,-0.0041056110017023695,29898.571428571428,30316.566666666666,0.0025547836141976005,0.004509889953331006,0.002654837517222841,-0.04202921817306149,-0.0024946004796628785,-0.029999999999999916,2018-07-27,-0.0010390132725566215,29805.0,Train
2018-07-27,29805,29960,29960,29682,7530,29836.0,29959.0,-0.0010390132725566215,29899.428571428572,30283.266666666666,0.0025580408952494407,0.004135280720642847,0.00020134903855839603,-0.032430853135956395,-3.719378226230141e-05,0.05999999999999994,2018-07-30,-0.0016775708773695275,29755.0,Train
2018-07-30,29755,29726,29782,29700,4900,29805.0,29836.0,-0.0016775708773695275,29876.85714285714,30249.333333333332,0.001977422472389517,0.004136627752943246,-0.005281984421488972,-0.033080947583920994,-0.0009334215390119915,-0.030000000000000027,2018-07-31,-0.003932112250041975,29638.0,Train
2018-07-31,29638,29730,29740,29561,6630,29755.0,29805.0,-0.003932112250041975,29831.285714285714,30213.866666666665,0.0020180154785773173,0.0041633624671637585,-0.010648596321394033,-0.03465572275421802,-0.0018446537396121787,0.010000000000000009,2018-08-01,-0.005938322423915232,29462.0,Train
2018-08-01,29462,29591,29670,29441,2140,29638.0,29755.0,-0.005938322423915232,29766.714285714286,30175.766666666666,0.0026138684441220114,0.004239447932155215,-0.015109981948251638,-0.037346838751837974,0.001114521279807823,-0.010000000000000009,2018-08-02,0.0019686375670355805,29520.0,Train
2018-08-02,29520,29532,29638,29477,920,29462.0,29638.0,0.0019686375670355805,29710.714285714286,30144.733333333334,0.0029750639749994176,0.004217237170804889,-0.01310510831773204,-0.03057370858099895,0.0014193217593556628,0.030000000000000027,2018-08-03,0.009485094850948617,29800.0,Train
2018-08-03,29800,29520,29900,29425,110,29520.0,29462.0,0.009485094850948617,29688.0,30121.466666666667,0.005186468110453891,0.00461461119796912,-0.005307253246103039,-0.022886746671912928,0.002462576368656544,-0.010000000000000009,2018-08-06,-0.007953020134228161,29563.0,Train
2018-08-06,29563,29656,29656,29538,4019,29800.0,29520.0,-0.007953020134228161,29649.0,30088.9,0.005772313751176515,0.0047770757867642505,-0.009150020109934265,-0.03199083169613626,-0.0013775991248401454,-0.030000000000000027,2018-08-07,-0.0009809559246355404,29534.0,Train
2018-08-07,29534,29604,29668,29520,5980,29563.0,29800.0,-0.0009809559246355404,29610.285714285714,30057.366666666665,0.005772789658323146,0.004774113788674323,-0.00909243415534311,-0.031036745406824107,0.0019201500725587461,0.0,2018-08-08,0.0003385928082888512,29544.0,Train
2018-08-08,29544,29560,29630,29500,6450,29534.0,29563.0,0.0003385928082888512,29580.14285714286,30021.966666666667,0.00580044531554467,0.004681692055018201,-0.007091245168879157,-0.034699078612036804,-0.002235293078628242,0.020000000000000018,2018-08-09,0.002064717032223218,29605.0,Train
2018-08-09,29605,29565,29665,29529,5580,29544.0,29534.0,0.002064717032223218,29575.428571428572,29994.433333333334,0.005738023576579317,0.004636164777960914,-0.0011134354544840575,-0.02714337353356777,0.0014622587649224528,0.0,2018-08-10,0.0034115858807632904,29706.0,Train
2018-08-10,29706,29625,29744,29540,7310,29605.0,29544.0,0.0034115858807632904,29610.285714285714,29972.533333333333,0.005230490841771212,0.004694625923014582,0.008281854592356197,-0.021638178045647716,0.0021168258042392196,-0.030000000000000027,2018-08-13,-0.0013801925536928161,29665.0,Train
2018-08-13,29665,29750,29836,29644,7720,29706.0,29605.0,-0.0013801925536928161,29631.0,29956.266666666666,0.005300160003689977,0.004549144020704276,0.00491192411924124,-0.016184127615825994,0.008113380948769011,-0.039999999999999925,2018-08-14,-3.370975897520889e-05,29664.0,Train
2018-08-14,29664,29665,29740,29575,4990,29665.0,29706.0,-3.370975897520889e-05,29611.571428571428,29929.433333333334,0.003633182088612152,0.0040488924827999815,-0.004563758389261707,-0.026420296038596636,0.0048162518974108615,0.0,2018-08-16,-0.013113538295577154,29275.0,Train
2018-08-16,29275,29615,29615,29222,10270,29664.0,29665.0,-0.013113538295577154,29570.428571428572,29888.266666666666,0.005437928927976409,0.004597707476550562,-0.009741907113621773,-0.04047853162897408,0.004313698128346921,-0.020000000000000018,2018-08-17,0.0,29275.0,Train
2018-08-17,29275,29291,29375,29184,6000,29275.0,29664.0,0.0,29533.428571428572,29846.066666666666,0.005462653683083714,0.0045832736468184206,-0.008769553734678692,-0.04145247372384664,-0.004437589772180672,0.010000000000000009,2018-08-20,0.00546541417591806,29435.0,Train
2018-08-20,29435,29388,29459,29350,5660,29275.0,29275.0,0.00546541417591806,29517.85714285714,29807.833333333332,0.00602504367776454,0.004727877475845911,-0.0036894124018412855,-0.037505722320319124,-0.0009394495540885339,0.0,2018-08-21,0.0036351282486835057,29542.0,Train
2018-08-21,29542,29460,29565,29436,6270,29435.0,29275.0,0.0036351282486835057,29508.85714285714,29771.3,0.0061646109667627775,0.004779770343951079,-0.002128018915723673,-0.03577257001109735,-0.001602145740256855,-0.040000000000000036,2018-08-22,0.00287725949495643,29627.0,Train
2018-08-22,29627,29450,29733,29450,4610,29542.0,29435.0,0.00287725949495643,29497.571428571428,29740.5,0.006114270477248647,0.004825986974399094,-0.0026593954083350413,-0.030244509181368895,-0.0042850746477492985,0.020000000000000018,2018-08-23,-0.0017214027744962834,29576.0,Train
2018-08-23,29576,29666,29666,29490,5980,29627.0,29542.0,-0.0017214027744962834,29484.85714285714,29714.9,0.00612507039397615,0.004704533833240502,-0.0030001685487949237,-0.025309781175850254,-0.0017337019718883795,-0.030000000000000027,2018-08-24,0.010346226670273184,29882.0,Train
2018-08-24,29882,29550,29900,29550,9030,29576.0,29627.0,0.010346226670273184,29516.0,29705.133333333335,0.007363465044201611,0.005038731707209095,0.007348975188780971,-0.009710024855012378,0.0037848728258096376,-0.010000000000000009,2018-08-27,0.0030453115587978363,29973.0,Train
2018-08-27,29973,29930,30045,29863,6670,29882.0,29576.0,0.0030453115587978363,29615.714285714286,29699.866666666665,0.0038892118005888535,0.005070420110761152,0.023842869342442397,-0.005243768875908494,-0.004335928872185146,0.0,2018-08-28,0.0002669068828613508,29981.0,Train
2018-08-28,29981,30015,30170,29951,6780,29973.0,29882.0,0.0002669068828613508,29716.571428571428,29695.8,0.0038516988065772297,0.005068887790544652,0.02411614005123819,-0.00405275221738699,-0.002873277376021721,0.010000000000000009,2018-08-29,0.005436776625195927,30144.0,Train
2018-08-29,30144,29977,30168,29977,6080,29981.0,29973.0,0.005436776625195927,29817.85714285714,29708.7,0.003849174110500855,0.004687369981498611,0.024086971292678783,0.013005343280572568,0.0006382860386626721,0.030000000000000027,2018-08-30,-0.0004312632696390484,30131.0,Train
2018-08-30,30131,30110,30269,30082,6310,30144.0,29981.0,-0.0004312632696390484,29902.0,29719.766666666666,0.004108083051618288,0.004686294128921959,0.01993771579446202,0.011141313466894953,0.0026617989066950454,0.0,2018-08-31,-0.000497826159105208,30116.0,Train
2018-08-31,30116,30224,30298,30055,5780,30131.0,30144.0,-0.000497826159105208,29971.85714285714,29726.533333333333,0.004295587305327688,0.004642957234106439,0.01650521483781686,0.006786347073178822,0.0039051054105683214,-0.010000000000000009,2018-09-03,0.007006242528888373,30327.0,Train
2018-09-03,30327,30075,30448,30062,1440,30116.0,30131.0,0.007006242528888373,30079.14285714286,29738.866666666665,0.004182267199648047,0.004801024994285814,0.02539220989991886,0.012351036485629407,0.0016267872966844177,0.020000000000000018,2018-09-04,-0.0034952352689022748,30221.0,Train
2018-09-04,30221,30238,30300,30154,170,30327.0,30116.0,-0.0034952352689022748,30127.571428571428,29749.1,0.0037036075906074274,0.004843026446669332,0.011344622180576858,0.0102627532259143,0.0016267872966844177,0.020000000000000018,2018-09-05,0.002944972039310434,30310.0,Train
2018-09-05,30310,30257,30494,30250,50,30221.0,30327.0,0.002944972039310434,30175.714285714286,29762.366666666665,0.0036973547790978448,0.004865215872239477,0.011243452440529822,0.013305696710350423,0.00510083088676061,0.020000000000000018,2018-09-06,0.008413064995051123,30565.0,Train
2018-09-06,30565,30366,30693,30366,14800,30310.0,30221.0,0.008413064995051123,30259.14285714286,29782.566666666666,0.004417996684717636,0.00507530494511057,0.019479003368800152,0.02022764444741143,-0.0009637954211446642,0.010000000000000009,2018-09-07,-0.001832160968427976,30509.0,Train
2018-09-07,30509,30643,30643,30405,9440,30565.0,30310.0,-0.001832160968427976,30311.285714285714,29805.0,0.0045388065980868095,0.005018031449755677,0.012108545647558477,0.022556642981632846,-0.0008697342081801507,-0.010000000000000009,2018-09-10,0.007079878068766643,30725.0,Train
2018-09-10,30725,30549,30748,30526,11420,30509.0,30565.0,0.007079878068766643,30396.14285714286,29835.666666666668,0.004821822900620237,0.00513544447841105,0.01971391590056748,0.03086730414360006,-0.0005782923193535794,0.039999999999999925,2018-09-11,0.00022782750203420576,30732.0,Train
2018-09-11,30732,30660,30744,30559,11400,30725.0,30509.0,0.00022782750203420576,30484.14285714286,29868.233333333334,0.004746246234484479,0.005112578557351258,0.02045424359144632,0.032834817677701134,0.0008605221082618186,0.0,2018-09-12,-0.0022126773395808597,30664.0,Train
2018-09-12,30664,30682,30779,30443,15880,30732.0,30725.0,-0.0022126773395808597,30532.285714285714,29902.433333333334,0.004697793737160147,0.005063739917231912,0.011112210241698728,0.03461772049396039,0.00021712553692787573,0.020000000000000018,2018-09-13,-0.006326637098878152,30470.0,Train
2018-09-13,30470,30576,30690,30450,6630,30664.0,30732.0,-0.006326637098878152,30567.85714285714,29936.033333333333,0.005292767946770361,0.005082936881933714,0.008239303795374076,0.03421356323399638,-0.004236080174290446,-0.010000000000000009,2018-09-14,-0.0005579258286839694,30453.0,Train
2018-09-14,30453,30501,30648,30401,11820,30470.0,30664.0,-0.0005579258286839694,30588.285714285714,29967.133333333335,0.0052641398730654265,0.0050895664457738694,0.004717914879577734,0.03160569105691047,-0.0025599899141299787,0.020000000000000018,2018-09-17,0.010672183364528909,30778.0,Train
2018-09-17,30778,30509,30800,30509,13770,30453.0,30470.0,0.010672183364528909,30618.714285714286,29999.733333333334,0.005853220055326496,0.005161511598454638,0.006968755112056302,0.03281879194630877,0.001219203909879063,0.020000000000000018,2018-09-18,0.001072194424589057,30811.0,Train
2018-09-18,30811,30710,30925,30652,11960,30778.0,30453.0,0.001072194424589057,30661.85714285714,30041.333333333332,0.005719822999190936,0.004871120006461258,0.009898718410960683,0.042214930825694275,-0.0013141549124758845,0.0,2018-09-19,-0.005257862451721773,30649.0,Train
2018-09-19,30649,30821,30936,30634,13100,30811.0,30778.0,-0.005257862451721773,30651.0,30078.5,0.005585166505311479,0.0050037066398843045,-0.0024735557363709804,0.037753098124195805,-0.0012456568799060763,0.030000000000000027,2018-09-20,-0.000848314790042104,30623.0,Train
2018-09-20,30623,30700,30700,30585,3970,30649.0,30811.0,-0.000848314790042104,30635.428571428572,30114.466666666667,0.005581728137670877,0.0050158238729923555,-0.0035467916178576475,0.03652179799620914,-0.0010608760005590412,0.010000000000000009,2018-09-21,-0.00045717271332001985,30609.0,Train
2018-09-21,30609,30731,30910,30455,15510,30623.0,30649.0,-0.00045717271332001985,30627.571428571428,30147.933333333334,0.0055308514010343,0.005022109296057056,-0.0017936342290634233,0.0339131903394696,-0.0013576388522276162,-0.010000000000000009,2018-09-24,0.008265542814204885,30862.0,Train
2018-09-24,30862,30620,30899,30620,10490,30609.0,30623.0,0.008265542814204885,30683.571428571428,30186.466666666667,0.005605329557899254,0.005174220653750806,0.012865113226124159,0.03891469736753517,9.691723884541759e-05,0.0,2018-09-25,-0.000777655369062269,30838.0,Train
2018-09-25,30838,30821,30864,30755,7690,30862.0,30609.0,-0.000777655369062269,30738.571428571428,30225.566666666666,0.00562159576235634,0.005164673935547969,0.012642432601057463,0.03954154727793702,0.0001779580459502217,0.0,2018-09-26,-0.0074583306310396225,30608.0,Train
2018-09-26,30608,30824,30830,30587,9120,30838.0,30862.0,-0.0074583306310396225,30714.285714285714,30257.033333333333,0.005000211839576425,0.005403475043787438,-0.005523425823640293,0.03182308522114341,0.0016744458077637692,0.019999999999999907,2018-09-27,-0.008233141662310484,30356.0,Train
2018-09-27,30356,30738,30738,30321,10280,30608.0,30838.0,-0.008233141662310484,30649.285714285714,30293.066666666666,0.005623718513907548,0.00502208517789398,-0.01476745318230499,0.036925704526046044,-0.00040713962866756326,-0.019999999999999907,2018-09-28,0.004051917248649284,30479.0,Train
2018-09-28,30479,30398,30520,30264,8850,30356.0,30608.0,0.004051917248649284,30625.0,30333.2,0.00585131863295229,0.005042543661387306,-0.005546673627198295,0.04112724167378312,0.002678715166805956,-0.010000000000000009,2018-10-01,0.004429279175826029,30614.0,Train
2018-10-01,30614,30399,30660,30376,2220,30479.0,30356.0,0.004429279175826029,30623.714285714286,30372.5,0.0061721985762546935,0.0050169143351338095,-0.0002938967442771556,0.04005435705792415,-0.0014976521867300363,0.0,2018-10-03,0.013425230286796985,31025.0,Train
2018-10-03,31025,30890,31168,30889,190,30614.0,30479.0,0.013425230286796985,30683.14285714286,30421.933333333334,0.00797688992047552,0.005470466721334452,0.01359077395537267,0.05019971565906167,0.0006316797497880611,-0.019999999999999907,2018-10-04,0.003577759871071784,31136.0,Train
2018-10-04,31136,31072,31164,31015,40,31025.0,30614.0,0.003577759871071784,30722.285714285714,30472.233333333334,0.007544088223660439,0.005477383276287493,0.008878232130127728,0.05093327032774164,0.0022959662989023855,0.05999999999999994,2018-10-05,0.0031153648509762988,31233.0,Train
2018-10-05,31233,31101,31288,30985,70,31136.0,31025.0,0.0031153648509762988,30778.714285714286,30527.466666666667,0.007509858998621499,0.005445151076260013,0.012808872170698482,0.056025155531512105,0.004640980965671115,0.040000000000000036,2018-10-08,-0.004386386194089598,31096.0,Train
2018-10-08,31096,31369,31389,31083,9960,31233.0,31136.0,-0.004386386194089598,30848.428571428572,30567.933333333334,0.006944110936584329,0.005313650748942777,0.01594354417145838,0.04062646409209547,-0.0010960294436930251,0.040000000000000036,2018-10-09,0.002090301003344397,31161.0,Train
2018-10-09,31161,31200,31275,31115,7310,31096.0,31233.0,0.002090301003344397,30963.428571428572,30607.533333333333,0.0052209522829100435,0.005305949135740523,0.026518645407827224,0.03963567210489449,-0.0010960294436930251,0.040000000000000036,2018-10-10,0.0027598600815121888,31247.0,Train
2018-10-10,31247,31235,31265,31151,6580,31161.0,31096.0,0.0027598600815121888,31073.14285714286,30649.733333333334,0.005231642980325033,0.005308568893457894,0.025197677089143333,0.04222674360428269,0.0008493291783415735,-0.030000000000000027,2018-10-11,0.01747367747303752,31793.0,Train
2018-10-11,31793,31300,31815,31250,17380,31247.0,31161.0,0.01747367747303752,31241.571428571428,30704.7,0.007443191279132326,0.006030520196414047,0.038511791990592625,0.05470408704883223,-0.00044567205339685056,0.020000000000000018,2018-10-12,-0.0038687761456924763,31670.0,Train
2018-10-12,31670,31699,31720,31574,10610,31793.0,31247.0,-0.0038687761456924763,31333.714285714286,30756.0,0.007216305099819461,0.0061064474322387145,0.02078968573730866,0.051076963924197694,-0.0017433459677926866,-0.040000000000000036,2018-10-15,0.006536154089043178,31877.0,Train
2018-10-15,31877,31723,32075,31723,14310,31670.0,31793.0,0.006536154089043178,31439.571428571428,30814.7,0.007343613717824769,0.006154798065625059,0.023798818088386353,0.05847390091645632,-0.00033476855518077553,0.010000000000000009,2018-10-16,-0.005521222197822917,31701.0,Train
2018-10-16,31701,31877,31957,31680,10710,31877.0,31670.0,-0.005521222197822917,31506.428571428572,30860.5,0.00808523790312199,0.006222020539703285,0.014984151378349742,0.045306162825205165,-0.0028338073832879784,0.0,2018-10-17,3.154474622246717e-05,31702.0,Train
2018-10-17,31702,31670,31839,31635,8630,31701.0,31877.0,3.154474622246717e-05,31593.0,30909.866666666665,0.007650263781299889,0.0061574321169367546,0.019488037046565543,0.04900565831706438,-0.001303871278881208,0.0,2018-10-18,0.005772506466469096,31885.0,Train
2018-10-18,31885,31670,31909,31638,5540,31702.0,31701.0,0.005772506466469096,31696.428571428572,30962.366666666665,0.007720729414102478,0.0061999964653343415,0.023234170918776664,0.051963048498845366,0.002451352677830698,0.030000000000000027,2018-10-19,-0.004641681041241963,31737.0,Train
2018-10-19,31737,31805,31867,31703,7590,31885.0,31702.0,-0.004641681041241963,31766.428571428572,31001.433333333334,0.008294450992375102,0.0061712692122496094,0.015681505424520736,0.03834451169638475,0.005613288314918696,0.010000000000000009,2018-10-22,-0.00025207171440277953,31729.0,Train
2018-10-22,31729,31738,31749,31641,6730,31737.0,31885.0,-0.00025207171440277953,31757.285714285714,31042.1,0.0048745013144830315,0.006150558582583997,-0.0020130217343440338,0.039988200203218804,0.000350995154002387,0.020000000000000018,2018-10-23,0.004475401052664862,31871.0,Train
2018-10-23,31871,31721,32053,31721,13470,31729.0,31737.0,0.004475401052664862,31786.0,31080.3,0.004870205424138069,0.006084569224629932,0.006346700347331868,0.03729861676159474,0.0027991401459384058,0.0,2018-10-24,-0.0046437199962348075,31723.0,Train
2018-10-24,31723,31820,31844,31585,9820,31871.0,31729.0,-0.0046437199962348075,31764.0,31113.333333333332,0.004541398290718422,0.006176799174322332,-0.004831069423094969,0.032246518287127435,-0.00011373680088777594,-0.010000000000000009,2018-10-25,-0.0012609147936828435,31683.0,Train
2018-10-25,31683,31800,31912,31663,9540,31723.0,31871.0,-0.0012609147936828435,31761.428571428572,31147.3,0.004043025982486891,0.006161746735790784,-0.0005678054320052972,0.03323115053482906,0.0018269423636154691,-0.050000000000000044,2018-10-26,0.00255657608181048,31764.0,Train
2018-10-26,31764,31779,31993,31725,13310,31683.0,31723.0,0.00255657608181048,31770.285714285714,31190.433333333334,0.00416483280911735,0.006003535148642724,0.0019557125733391523,0.042468001312766734,0.0009326070092869898,0.06000000000000005,2018-10-29,-0.0010703941569072395,31730.0,Train
2018-10-29,31730,31847,31847,31692,6670,31764.0,31683.0,-0.0010703941569072395,31748.14285714286,31233.0,0.003394400465845173,0.006010037602863889,-0.0048612200094088065,0.04193347125077995,-8.745868443083005e-05,-0.07000000000000006,2018-10-30,-0.00015757957768669506,31725.0,Train
2018-10-30,31725,31755,31789,31651,5960,31730.0,31764.0,-0.00015757957768669506,31746.428571428572,31264.566666666666,0.0029136369350010564,0.005752871941192315,-0.0003781075716041693,0.03076873091169019,0.003642409914005995,0.0,2018-10-31,-0.002962962962962945,31631.0,Train
2018-10-31,31631,31650,31780,31590,5670,31725.0,31730.0,-0.002962962962962945,31732.428571428572,31291.9,0.003117912238956536,0.005798758305622719,-0.00308865706451511,0.026613871669209033,0.0029518454858592502,0.050000000000000044,2018-11-01,0.004805412411874377,31783.0,Train
2018-11-01,31783,31671,31818,31619,1580,31631.0,31725.0,0.004805412411874377,31719.85714285714,31329.7,0.0032058368422779463,0.005721281241555832,-0.0027611308085720987,0.03699957584260494,0.002515578260379625,0.030000000000000027,2018-11-02,-0.001447314602145755,31737.0,Train
2018-11-02,31737,31737,31999,31530,540,31783.0,31631.0,-0.001447314602145755,31721.85714285714,31366.833333333332,0.002684269584873666,0.005729814423365051,0.00044132017778908406,0.036377885902752816,-0.005684465806959804,0.020000000000000018,2018-11-05,0.0014494123578157048,31783.0,Train
2018-11-05,31783,31785,31898,31630,180,31737.0,31783.0,0.0014494123578157048,31736.14285714286,31405.966666666667,0.0026562786874114192,0.005721280191292285,0.0031562667676672262,0.03835473226828712,-0.0019220528594744435,0.039999999999999813,2018-11-06,-0.003964383475442812,31657.0,Train
2018-11-06,31657,31718,31869,31641,9160,31783.0,31737.0,-0.003964383475442812,31720.85714285714,31432.466666666667,0.002925532606501867,0.005640864939677518,-0.0033685933761491427,0.025759834100187895,0.0005188381484395599,-0.020000000000000018,2018-11-07,-0.0017373724610670882,31602.0,Train
2018-11-07,31602,31660,31678,31530,1800,31657.0,31783.0,-0.0017373724610670882,31702.571428571428,31457.933333333334,0.0029587057414742443,0.005653200901998451,-0.0040340371887803705,0.024774628704844703,-0.0012169088096246616,0.010000000000000009,2018-11-08,-0.006138851971394188,31408.0,Train
2018-11-08,31408,31551,31551,31234,6110,31602.0,31657.0,-0.006138851971394188,31657.285714285714,31484.6,0.003610459233831838,0.005591274879155214,-0.00999211977935377,0.026136957658128512,-0.002685134066329642,0.0,2018-11-09,-0.012258023433520115,31023.0,Train
2018-11-09,31023,31302,31383,30965,10710,31408.0,31602.0,-0.012258023433520115,31570.428571428572,31506.833333333332,0.00548942980645932,0.005859239726604883,-0.01922164964749773,0.02197259190934253,0.0034350843673727205,0.020000000000000018,2018-11-12,-0.0002901073397156839,31014.0,Train
2018-11-12,31014,31106,31178,30975,7770,31023.0,31408.0,-0.0002901073397156839,31460.571428571428,31524.666666666668,0.004582590192035513,0.005828186906149802,-0.024195324544567853,0.017553069326421422,0.007176963158832317,-0.020000000000000018,2018-11-13,-0.007609466692461431,30778.0,Train
2018-11-13,30778,31110,31110,30756,8280,31014.0,31023.0,-0.007609466692461431,31323.571428571428,31530.133333333335,0.004716106969663707,0.005967969506640469,-0.030217096764029394,0.005357026197164716,0.007176963158832317,-0.020000000000000018,2018-11-14,0.001949444408343659,30838.0,Train
2018-11-14,30838,30700,30867,30620,7550,30778.0,31014.0,0.001949444408343659,31188.571428571428,31523.9,0.004821448627086892,0.005434685959795166,-0.029732876065821312,-0.0060273972602740145,0.0016449486511591616,-0.029999999999999805,2018-11-15,-0.00022699267137948897,30831.0,Train
2018-11-15,30831,30830,30939,30753,8710,30838.0,30778.0,-0.00022699267137948897,31070.571428571428,31513.733333333334,0.005064661812119804,0.00538798854234901,-0.026092175506207127,-0.009795734840698844,-0.0014691084380308306,0.0,2018-11-16,0.006032888975382011,31017.0,Train
2018-11-16,31017,30856,31158,30830,10100,30831.0,30838.0,0.006032888975382011,30987.0,31506.533333333333,0.006285830741494868,0.005477607769535481,-0.0185114866147712,-0.006915762174622975,-0.0009605315112706236,-0.010000000000000009,2018-11-19,-0.004159009575394168,30888.0,Train
2018-11-19,30888,31068,31068,30785,8150,31017.0,30831.0,-0.004159009575394168,30912.714285714286,31499.6,0.006145595075282677,0.00547179375240711,-0.01655629139072845,-0.006688963210702337,-0.003954939636262478,-0.050000000000000044,2018-11-20,-0.0018777518777518543,30830.0,Train
2018-11-20,30830,30811,30994,30800,8350,30888.0,31017.0,-0.0018777518777518543,30885.14285714286,31488.566666666666,0.004351269032691152,0.005462241395916952,-0.006221190729458814,-0.010622252174192104,0.000518435067948575,0.010000000000000009,2018-11-21,0.0002919234511840063,30839.0,Train
2018-11-21,30839,30800,30910,30750,7740,30830.0,30888.0,0.0002919234511840063,30860.14285714286,31474.966666666667,0.004370007273952004,0.005432424999675457,-0.005642613013477793,-0.013057253496335686,0.0021623318006758208,0.020000000000000018,2018-11-22,-0.007328382891792828,30613.0,Train
2018-11-22,30613,30852,30899,30555,9810,30839.0,30830.0,-0.007328382891792828,30836.571428571428,31435.633333333335,0.004297700119799948,0.0044048382300882795,-0.005360972122944951,-0.037115088226968185,-0.0012448736070449495,0.0,2018-11-23,-0.0032665860908763777,30513.0,Train
2018-11-23,30513,30551,30566,30427,4660,30613.0,30839.0,-0.0032665860908763777,30790.14285714286,31397.066666666666,0.0042007874520882975,0.004393853737300154,-0.010538945456903814,-0.036532996526681405,-0.0012448736070449495,0.0,2018-11-26,0.001999147904171883,30574.0,Train
2018-11-26,30574,30472,30672,30470,7680,30513.0,30613.0,0.001999147904171883,30753.428571428572,31353.633333333335,0.004393495018173528,0.004190698146155963,-0.008335765949855634,-0.040875866612291034,0.0032672363298074103,0.0,2018-11-27,-0.004938836920259093,30423.0,Train
2018-11-27,30423,30585,30648,30389,7860,30574.0,30513.0,-0.004938836920259093,30668.571428571428,31311.033333333333,0.0031773459243471646,0.004172169008048232,-0.019150788277396247,-0.04031418567237621,0.0012835780144979658,0.020000000000000018,2018-11-28,0.001117575518522207,30457.0,Train
2018-11-28,30457,30400,30593,30270,8400,30423.0,30574.0,0.001117575518522207,30607.0,31269.533333333333,0.003406194958776245,0.004189356114214915,-0.013953638953638992,-0.039271970222698904,0.0023949415541653085,0.039999999999999813,2018-11-29,-0.006697967626489776,30253.0,Train
2018-11-29,30253,30399,30399,30210,6690,30457.0,30423.0,-0.006697967626489776,30524.571428571428,31215.133333333335,0.003837223811476335,0.004077922733131518,-0.018715536814790767,-0.051183942292614026,-0.0005628737699967523,-0.029999999999999805,2018-11-30,-0.0022146563977126776,30186.0,Train
2018-11-30,30186,30233,30320,30155,7630,30253.0,30457.0,-0.0022146563977126776,30431.285714285714,31163.433333333334,0.0036236989109008962,0.004042327203350272,-0.021174486851065155,-0.04887040362983264,-0.005462436972704099,-0.07000000000000006,2018-12-03,0.019909892002915264,30787.0,Train
2018-12-03,30787,30322,30850,30257,1600,30186.0,30253.0,0.019909892002915264,30456.14285714286,31132.033333333333,0.008958164093538985,0.005643531694880261,0.005683859798125024,-0.029688928109930957,0.0018666719450997071,-0.010000000000000009,2018-12-04,0.00574917984863732,30964.0,Train
2018-12-04,30964,30874,31085,30874,80,30787.0,30186.0,0.00574917984863732,30520.571428571428,31101.8,0.008916675629536831,0.005690654199829195,0.014780585324287943,-0.028458473220168812,-0.004357760731189875,-0.020000000000000018,2018-12-05,-0.0012272316238212122,30926.0,Train
2018-12-05,30926,30830,30970,30825,40,30964.0,30787.0,-0.0012272316238212122,30570.85714285714,31075.233333333334,0.009007613875035164,0.00564813648541228,0.01151305030418004,-0.025123727264130147,0.0008377499984901782,-0.050000000000000044,2018-12-06,0.002554484899437437,31005.0,Train
2018-12-06,31005,31039,31196,30974,10550,30926.0,30964.0,0.002554484899437437,30654.0,31052.633333333335,0.008523397144849142,0.005681016143442769,0.019130263287644222,-0.021399488684783585,0.0008377499984901782,-0.050000000000000044,2018-12-07,0.014029995162070596,31440.0,Train
2018-12-07,31440,31011,31480,30941,11240,31005.0,30926.0,0.014029995162070596,30794.428571428572,31041.833333333332,0.009459221832325674,0.006264416980320075,0.03227501067078187,-0.010200226671703838,0.00341629684800715,0.0,2018-12-10,0.014472010178117056,31895.0,Train
2018-12-10,31895,31459,31966,31420,14090,31440.0,31005.0,0.014472010178117056,31029.0,31047.333333333332,0.008594884947790036,0.006818637029195061,0.05427560903050943,0.005200126063662047,-0.0027010518122563276,-0.010000000000000009,2018-12-11,-0.0026022887599936873,31812.0,Train
2018-12-11,31812,31850,31850,31618,10530,31895.0,31440.0,-0.0026022887599936873,31261.285714285714,31050.233333333334,0.008669661597971489,0.00683758148115638,0.05386603061021655,0.0027423167848699137,0.0050816343583608425,0.030000000000000027,2018-12-12,-0.005846850245190494,31626.0,Train
2018-12-12,31626,31749,31749,31582,7570,31812.0,31895.0,-0.005846850245190494,31381.14285714286,31050.066666666666,0.007991446140147303,0.006902294948892756,0.027251762107382893,-0.0001580727767064305,0.0007010951826704748,0.07000000000000006,2018-12-13,-0.006703345348763712,31414.0,Train
2018-12-13,31414,31550,31600,31337,8430,31626.0,31812.0,-0.006703345348763712,31445.428571428572,31037.766666666666,0.008845254922708054,0.0069466997657847375,0.014533006071566934,-0.011609980178082568,-0.0045821899270618305,0.020000000000000018,2018-12-14,0.0007321576367225191,31437.0,Train
2018-12-14,31437,31440,31514,31384,6750,31414.0,31626.0,0.0007321576367225191,31518.428571428572,31027.766666666666,0.00875305922387249,0.006946397692171786,0.016523313716613863,-0.009452689290103011,0.0015143510575506003,0.0,2018-12-17,0.0020358176670802752,31501.0,Train
2018-12-17,31501,31369,31530,31291,5970,31437.0,31414.0,0.0020358176670802752,31589.285714285714,31018.366666666665,0.008753497662849505,0.006952293358237917,0.01599741977100466,-0.008872667778372034,0.003372927573983553,-0.010000000000000009,2018-12-18,-0.013523380210152092,31075.0,Train
2018-12-18,31075,31589,31650,31041,10180,31501.0,31437.0,-0.013523380210152092,31537.14285714286,30998.966666666667,0.008795937900001995,0.0073357474370546304,-0.01160941475826971,-0.018384559497109598,-0.0028838085452522755,-0.020000000000000018,2018-12-19,0.0020595333869670718,31139.0,Train
2018-12-19,31139,31167,31500,30967,8760,31075.0,31501.0,0.0020595333869670718,31429.14285714286,30983.533333333333,0.005721994814218967,0.007348056065354129,-0.02370277472958149,-0.014650971457502715,-0.00034777919370176935,-0.040000000000000036,2018-12-20,0.0025691255338964325,31219.0,Train
2018-12-20,31219,31027,31250,30914,12970,31139.0,31075.0,0.0025691255338964325,31344.428571428572,30977.233333333334,0.006160254441820559,0.007287979025486633,-0.018640764491386852,-0.006017575140091713,-0.002964453191103722,-0.040000000000000036,2018-12-21,-0.002978955123482452,31126.0,Train
2018-12-21,31126,31115,31292,31075,9910,31219.0,31139.0,-0.002978955123482452,31273.0,30980.666666666668,0.006007076519009915,0.006946415925486151,-0.015809776765952077,0.003320117332301864,-0.0004247524718353768,0.06000000000000005,2018-12-24,0.007999742980145275,31375.0,Train
2018-12-24,31375,31300,31395,31177,8570,31126.0,31219.0,0.007999742980145275,31267.428571428572,30992.7,0.006721852808502478,0.0070923276371202375,-0.0012414846883554986,0.011639904559231251,0.0017617910277947235,-0.010000000000000009,2018-12-26,0.0028047808764939397,31463.0,Train
2018-12-26,31463,31430,31643,31400,10030,31375.0,31126.0,0.0028047808764939397,31271.14285714286,31015.533333333333,0.006812633058887872,0.00693949042591044,0.0008270509272514381,0.022256156995256404,-3.871877008543301e-05,-0.030000000000000027,2018-12-27,0.004703937958872251,31611.0,Train
2018-12-27,31611,31499,31647,31426,8010,31463.0,31375.0,0.004703937958872251,31286.85714285714,31041.3,0.007008333192802546,0.0069739460406569595,0.0034919526364243225,0.025066476425189776,-0.0008776594371621149,0.050000000000000044,2018-12-28,-0.0033216285470247797,31506.0,Train
2018-12-28,31506,31576,31629,31462,6640,31611.0,31463.0,-0.0033216285470247797,31348.428571428572,31063.8,0.004028838211827956,0.007013186904007958,0.013869670152856006,0.021893548700982812,-0.0010635897488895374,-0.010000000000000009,2018-12-31,-0.0005395797625848964,31489.0,Train
2018-12-31,31489,31452,31583,31284,6600,31506.0,31611.0,-0.0005395797625848964,31398.428571428572,31079.533333333333,0.0041382101884948645,0.006944654320571258,0.011239924210796781,0.015217461392139864,-0.0023234220774237535,-0.040000000000000036,2019-01-01,0.002254755628949834,31560.0,Train
2019-01-01,31560,31550,31651,31410,680,31489.0,31506.0,0.002254755628949834,31447.14285714286,31101.933333333334,0.004127700027157021,0.0068939673323860275,0.010922835452769064,0.02175602175602176,-0.0013463160368880622,-0.010000000000000009,2019-01-02,0.011850443599493055,31934.0,Train
2019-01-02,31934,31530,32500,31510,400,31560.0,31489.0,0.011850443599493055,31562.571428571428,31138.733333333334,0.005100486162252913,0.007164492888390534,0.025959005333161977,0.03580927667855982,-0.0013463160368880622,-0.010000000000000009,2019-01-03,0.00015657293167148367,31939.0,Train
2019-01-03,31939,32000,32045,31836,170,31934.0,31560.0,0.00015657293167148367,31643.14285714286,31175.4,0.004848355363493467,0.0071651258393030486,0.017976095617529886,0.0356691202697883,0.0017435712839433126,-0.020000000000000018,2019-01-04,-0.008140517862174734,31679.0,Train
2019-01-04,31679,32686,32686,31460,60,31939.0,31934.0,-0.008140517862174734,31674.0,31210.933333333334,0.006302548746888962,0.007199883806984816,0.006865206750786612,0.03482180772874277,-0.0026492434496657724,-0.07999999999999996,2019-01-07,-0.000852299630670128,31652.0,Train
2019-01-07,31652,31536,31748,31456,12800,31679.0,31939.0,-0.000852299630670128,31679.85714285714,31248.9,0.006104331149111069,0.0071620169339930454,0.0012970168612191912,0.03732835185003114,-0.004158070779874179,0.030000000000000027,2019-01-08,0.002653860735498448,31736.0,Train
2019-01-08,31736,31616,31758,31572,10840,31652.0,31679.0,0.002653860735498448,31712.714285714286,31287.633333333335,0.00594534226288275,0.0071653844187003785,0.007300196787913382,0.038006149015503476,-0.0036466545662325878,0.010000000000000009,2019-01-09,0.008098058986639733,31993.0,Train
2019-01-09,31993,31685,32016,31639,14630,31736.0,31652.0,0.008098058986639733,31784.714285714286,31339.966666666667,0.00643545539457195,0.007171245083605962,0.01600558925339013,0.0516056930611708,0.0014428767453309455,-0.010000000000000009,2019-01-10,-0.0035945363048166534,31878.0,Train
2019-01-10,31878,32090,32119,31855,13330,31993.0,31736.0,-0.0035945363048166534,31830.14285714286,31387.333333333332,0.006809479251371152,0.007235833044438995,0.010076045627376518,0.04665594116295102,-0.005120803011642194,0.0,2019-01-11,0.0014430014430013571,31924.0,Train
2019-01-11,31924,31907,32065,31888,10560,31878.0,31993.0,0.0014430014430013571,31828.714285714286,31443.033333333333,0.005076670402592502,0.007066661679915037,-0.0003131458633431894,0.05523419165041488,-0.0007972623238358123,0.020000000000000018,2019-01-14,0.0064528254604685475,32130.0,Train
2019-01-14,32130,32050,32194,31963,13650,31924.0,31878.0,0.0064528254604685475,31856.0,31507.833333333332,0.005642265708719576,0.007073294120742189,0.005980149660290035,0.06440071556350624,-8.066665731398803e-05,-0.050000000000000044,2019-01-15,0.00121381886087768,32169.0,Train
2019-01-15,32169,32066,32273,32064,12590,32130.0,31924.0,0.00121381886087768,31926.0,31553.9,0.004031508544324377,0.00622315909421712,0.015467659964014002,0.044889076558287666,-8.066665731398803e-05,0.020000000000000018,2019-01-16,0.0032018402810158886,32272.0,Train
2019-01-16,32272,32148,32299,32103,11360,32169.0,32130.0,0.0032018402810158886,32014.571428571428,31597.5,0.0038043932707325064,0.006180178768372938,0.019588019714394056,0.04224260431468796,0.002628892918649761,0.010000000000000009,2019-01-17,-0.0005887456618740572,32253.0,Train
2019-01-17,32253,32300,32363,32190,12920,32272.0,32169.0,-0.0005887456618740572,32088.428571428572,31641.733333333334,0.0040141236376776135,0.006171918384010547,0.016290647844718897,0.04290887926016951,-0.001777152742429955,0.0,2019-01-18,-0.005084798313335193,32089.0,Train
2019-01-18,32089,32295,32305,32052,12630,32253.0,32272.0,-0.005084798313335193,32102.14285714286,31677.866666666665,0.00394220000357923,0.006280133001682034,0.003000656393586043,0.03496210288663115,0.0024050045121213337,0.04999999999999993,2019-01-21,-0.0015581663498395182,32039.0,Train
2019-01-21,32039,32052,32184,31985,8900,32089.0,32253.0,-0.0015581663498395182,32125.14285714286,31697.833333333332,0.0036603670504177497,0.00580598814039157,0.005050505050504972,0.019052162849872767,0.0012804656874527698,0.0,2019-01-22,0.003589375448671994,32154.0,Train
2019-01-22,32154,32030,32189,31949,12040,32039.0,32089.0,0.003589375448671994,32158.0,31706.466666666667,0.0038170185129185494,0.005223036951710674,0.007204610951008661,0.008120395046245399,0.0012804656874527698,0.0,2019-01-23,-0.0005909062636063611,32135.0,Train
2019-01-23,32135,32105,32199,32060,10910,32154.0,32039.0,-0.0005909062636063611,32158.714285714286,31717.233333333334,0.0029883899703808756,0.0051975724784842576,0.00015561780267669967,0.010153401232239512,0.00171179664449439,-0.010000000000000009,2019-01-24,-0.0037031274311498663,32016.0,Train
2019-01-24,32016,32100,32147,31986,9550,32135.0,32154.0,-0.0037031274311498663,32136.85714285714,31730.233333333334,0.0032307157832899645,0.005123651428164905,-0.004756131679567233,0.012331625877442631,-0.0015528856921015466,0.010000000000000009,2019-01-25,0.010088705647176344,32339.0,Train
2019-01-25,32339,32057,32367,32019,13030,32016.0,32135.0,0.010088705647176344,32146.428571428572,31761.066666666666,0.005110378408860472,0.005234503020818496,0.0020761031234506344,0.029445470172534627,0.0003587141798579996,-0.010000000000000009,2019-01-28,0.006091715884845028,32536.0,Train
2019-01-28,32536,32383,32570,32383,10900,32339.0,32016.0,0.006091715884845028,32186.85714285714,31797.7,0.005522295770832107,0.0053165325131676,0.008774377577279724,0.03495880650189265,-0.0052112688344660985,0.020000000000000018,2019-01-29,0.01091099090238501,32891.0,Train
2019-01-29,32891,32570,32967,32530,13050,32536.0,32339.0,0.01091099090238501,32301.428571428572,31844.033333333333,0.005762652584350204,0.005606013793269807,0.024992988251425707,0.04412558331481531,0.00028503846265159893,0.0,2019-01-30,0.00036484144598825097,32903.0,Train
2019-01-30,32903,32900,32975,32807,9820,32891.0,32536.0,0.00036484144598825097,32424.85714285714,31904.966666666667,0.00551942546905003,0.004848697838891687,0.02696713380567428,0.05882542236524535,-0.00022971937411120358,-0.030000000000000027,2019-01-31,0.0059872959912470325,33100.0,Train
2019-01-31,33100,32937,33245,32903,10390,32903.0,32891.0,0.0059872959912470325,32560.0,31970.333333333332,0.005576721752527551,0.0049053359579488524,0.029420911861665733,0.0629756896496354,0.0004130636872292648,-0.07999999999999996,2019-02-01,0.009214501510574014,33405.0,Train
2019-02-01,33405,33119,33500,32997,3120,33100.0,32903.0,0.009214501510574014,32741.428571428572,32043.2,0.005412300671926212,0.005076666180376967,0.0395207717442041,0.0700214612895993,-0.004582149516406564,-0.07999999999999996,2019-02-04,0.001496781918874479,33455.0,Train
2019-02-04,33455,34247,34400,33285,420,33405.0,33100.0,0.001496781918874479,32947.0,32120.833333333332,0.004134158402394064,0.004981946526721774,0.04494627686156916,0.07482490522392848,0.00180008172582391,0.039999999999999925,2019-02-05,-0.0022119264683904127,33381.0,Train
2019-02-05,33381,33549,33549,33250,130,33455.0,33405.0,-0.0022119264683904127,33095.857142857145,32187.7,0.004817050049114319,0.0049362195067397165,0.032221157116794075,0.06393625498007971,0.0010707240485674507,0.040000000000000036,2019-02-06,-0.004763188640244498,33222.0,Train
2019-02-06,33222,33199,33378,33175,7270,33381.0,33455.0,-0.004763188640244498,33193.857142857145,32246.333333333332,0.005870303000858466,0.005088907178494627,0.02108433734939763,0.05590693830848936,0.0014621089846378332,-0.020000000000000018,2019-02-07,-0.004996688941063199,33056.0,Train
2019-02-07,33056,33169,33200,32951,10600,33222.0,33381.0,-0.004996688941063199,33217.42857142857,32294.5,0.005353693320756405,0.00520666192394965,0.005016569882338562,0.0457119357185789,0.0016432383896967107,0.0,2019-02-08,0.002087366892546072,33125.0,Train
2019-02-08,33125,33000,33142,32910,9430,33056.0,33222.0,0.002087366892546072,33249.142857142855,32348.466666666667,0.005373801786978504,0.005126831806579603,0.006747105127192121,0.05138703738970363,0.0017806102573305616,-0.029999999999999916,2019-02-11,-0.005856603773584879,32931.0,Train
2019-02-11,32931,33060,33082,32811,11150,33125.0,33056.0,-0.005856603773584879,33225.0,32396.533333333333,0.005396568690920547,0.005295496189815868,-0.0051057401812688585,0.04579376925275502,0.0005802476364085152,0.0,2019-02-12,-0.0055874404056968086,32747.0,Train
2019-02-12,32747,32915,32945,32721,9360,32931.0,33125.0,-0.0055874404056968086,33131.0,32436.1,0.0033783391835051,0.005448665782845526,-0.019697650052387328,0.037610899873257386,0.004634922353915272,0.019999999999999907,2019-02-13,0.0049470180474546765,32909.0,Train
2019-02-13,32909,32727,33028,32680,10850,32747.0,32931.0,0.0049470180474546765,33053.0,32468.6,0.0042536420228919255,0.00512129543907295,-0.016320430428934385,0.030531721675956636,-0.002619293929462585,0.020000000000000018,2019-02-14,0.0018535962806527362,32970.0,Train
2019-02-14,32970,32862,33000,32765,11450,32909.0,32747.0,0.0018535962806527362,32994.28571428572,32502.966666666667,0.004541863763315635,0.005120851465585552,-0.01231239327761302,0.032280284291931416,0.001839105305775357,0.0,2019-02-15,0.008886866848650365,33263.0,Train
2019-02-15,33263,32992,33280,32992,11790,32970.0,32909.0,0.008886866848650365,33000.142857142855,32555.766666666666,0.005794742473216222,0.0050068924492522844,0.001234121967371049,0.05000157833264929,0.001392022147072236,-0.039999999999999925,2019-02-18,0.006012686769082842,33463.0,Train
2019-02-18,33463,33333,33484,33333,8880,33263.0,32970.0,0.006012686769082842,33058.28571428572,32616.133333333335,0.005644289798018758,0.005045793111935879,0.012312439496611871,0.05721597371414133,-0.0009417840204273276,-0.010000000000000009,2019-02-19,0.008666288139138834,33753.0,Train
2019-02-19,33753,33499,33797,33434,11910,33463.0,33263.0,0.008666288139138834,33148.0,32683.366666666665,0.006225088532353174,0.005195247696008558,0.018958490566037822,0.06355558356440638,-0.0009417840204273276,-0.010000000000000009,2019-02-20,-0.001007317868041313,33719.0,Train
2019-02-20,33719,33800,33877,33680,9090,33753.0,33463.0,-0.001007317868041313,33260.57142857143,32740.9,0.005317403524282392,0.005095903771712802,0.023928820867875178,0.05394930140968346,-0.003672419805500038,-0.020000000000000018,2019-02-21,-0.012366914795812423,33302.0,Train
2019-02-21,33302,33630,33658,33265,14500,33719.0,33753.0,-0.012366914795812423,33339.857142857145,32788.36666666667,0.0074257376883431455,0.005637037169455565,0.01694811738479851,0.044670305539870725,-0.003672419805500038,-0.020000000000000018,2019-02-22,0.002011891177706948,33369.0,Train
2019-02-22,33369,33302,33413,33190,9550,33302.0,33719.0,0.002011891177706948,33405.57142857143,32836.53333333333,0.007342153395450547,0.005637889154169992,0.01397793916557788,0.04526375140959771,-0.0005315527625031624,0.020000000000000018,2019-02-25,-0.006293266205160464,33159.0,Train
2019-02-25,33159,33385,33398,33130,8440,33369.0,33302.0,-0.006293266205160464,33432.57142857143,32870.833333333336,0.00798802653306549,0.005730665773652786,0.005732484076433231,0.03202614379084978,-0.0020740709690321157,-0.040000000000000036,2019-02-26,0.002080883018185098,33228.0,Train
2019-02-26,33228,33225,33450,33205,9010,33159.0,33369.0,0.002080883018185098,33427.57142857143,32906.13333333333,0.007223579202565261,0.005733616370551144,-0.001052220184589503,0.032919891821318714,-0.0011017610674918243,0.010000000000000009,2019-02-27,-0.001715420729505257,33171.0,Train
2019-02-27,33171,33300,33466,33138,9400,33228.0,33159.0,-0.001715420729505257,33385.857142857145,32936.1,0.006700261844623763,0.005741623735980648,-0.00872605564354656,0.027856965790778343,-0.0006745764404616494,-0.030000000000000027,2019-02-28,-0.008109493232040021,32902.0,Train
2019-02-28,32902,33189,33260,32877,8130,33171.0,33228.0,-0.008109493232040021,33264.28571428572,32957.73333333333,0.005454076572691135,0.005969967223235125,-0.025212573697152796,0.020122159178991073,-0.0002840393552308029,0.040000000000000036,2019-03-01,-0.011215123700686891,32533.0,Train
2019-03-01,32533,32857,32953,31915,1560,32902.0,33171.0,-0.011215123700686891,33094.857142857145,32972.53333333333,0.005976090588998783,0.006271450739674132,-0.0351730478365313,0.01383651718657486,0.001427615592578979,0.020000000000000018,2019-03-04,-0.0008606645559893211,32505.0,Train
2019-03-04,32505,32394,32601,32315,150,32533.0,32902.0,-0.0008606645559893211,32981.0,32988.066666666666,0.005167658902230258,0.0062649344925336725,-0.023932496546754,0.014544773557227053,0.0029588674516700664,0.020000000000000018,2019-03-05,-0.015074603907091255,32015.0,Train
2019-03-05,32015,33435,33440,32000,240,32505.0,32533.0,-0.015074603907091255,32787.57142857143,32983.433333333334,0.006110901633401328,0.0068472524761899,-0.04057658305612999,-0.004322945823225677,0.0013576398892933828,-0.020000000000000018,2019-03-06,-0.0019053568639699758,31954.0,Train
2019-03-06,31954,32136,32300,31885,16710,32015.0,32505.0,-0.0019053568639699758,32615.428571428572,32977.4,0.0062845032954943056,0.0068545599970637056,-0.03634005850598632,-0.005632487941496844,0.0009721647012665979,0.010000000000000009,2019-03-07,-0.00025035989234523104,31946.0,Train
2019-03-07,31946,31959,31980,31800,14750,31954.0,32015.0,-0.00025035989234523104,32432.285714285714,32975.066666666666,0.005879553606974978,0.006822023057129165,-0.038581918863608955,-0.0021864067966016476,0.001458137347130739,-0.010000000000000009,2019-03-08,0.007137043761347384,32174.0,Train
2019-03-08,32174,31980,32235,31955,16620,31946.0,31954.0,0.007137043761347384,32289.85714285714,32969.566666666666,0.007562931620221883,0.0066907740094737,-0.03005637454402943,-0.005102198583753381,0.004527212854675167,-0.040000000000000036,2019-03-11,-0.008049978243302003,31915.0,Train
2019-03-11,31915,32214,32214,31897,12410,32174.0,31946.0,-0.008049978243302003,32148.85714285714,32948.86666666667,0.007558000579360367,0.006733972056942492,-0.029998176402650345,-0.019086550282763737,-0.0011429372969014029,-0.020000000000000018,2019-03-12,0.003133322888923651,32015.0,Train
2019-03-12,32015,31906,32056,31885,12060,31915.0,32174.0,0.003133322888923651,32074.85714285714,32919.666666666664,0.007317245425156833,0.006416973783152516,-0.015922294285802163,-0.02663342555714332,-0.0005478506829496022,0.010000000000000009,2019-03-13,0.006559425269405006,32225.0,Train
2019-03-13,32225,32088,32330,32088,13820,32015.0,31915.0,0.006559425269405006,32034.85714285714,32897.066666666666,0.008055210344651877,0.006556541149082576,-0.008614059375480654,-0.02060602376682974,-0.003102430511888077,-0.020000000000000018,2019-03-14,-0.012195500387897629,31832.0,Train
2019-03-14,31832,32274,32274,31813,17210,32225.0,32015.0,-0.012195500387897629,32008.714285714286,32854.8,0.007263748432622225,0.006756982284715577,-0.0057160705919100385,-0.038308157099697926,-0.0017557139004166222,-0.020000000000000018,2019-03-15,0.0006597134958532536,31853.0,Train
2019-03-15,31853,31895,31960,31768,13200,31832.0,32225.0,0.0006597134958532536,31994.285714285714,32803.066666666666,0.007263152424509338,0.006473425233484601,-0.00316079364085875,-0.04646011076186196,0.0004601820508083332,0.0,2019-03-18,-0.0052742284871126754,31685.0,Train
2019-03-18,31685,31800,31815,31590,12270,31853.0,31832.0,-0.0052742284871126754,31957.0,32744.066666666666,0.007487258436724271,0.006481054192201753,-0.00817003693733176,-0.05290688985204006,-0.0018163603101315484,-0.039999999999999925,2019-03-19,0.00946820261953607,31985.0,Train
2019-03-19,31985,31750,32017,31691,14670,31685.0,31853.0,0.00946820261953607,31930.0,32697.533333333333,0.007954410208485157,0.0067979151293083495,-0.005874308447815002,-0.04182019711812113,-0.0012567473806853746,-0.010000000000000009,2019-03-20,-0.007659840550257924,31740.0,Train
2019-03-20,31740,31961,31961,31704,14380,31985.0,31685.0,-0.007659840550257924,31905.0,32648.133333333335,0.007896416641086496,0.006867538048039308,-0.0054833150556165,-0.044608994040093886,-0.0017922446750410215,0.020000000000000018,2019-03-21,0.0032136105860114395,31842.0,Train
2019-03-21,31842,31899,32064,31806,9410,31740.0,31985.0,0.0032136105860114395,31880.285714285714,32607.666666666668,0.007903067096678528,0.006886836043864682,-0.005403717007652631,-0.036725556631171385,-0.0007134578280768578,-0.08000000000000007,2019-03-22,0.00982978456127137,32155.0,Train
2019-03-22,32155,31869,32184,31748,19210,31842.0,31740.0,0.00982978456127137,31870.285714285714,32575.333333333332,0.008482404222439016,0.007155035575214792,-0.002172226532195509,-0.029283018867924504,0.00015330584340556008,0.0,2019-03-25,0.0021147566474888357,32223.0,Train
2019-03-25,32223,32199,32245,32083,14020,32155.0,31842.0,0.0021147566474888357,31926.14285714286,32551.733333333334,0.006660842001589664,0.00711503211018499,0.012283236994219626,-0.021499498952354923,0.004530150199179461,-0.039999999999999925,2019-03-26,-0.003413710703534689,32113.0,Train
2019-03-26,32113,32200,32200,32031,13040,32223.0,32155.0,-0.003413710703534689,31963.285714285714,32530.6,0.006945314879851348,0.007074492881331908,0.008162496468150593,-0.01936055211164378,-0.00234118319998311,0.010000000000000009,2019-03-27,-0.0029271634540528613,32019.0,Train
2019-03-27,32019,32101,32182,32000,17720,32113.0,32223.0,-0.0029271634540528613,32011.0,32500.933333333334,0.00663119777748084,0.007006292347579,0.010541265583083437,-0.027044273602965796,0.0019603713081348673,0.0,2019-03-28,-0.01233642524750933,31624.0,Train
2019-03-28,31624,31993,32030,31591,15060,32019.0,32113.0,-0.01233642524750933,31959.428571428572,32456.066666666666,0.007355877239886008,0.007288029668274464,-0.01128654056589029,-0.04082499241734916,0.004212265377080193,0.0,2019-03-29,0.00249810270680495,31703.0,Train
2019-03-29,31703,31600,31788,31510,11360,31624.0,32019.0,0.00249810270680495,31954.14285714286,32404.066666666666,0.006951316801282903,0.007068232954467077,-0.001165721487082494,-0.04689895679884559,0.001162222050427264,0.010000000000000009,2019-04-01,-0.004195186575402965,31570.0,Train
2019-04-01,31570,31588,31730,31542,4520,31703.0,31624.0,-0.004195186575402965,31915.285714285714,32340.966666666667,0.006918505547921719,0.006934778046073502,-0.008542176998932227,-0.05656994292203332,-0.0010498177568430966,-0.030000000000000027,2019-04-02,-0.0011086474501108556,31535.0,Train
2019-04-02,31535,31550,31590,31359,390,31570.0,31703.0,-0.0011086474501108556,31826.714285714286,32267.033333333333,0.004972599774612494,0.006643967645563818,-0.019281604727103052,-0.06571267739163922,-0.0017448763257021938,0.05999999999999994,2019-04-03,-0.0026954177897574594,31450.0,Train
2019-04-03,31450,31499,31607,31318,170,31535.0,31570.0,-0.0026954177897574594,31716.285714285714,32191.4,0.004494991063159195,0.006640299854035694,-0.023989076125748743,-0.06729143806162696,0.00157565675566107,-0.010000000000000009,2019-04-04,0.0016852146263910406,31503.0,Train
2019-04-04,31503,31499,31549,31350,70,31450.0,31535.0,0.0016852146263910406,31629.14285714286,32131.433333333334,0.004897721861636761,0.006396699817807989,-0.018995422414598395,-0.05402077953276074,-0.0034417068503169723,0.030000000000000027,2019-04-05,0.0019998095419484496,31566.0,Train
2019-04-05,31566,31535,31620,31400,60,31503.0,31450.0,0.0019998095419484496,31564.428571428572,32071.333333333332,0.005208127189555747,0.006396450001339814,-0.014147849714232219,-0.054032185561449286,0.0021669945633366883,0.0,2019-04-08,0.01615662421592856,32076.0,Train
2019-04-08,32076,31795,32155,31795,12900,31566.0,31503.0,0.01615662421592856,31629.0,32035.233333333334,0.006718526828062247,0.00712770545792572,0.01429294206931453,-0.032660816068035836,2.5224037289772738e-05,-0.010000000000000009,2019-04-09,0.000685871056241405,32098.0,Train
2019-04-09,32098,32131,32171,32020,11010,32076.0,31566.0,0.000685871056241405,31685.428571428572,31997.566666666666,0.006733220871258692,0.0071108923486893965,0.012459388701384633,-0.034007463584928344,-0.0024640653512227884,0.010000000000000009,2019-04-10,0.0023677487693938293,32174.0,Train
2019-04-10,32174,32070,32197,31968,11740,32098.0,32076.0,0.0023677487693938293,31771.714285714286,31964.333333333332,0.006196490989189818,0.007138288935725273,0.01913208742477046,-0.03005637454402943,-0.0013706596866490672,-0.010000000000000009,2019-04-11,-0.01588238950705534,31663.0,Train
2019-04-11,31663,32148,32148,31638,17110,32174.0,32098.0,-0.01588238950705534,31790.0,31923.033333333333,0.009405716305759345,0.007535547203641845,0.004058982083399387,-0.0376572852714121,-0.0009185197861559802,-0.05999999999999994,2019-04-12,0.0030635126172504634,31760.0,Train
2019-04-12,31760,31721,31871,31705,11010,31663.0,32174.0,0.0030635126172504634,31834.285714285714,31897.266666666666,0.009319182216305037,0.007332709107362201,0.009856915739268723,-0.023760489349276104,0.0017775540541604684,0.029999999999999916,2019-04-15,0.0,31760.0,Train
2019-04-15,31760,31710,31791,31570,8540,31760.0,31663.0,0.0,31871.0,31872.433333333334,0.009333532454033625,0.007334046829550378,0.008157953210805369,-0.022919550838332525,-0.00241820879819743,0.040000000000000036,2019-04-16,-0.009005037783375358,31474.0,Train
2019-04-16,31474,31700,31768,31453,14480,31760.0,31760.0,-0.009005037783375358,31857.85714285714,31854.4,0.010073590675418674,0.007001330839614707,-0.0029145282899322167,-0.01689832890832421,0.0012408933382654919,0.0,2019-04-17,-0.002033424413801832,31410.0,Train
2019-04-17,31410,31500,31525,31393,5650,31474.0,31760.0,-0.002033424413801832,31762.714285714286,31836.266666666666,0.006965507404065953,0.007002228370970783,-0.020763187429854058,-0.01702447267947671,0.0015773614568321825,0.030000000000000027,2019-04-18,-0.00022285896211393652,31403.0,Train
2019-04-18,31403,31474,31544,31355,9870,31410.0,31474.0,-0.00022285896211393652,31663.428571428572,31818.166666666668,0.006894074980417237,0.007002270545984508,-0.021652439404324264,-0.0169974331684718,-0.0014083205145646316,0.010000000000000009,2019-04-22,0.0040760436900932895,31531.0,Train
2019-04-22,31531,31497,31697,31497,9890,31403.0,31410.0,0.0040760436900932895,31571.571428571428,31796.733333333334,0.007145606176926627,0.0069081016627933235,-0.019985081121402404,-0.019985081121402404,-8.369127335405846e-05,-0.030000000000000027,2019-04-23,-0.00019028892201322645,31525.0,Train
2019-04-23,31525,31490,31566,31401,9920,31531.0,31403.0,-0.00019028892201322645,31551.85714285714,31783.733333333334,0.00425547450913067,0.006765328533848674,-0.004358399393614043,-0.012219959266802416,0.0006251215150783196,0.020000000000000018,2019-04-24,0.007422680412371152,31759.0,Train
2019-04-24,31759,31480,31799,31450,12640,31525.0,31531.0,0.007422680412371152,31551.714285714286,31775.2,0.005115684963599963,0.006886545699856307,-3.1486146095716094e-05,-0.007996251756988926,0.0033841773155560695,-0.020000000000000018,2019-04-25,0.0026449195503637224,31843.0,Train
2019-04-25,31843,31750,31926,31641,11640,31759.0,31525.0,0.0026449195503637224,31563.571428571428,31762.466666666667,0.005211877785500586,0.006789582175555437,0.002613350125944658,-0.011854150504266858,0.002265586872969072,-0.050000000000000044,2019-04-26,0.0007851019062274922,31868.0,Train
2019-04-26,31868,31851,31934,31705,9670,31843.0,31759.0,0.0007851019062274922,31619.85714285714,31763.666666666668,0.003195965813606737,0.006413516116931481,0.012518269047467667,0.0011309374214627521,0.0030514985873173472,-0.009999999999999898,2019-04-30,-0.007625203966361238,31625.0,Train
2019-04-30,31625,31800,31824,31597,6440,31868.0,31843.0,-0.007625203966361238,31650.571428571428,31756.066666666666,0.004668500990347278,0.006563317368864419,0.006844953836357748,-0.007157881518224385,0.00039834875780142553,0.039999999999999925,2019-05-01,-0.001960474308300375,31563.0,Train
2019-05-01,31563,31604,31657,31503,1550,31625.0,31868.0,-0.001960474308300375,31673.428571428572,31752.0,0.004788052634401367,0.006502905427179403,0.005095054612616723,-0.003850402398611341,-0.0016845174151919329,-0.019999999999999907,2019-05-02,-0.01140575990875392,31203.0,Train
2019-05-02,31203,31420,31425,31160,480,31563.0,31625.0,-0.01140575990875392,31626.571428571428,31725.933333333334,0.006319041082120075,0.006559414266055334,-0.010402461070058044,-0.024448960450211055,-0.0028258507683730505,0.029999999999999916,2019-05-03,0.004422651668108735,31341.0,Train
2019-05-03,31341,31250,31500,31163,80,31203.0,31563.0,0.004422651668108735,31600.285714285714,31712.633333333335,0.006704213977350659,0.006494557656601645,-0.0058366375892149325,-0.01257088846880905,0.004865124319360925,0.07000000000000006,2019-05-06,0.007561979515650519,31578.0,Train
2019-05-06,31578,31495,31659,31495,12070,31341.0,31203.0,0.007561979515650519,31574.428571428572,31703.833333333332,0.006732891734929138,0.006625223645554902,-0.005699171888283616,-0.00829093649896362,-0.0025709209885281803,-0.030000000000000027,2019-05-07,0.005098486287921977,31739.0,Train
2019-05-07,31739,31600,31758,31542,12370,31578.0,31341.0,0.005098486287921977,31559.571428571428,31689.966666666667,0.007000468843291399,0.006430297616282948,-0.003266023929906048,-0.012937334784636878,0.0010107179480951523,-0.030000000000000027,2019-05-08,-0.0013232931094236955,31697.0,Train
2019-05-08,31697,31740,31930,31676,16670,31739.0,31578.0,-0.0013232931094236955,31535.14285714286,31672.433333333334,0.0069840011713386,0.006414293414527208,-0.0053658842726245215,-0.016323743909629762,0.0019977275307654363,-0.020000000000000018,2019-05-09,0.007224658485030178,31926.0,Train
2019-05-09,31926,31749,32049,31719,18690,31697.0,31739.0,0.007224658485030178,31578.14285714286,31666.2,0.006799555655143546,0.006542084604813087,0.009517786561264785,-0.0058231868713605195,-0.0008173920264056278,0.040000000000000036,2019-05-10,-0.0002819018981394805,31917.0,Train
2019-05-10,31917,31895,32004,31790,15880,31926.0,31697.0,-0.0002819018981394805,31628.714285714286,31662.8,0.006691093589476389,0.006521490790566326,0.011215663910274731,-0.0031856085449264437,0.0028134362791309986,-0.020000000000000018,2019-05-13,0.01823479650343085,32499.0,Train
2019-05-13,32499,31900,32538,31885,25010,31917.0,31926.0,0.01823479650343085,31813.85714285714,31691.966666666667,0.006453192653314147,0.006917684252242346,0.04153446783963077,0.02766885909435879,-0.0026648342873618613,-0.010000000000000009,2019-05-14,-0.007723314563525041,32248.0,Train
2019-05-14,32248,32451,32451,32235,17750,32499.0,31917.0,-0.007723314563525041,31943.428571428572,31710.133333333335,0.00827587846115871,0.007087584167744195,0.02893972751348084,0.017190802132290406,0.0033029409677201027,-0.039999999999999925,2019-05-15,0.0004031257752419304,32261.0,Train
2019-05-15,32261,32300,32410,32165,17660,32248.0,32499.0,0.0004031257752419304,32041.0,31733.166666666668,0.00822078890762438,0.007029960887524999,0.021628982202799518,0.021887868229331753,0.00023724280722925428,0.010000000000000009,2019-05-16,-0.008555221474845776,31985.0,Train
2019-05-16,31985,32261,32320,31931,18620,32261.0,32248.0,-0.008555221474845776,32076.14285714286,31748.166666666668,0.009223551397160993,0.0072264180018818455,0.007750716783767597,0.014269858886950981,-0.0007417469866528581,-0.020000000000000018,2019-05-17,-0.00550257933406284,31809.0,Train
2019-05-17,31809,31991,32039,31785,17350,31985.0,32261.0,-0.00550257933406284,32092.14285714286,31760.133333333335,0.00953941709634148,0.00728710867872517,0.003533457424993003,0.011414944356120893,0.0015372465075329522,0.020000000000000018,2019-05-20,-0.007639347354522319,31566.0,Train
2019-05-20,31566,31777,31777,31101,14610,31809.0,31985.0,-0.007639347354522319,32040.714285714286,31762.233333333334,0.00945815654712897,0.007428076348670622,-0.011276075925577889,0.0019998095419484496,0.00356273042695876,0.019999999999999907,2019-05-21,-0.0039282772603433935,31442.0,Train
2019-05-21,31442,31549,31549,31410,11490,31566.0,31809.0,-0.0039282772603433935,31972.85714285714,31758.1,0.009475104526372187,0.007454411567529749,-0.014882351098160829,-0.0039282772603433935,-0.001168762022533687,0.020000000000000018,2019-05-22,0.0003180459258316226,31452.0,Train
2019-05-22,31452,31460,31568,31416,9610,31442.0,31566.0,0.0003180459258316226,31823.285714285714,31737.3,0.0037659591714666123,0.00679471323378459,-0.03221637588848891,-0.019453797231575032,-0.0002364332454374285,0.0,2019-05-23,0.007757853236678214,31696.0,Train
2019-05-23,31696,31401,31757,31265,16970,31452.0,31442.0,0.007757853236678214,31744.428571428572,31723.9,0.00571123556771351,0.0069626245113727754,-0.01711734061027037,-0.012524144806529969,-0.0003715029703038608,0.0,2019-05-24,-0.004480060575466904,31554.0,Train
2019-05-24,31554,31681,31710,31518,10690,31696.0,31452.0,-0.004480060575466904,31643.428571428572,31703.233333333334,0.0056019135162540465,0.006981097906151175,-0.021915005734478132,-0.01927021818859953,-3.785232774611291e-05,-0.020000000000000018,2019-05-27,0.002408569436521457,31630.0,Train
2019-05-27,31630,31588,31716,31580,8360,31554.0,31696.0,0.002408569436521457,31592.714285714286,31702.133333333335,0.005365535685975985,0.0063750411902534325,-0.011098952634047254,-0.001042225941951136,-0.0013438085012663636,-0.019999999999999907,2019-05-28,-0.0019285488460322187,31569.0,Train
2019-05-28,31569,31629,31718,31510,11670,31630.0,31554.0,-0.0019285488460322187,31558.428571428572,31695.766666666666,0.005093293007324046,0.00635703671472428,-0.00754503442421961,-0.006013853904282107,-0.0013438085012663636,-0.019999999999999907,2019-05-29,0.0060502391586683135,31760.0,Train
2019-05-29,31760,31651,31850,31638,12930,31569.0,31630.0,0.0060502391586683135,31586.14285714286,31695.766666666666,0.004768404290478592,0.006458161600846482,0.0061458531331179955,0.0,0.002039961888549824,-0.030000000000000027,2019-05-30,0.0022355163727960647,31831.0,Train
2019-05-30,31831,31721,31896,31560,10730,31760.0,31569.0,0.0022355163727960647,31641.714285714286,31707.666666666668,0.004274924684549904,0.006238839848274498,0.012371986514852829,0.011342695558238525,0.002029790899727768,-0.030000000000000027,2019-05-31,0.009424774590807594,32131.0,Train
2019-05-31,32131,31810,32165,31810,8390,31831.0,31760.0,0.009424774590807594,31738.714285714286,31731.7,0.005072206046746006,0.006432777846204839,0.021588452244690304,0.02295447309773957,-0.001326429493751835,-0.020000000000000018,2019-06-03,0.008527590177709987,32405.0,Train
2019-06-03,32405,32147,32499,32113,1290,32131.0,31831.0,0.008527590177709987,31840.0,31765.1,0.005197645113513591,0.006582532694206921,0.022368753154972332,0.03190777951151169,0.002821332504001406,-0.07999999999999996,2019-06-04,0.0018515661163400754,32465.0,Train
2019-06-04,32465,32500,32800,32300,120,32405.0,32131.0,0.0018515661163400754,31970.14285714286,31796.233333333334,0.004072138657704951,0.006559975193312612,0.02887114153514614,0.029621642193397024,-0.0021494543264515276,-0.06,2019-06-05,0.004373941167411077,32607.0,Train
2019-06-05,32607,32540,32866,32540,11500,32465.0,32405.0,0.004373941167411077,32109.714285714286,31832.3,0.004004775017679336,0.0065844369709823995,0.030888397091368924,0.034321966693100725,-0.003308824791975029,0.03999999999999998,2019-06-06,0.0038948691998650364,32734.0,Train
2019-06-06,32734,32631,32760,32631,10040,32607.0,32465.0,0.0038948691998650364,32276.14285714286,31864.8,0.0029447736058018778,0.006499435402701174,0.03690329120339575,0.030699959066721183,-0.0005254498626077186,-0.010000000000000009,2019-06-07,0.0040630537056272065,32867.0,Train
2019-06-07,32867,32641,32944,32610,18520,32734.0,32607.0,0.0040630537056272065,32434.285714285714,31898.933333333334,0.002944265505063477,0.006516728886388645,0.034855163727959715,0.032157774079075496,-0.00045591657330013025,0.020000000000000018,2019-06-10,-0.007788967657528789,32611.0,Train
2019-06-10,32611,32800,32800,32585,9620,32867.0,32734.0,-0.007788967657528789,32545.714285714286,31923.7,0.005653481443859257,0.006714932069695828,0.024504413936099922,0.023314924061754727,-0.0020719607577701638,-0.040000000000000036,2019-06-11,-0.0010732574898040248,32576.0,Train
2019-06-11,32576,32640,32662,32431,10980,32611.0,32867.0,-0.0010732574898040248,32609.285714285714,31955.4,0.005186188644876019,0.006535949331229962,0.01384955339080629,0.030071146245059355,-0.002045157633527084,0.07,2019-06-12,0.003346021611001948,32685.0,Train
2019-06-12,32685,32617,32776,32617,11390,32576.0,32611.0,0.003346021611001948,32649.285714285714,31992.8,0.004406856096682277,0.006524618957736869,0.008640641876253685,0.03554795171561631,-0.00104502074024182,0.010000000000000009,2019-06-13,0.006088419764417985,32884.0,Train
2019-06-13,32884,32739,32918,32662,12030,32685.0,32576.0,0.006088419764417985,32709.14285714286,32048.833333333332,0.004780280485990007,0.006130319221487497,0.012906206684121457,0.05387302502964464,0.0005078896232775243,-0.010000000000000009,2019-06-14,0.003040992579978141,32984.0,Train
2019-06-14,32984,32950,33241,32950,21100,32884.0,32685.0,0.003040992579978141,32763.0,32103.6,0.004688343054522676,0.006114863945340914,0.011561934553930175,0.05242334322453024,0.0016415738318404927,0.0,2019-06-17,-0.0006973077855929599,32961.0,Train
2019-06-17,32961,33015,33080,32826,15540,32984.0,32884.0,-0.0006973077855929599,32795.42857142857,32149.7,0.00464343481639245,0.006028209442223831,0.0069346856479501895,0.04379631388941663,0.002406002032388388,0.040000000000000036,2019-06-18,-0.0006674554776857633,32939.0,Train
2019-06-18,32939,32974,33149,32846,21560,32961.0,32984.0,-0.0006674554776857633,32805.71428571428,32189.7,0.004463589179017472,0.005999636036353453,0.002190647153679892,0.037808374554964,0.0005409570021146504,0.019999999999999962,2019-06-19,0.0011232885029903716,32976.0,Train
2019-06-19,32976,32907,32999,32875,10560,32939.0,32961.0,0.0011232885029903716,32857.857142857145,32232.333333333332,0.0026790321419056136,0.005979974736229544,0.011192542393670957,0.04035082184433869,-0.0007648635317897279,-0.06,2019-06-20,0.02614022319262488,33838.0,Train
2019-06-20,33838,33000,33876,33000,26730,32976.0,32939.0,0.02614022319262488,33038.142857142855,32296.066666666666,0.00942203856746147,0.007440946411390734,0.03874017681728881,0.05988849213806935,-0.0007835712381030202,-0.06,2019-06-21,0.0036054140315622263,33960.0,Train
2019-06-21,33960,33890,34297,33709,27580,33838.0,32976.0,0.0036054140315622263,33220.28571428572,32364.166666666668,0.00941274322608095,0.007434273454351404,0.03900871959614505,0.06400977535482655,-0.008500814844946358,-0.08999999999999997,2019-06-24,0.0074793875147232125,34214.0,Train
2019-06-24,34214,34100,34259,34031,15550,33960.0,33838.0,0.0074793875147232125,33410.28571428572,32421.333333333332,0.009441404056830386,0.006866875920004895,0.04044520131370888,0.052770854487830476,0.00028831597340173154,0.07,2019-06-25,0.0025135909276903234,34300.0,Train
2019-06-25,34300,34345,34599,34160,30860,34214.0,33960.0,0.0025135909276903234,33598.28571428572,32489.733333333334,0.009468391067773238,0.0066307841401208,0.03989813242784379,0.0636318531381792,-0.001583103806502506,-0.030000000000000027,2019-06-26,-0.00481049562682212,34135.0,Train
2019-06-26,34135,34160,34173,33964,20450,34300.0,34214.0,-0.00481049562682212,33766.0,32552.2,0.010037904888082452,0.006743598646524889,0.03561785140013951,0.05808871392703274,-0.0001709462836190223,0.020000000000000018,2019-06-27,-0.005976270689907692,33931.0,Train
2019-06-27,33931,34270,34270,33777,13580,34135.0,34300.0,-0.005976270689907692,33907.71428571428,32617.066666666666,0.010719700233710631,0.006620970599241822,0.030116275539633808,0.06084101922776308,-0.0006586046479170049,0.019999999999999962,2019-06-28,0.0004715451946597504,33947.0,Train
2019-06-28,33947,34000,34200,33900,11220,33931.0,34135.0,0.0004715451946597504,34046.42857142857,32688.333333333332,0.010754627669762123,0.0064760496642482564,0.02944565744784078,0.06721368166242248,0.0009095606874254258,-0.019999999999999962,2019-07-01,-0.01764515273809175,33348.0,Train
2019-07-01,33348,33777,33777,33210,3840,33947.0,33931.0,-0.01764515273809175,33976.42857142857,32747.733333333334,0.008328887407201556,0.007215247234787021,-0.014480761274306975,0.056453145789773895,-0.0007229756246457386,-0.020000000000000018,2019-07-02,0.01292431330214705,33779.0,Train
2019-07-02,33779,33530,33804,33507,350,33348.0,33947.0,0.01292431330214705,33950.57142857143,32825.63333333333,0.00996740070790447,0.00740287164937095,-0.005329799764428711,0.07432733286686588,0.0012375405931641659,0.030000000000000027,2019-07-03,0.008822049202167115,34077.0,Train
2019-07-03,34077,33801,34750,33801,190,33779.0,33348.0,0.008822049202167115,33931.0,32913.13333333333,0.010162503436666958,0.007482038760989963,-0.004004208803413789,0.083460511255246,0.0008882194555799305,-0.010000000000000009,2019-07-04,-0.0015846465357866046,34023.0,Train
2019-07-04,34023,34199,34300,33911,180,34077.0,33779.0,-0.0015846465357866046,33891.42857142857,32990.7,0.010075709592980008,0.007458760812544561,-0.008075801749271139,0.07341620393740533,-0.00010711878340929903,-0.020000000000000018,2019-07-05,0.01019898304088418,34370.0,Train
2019-07-05,34370,34395,35037,33900,40,34023.0,34077.0,0.01019898304088418,33925.0,33084.566666666666,0.010733579526067013,0.007473926603704354,0.006884429471217146,0.08924383596374463,-0.00010711878340929903,-0.020000000000000018,2019-07-08,0.004800698283386584,34535.0,Train
2019-07-08,34535,34550,34759,34475,23910,34370.0,34023.0,0.004800698283386584,34011.28571428572,33181.4,0.010326295884688506,0.007481475806290591,0.01780083109840569,0.09184318684792925,0.002610320214957218,0.03999999999999998,2019-07-09,-5.7912262921622215e-05,34533.0,Train
2019-07-09,34533,34499,34581,34300,25570,34535.0,34370.0,-5.7912262921622215e-05,34095.0,33280.2,0.010346145414845982,0.007447042049413316,0.017262202845612196,0.09388957521619301,-0.0007627274717408872,0.0,2019-07-10,0.0067182115657487,34765.0,Train
2019-07-10,34765,34469,34806,34332,31360,34533.0,34535.0,0.0067182115657487,34297.42857142857,33380.36666666667,0.00531846327700261,0.0074573981536491035,0.042491303826316384,0.09461586901763219,0.0006633317510740255,0.010000000000000009,2019-07-11,-0.004400977995110078,34612.0,Train
2019-07-11,34612,34800,34995,34591,34610,34765.0,34533.0,-0.004400977995110078,34416.42857142857,33473.066666666666,0.0055705640752145924,0.007579661870078819,0.024660291897332653,0.08736766045678745,-0.00011989397202638585,-0.02999999999999997,2019-07-12,0.005778342771293188,34812.0,Train
2019-07-12,34812,34698,34862,34611,23110,34612.0,34765.0,0.005778342771293188,34521.42857142857,33562.433333333334,0.00519177501557173,0.007498961684507936,0.02156880007042883,0.08343966885562226,-0.0021878929062048025,0.02999999999999997,2019-07-15,-0.0005745145352177294,34792.0,Train
2019-07-15,34792,34740,34850,34687,19680,34812.0,34612.0,-0.0005745145352177294,34631.28571428572,33642.0,0.005053198945232081,0.0074390276413500616,0.022602357228933334,0.07366147199506257,-0.0005886650626414358,-0.010000000000000009,2019-07-16,-0.0015520809381467382,34738.0,Train
2019-07-16,34738,34809,34839,34639,25480,34792.0,34812.0,-0.0015520809381467382,34683.857142857145,33717.76666666667,0.004228663934778438,0.0074735332960436975,0.010707011929007804,0.07001386108116425,-0.0007545624452702793,-0.02999999999999997,2019-07-17,0.008664862686395214,35039.0,Train
2019-07-17,35039,34700,35080,34611,27570,34738.0,34792.0,0.008664862686395214,34755.857142857145,33798.833333333336,0.004922115569875633,0.007555498808856023,0.014593890256261677,0.07458521176434507,0.00287054888347682,0.010000000000000009,2019-07-18,0.0022260909272524554,35117.0,Train
2019-07-18,35117,35100,35150,34851,31100,35039.0,34738.0,0.0022260909272524554,34839.28571428572,33878.26666666667,0.004831465768628501,0.007550469548039066,0.016911360148264,0.07279892466548543,-0.001123369831259713,-0.020000000000000018,2019-07-19,-0.002392003872768167,35033.0,Train
2019-07-19,35033,35180,35380,35003,29520,35117.0,35039.0,-0.002392003872768167,34877.57142857143,33950.46666666667,0.00470237791560365,0.007592492536937908,0.007708902631957448,0.06590196853987274,-6.528443558129204e-05,-0.06,2019-07-22,0.003139896668855169,35143.0,Train
2019-07-22,35143,35100,35189,35035,16100,35033.0,35117.0,0.003139896668855169,34953.42857142857,34034.86666666667,0.004048536873675788,0.007357348009864228,0.015341500057783453,0.07764251326239613,-4.265528263902585e-05,0.0,2019-07-23,-0.003215434083601254,35030.0,Train
2019-07-23,35030,35065,35135,34907,20410,35143.0,35033.0,-0.003215434083601254,34984.57142857143,34116.666666666664,0.004143865477267758,0.007403690692538724,0.006262208433873484,0.07533153241650292,0.0011517417591266899,0.010000000000000009,2019-07-24,0.00017128175849268068,35036.0,Train
2019-07-24,35036,35012,35090,34921,15420,35030.0,35143.0,0.00017128175849268068,35019.42857142857,34195.03333333333,0.004109091203859545,0.007413128816245551,0.007013106461255525,0.07192901942787211,0.002588655134093454,0.010000000000000009,2019-07-25,-0.005308825208357071,34850.0,Train
2019-07-25,34850,34981,35121,34802,21460,35036.0,35030.0,-0.005308825208357071,35035.42857142857,34260.566666666666,0.004701516058798635,0.007506101357034931,0.0032241349530772734,0.059785914122369554,-0.00048482430539587007,-0.010000000000000009,2019-07-26,-0.0010043041606886405,34815.0,Train
2019-07-26,34815,34870,34905,34760,14310,34850.0,35036.0,-0.0010043041606886405,35003.42857142857,34321.6,0.0030076511486675527,0.007522414657353609,-0.006392876509032752,0.05551176327916574,0.000473779021134213,0.020000000000000018,2019-07-29,-0.0007755277897457669,34788.0,Train
2019-07-29,34788,34839,34881,34735,10730,34815.0,34850.0,-0.0007755277897457669,34956.42857142857,34382.5,0.002682048424904328,0.007523334240021074,-0.009368681835008719,0.055429143533266556,0.0021396691362050024,0.019999999999999962,2019-07-30,-0.001466022766471231,34737.0,Train
2019-07-30,34737,34823,34898,34520,18210,34788.0,34815.0,-0.001466022766471231,34914.142857142855,34442.433333333334,0.0026441218241718832,0.0075338700856904155,-0.008449176490737287,0.05458574941558636,0.0003773424876389875,-0.010000000000000009,2019-07-31,-0.0006621182024930672,34714.0,Train
2019-07-31,34714,34830,34830,34625,8500,34737.0,34788.0,-0.0006621182024930672,34852.857142857145,34500.36666666667,0.0018829864856135972,0.007546445280730517,-0.012207267450132342,0.05270499757399327,0.0002820349775281006,-0.009999999999999953,2019-08-01,0.012098865011234583,35134.0,Train
2019-08-01,35134,34520,35500,34430,2710,34714.0,34737.0,0.012098865011234583,34867.71428571428,34543.566666666666,0.005438463972542407,0.0063161157630790945,0.002968883813873724,0.03830013594184045,-0.001094090957446281,-0.020000000000000018,2019-08-02,0.016252063528206406,35705.0,Train
2019-08-02,35705,35200,35840,35100,820,35134.0,34714.0,0.016252063528206406,34963.28571428572,34601.73333333333,0.008068367108791294,0.006874514364941635,0.01909464550747808,0.051383981154299097,0.004808016998197218,-0.06,2019-08-05,0.028175325584651967,36711.0,Train
2019-08-05,36711,36412,36775,36240,290,35705.0,35134.0,0.028175325584651967,35229.142857142855,34684.96666666667,0.01164067976284476,0.008354232490166088,0.05340028694404597,0.07298182030747657,0.0011762181613255152,0.0,2019-08-06,0.012829941979243253,37182.0,Train
2019-08-06,37182,37003,37207,36621,27320,36711.0,35705.0,0.012829941979243253,35567.28571428572,34781.03333333333,0.011115373824850647,0.008569290381851448,0.06798793623438182,0.0840233236151604,0.00343155481192281,-0.05000000000000002,2019-08-07,0.01928352428594482,37899.0,Train
2019-08-07,37899,37250,38125,37250,44110,37182.0,36711.0,0.01928352428594482,36011.71428571428,34906.5,0.010600561032555859,0.008958612115483832,0.08942738875474299,0.11026805331770917,0.0009032028964250927,-0.039999999999999994,2019-08-08,-0.015514921238027335,37311.0,Train
2019-08-08,37311,37899,37899,37175,33790,37899.0,37182.0,-0.015514921238027335,36379.42857142857,35019.166666666664,0.014328607505546462,0.009462772333607513,0.07409966318334926,0.09961392237187239,0.0009280969128566685,-0.020000000000000004,2019-08-09,0.006620031626062062,37558.0,Train
2019-08-09,37558,37419,37684,37355,22870,37311.0,37899.0,0.006620031626062062,36785.71428571428,35139.53333333333,0.013643666531806002,0.009467922562211335,0.08192660021893183,0.1063716970571773,-0.002779996695168596,-0.01999999999999999,2019-08-12,0.0067628734224398634,37812.0,Train
2019-08-12,37812,37620,37909,37620,9180,37558.0,37311.0,0.0067628734224398634,37168.28571428572,35288.333333333336,0.013746276442144326,0.008604854721005086,0.07622246257186771,0.13386110111550908,-0.00027559798753373776,0.009999999999999995,2019-08-13,-0.014386967100391446,37268.0,Train
2019-08-13,37268,37860,38147,36860,41660,37812.0,37558.0,-0.014386967100391446,37391.57142857143,35404.63333333333,0.01629869323930228,0.009084858163834888,0.0437753815992159,0.10328902572604282,0.0026871770385059612,-0.04,2019-08-14,0.011269722013523609,37688.0,Train
2019-08-14,37688,37274,37844,37188,33320,37268.0,37812.0,0.011269722013523609,37531.142857142855,35525.0,0.01352546550901377,0.00914674048729891,0.026613276674566144,0.10596590075417445,-0.00024067532983662598,0.010000000000000002,2019-08-16,-0.005333262576947551,37487.0,Train
2019-08-16,37487,37880,37941,37281,24290,37688.0,37268.0,-0.005333262576947551,37574.71428571428,35640.46666666667,0.013252346759573555,0.009242333935522682,0.00820289387337958,0.10181347911706795,0.0011324496354554459,-0.04,2019-08-19,-8.002774295090553e-05,37484.0,Train
2019-08-19,37484,37340,37525,37270,22990,37487.0,37688.0,-8.002774295090553e-05,37515.42857142857,35744.26666666667,0.010618177636629585,0.009167144806063062,-0.010950156996226812,0.09060226942100669,-0.0012395083255206663,0.03,2019-08-20,0.004161775690961544,37640.0,Train
2019-08-20,37640,37400,37680,37350,19810,37484.0,37487.0,0.004161775690961544,37562.42857142857,35847.76666666667,0.00873417972160342,0.009163403657304161,0.008817774918924659,0.08990878818589843,0.0026477938752256236,0.03,2019-08-21,-0.0011158342189160342,37598.0,Train
2019-08-21,37598,37555,37636,37441,15780,37640.0,37484.0,-0.0011158342189160342,37568.142857142855,35949.933333333334,0.008431192504110962,0.009177261223805645,0.0010650194366046417,0.08875568296991276,-0.00013629943623139074,-0.02,2019-08-22,0.004814085855630701,37779.0,Train
2019-08-22,37779,37560,37800,37501,20060,37598.0,37640.0,0.004814085855630701,37563.42857142857,36050.4,0.008206889488171491,0.00915635399735539,-0.0008727388130752578,0.08669639004746155,-0.0016715996748816186,0.030000000000000002,2019-08-23,0.015299505016014292,38357.0,Train
2019-08-23,38357,37700,38426,37595,28960,37779.0,37598.0,0.015299505016014292,37719.0,36175.23333333333,0.007199505777953398,0.009325827068443086,0.02922077922077926,0.10819946839246497,0.0015310250186897356,0.020000000000000004,2019-08-26,0.0015121099147483719,38415.0,Train
2019-08-26,38415,38550,38869,38360,28460,38357.0,37779.0,0.0015121099147483719,37822.857142857145,36295.333333333336,0.006500882814254881,0.009321975390015261,0.019289959668860046,0.103498793519476,-0.00046780815264357845,-0.09000000000000001,2019-08-27,0.0059612130678119435,38644.0,Train
2019-08-27,38644,38367,38679,38331,20050,38415.0,38357.0,0.0059612130678119435,37988.142857142855,36423.73333333333,0.005481652288373412,0.009303932561206953,0.0308640328647265,0.1107151069211314,0.003110803071417312,0.02,2019-08-28,0.003312286512783258,38772.0,Train
2019-08-28,38772,38547,38879,38465,19150,38644.0,38415.0,0.003312286512783258,38172.142857142855,36558.2,0.0051639639108118345,0.009254242309405247,0.034361327499733196,0.11612643214923146,0.0007155860071490494,-0.06,2019-08-29,-0.008923965748478313,38426.0,Train
2019-08-29,38426,38740,38998,38289,24910,38772.0,38644.0,-0.008923965748478313,38284.42857142857,36671.1,0.007357162951714723,0.009483821905145753,0.020882040382571798,0.09666371757184855,0.0010760084925689473,-0.020000000000000004,2019-08-30,-0.0032790298235569892,38300.0,Train
2019-08-30,38300,38424,38588,38224,16910,38426.0,38772.0,-0.0032790298235569892,38384.71428571428,36777.2,0.007599318150291949,0.009554783301179887,0.018671205915208322,0.09063986103596555,0.0015762232909473095,-0.009999999999999995,2019-09-02,0.010652741514360242,38708.0,Train
2019-09-02,38708,38520,38800,38400,2320,38300.0,38426.0,0.010652741514360242,38517.42857142857,36899.7,0.008172561201610426,0.009600468970683871,0.024590380899441433,0.10490109325493102,0.0008046585494971836,0.039999999999999994,2019-09-03,0.0156556784127313,39314.0,Train
2019-09-03,39314,38852,39431,38634,1200,38708.0,38300.0,0.0156556784127313,38654.142857142855,37038.73333333333,0.008258884794550335,0.009858373979643963,0.024949813593346803,0.11868650940443337,0.0008046585494971836,0.039999999999999994,2019-09-04,0.000585033321463202,39337.0,Train
2019-09-04,39337,39337,39490,38981,1850,39314.0,38708.0,0.000585033321463202,38785.857142857145,37182.3,0.008304428408352554,0.009789395952419845,0.024001041259924527,0.12295175563802463,0.0013016524554090303,0.020000000000000004,2019-09-05,-0.02117599206853593,38504.0,Train
2019-09-05,38504,39198,39370,38353,630,39337.0,39314.0,-0.02117599206853593,38765.857142857145,37297.9,0.012296801856002173,0.010795361457511369,-0.0036228133733567924,0.09898390227194875,-0.005395934285228887,-0.010000000000000002,2019-09-06,0.0012206523997506658,38551.0,Train
2019-09-06,38551,38821,38962,38385,40450,38504.0,39337.0,0.0012206523997506658,38734.28571428572,37421.26666666667,0.012215191438845464,0.010682980114013568,-0.005699989683276563,0.10619799139167863,-0.0016596854500908753,0.05,2019-09-09,-0.0023864491193483772,38459.0,Train
2019-09-09,38459,38578,39699,38265,31730,38551.0,38504.0,-0.0023864491193483772,38739.0,37542.73333333333,0.011726408013528328,0.010705696738835754,0.0008587935252173384,0.1046675283642109,-0.002965671753593857,0.0,2019-09-10,-0.005486362099898612,38248.0,Train
2019-09-10,38248,38382,38487,38200,18610,38459.0,38551.0,-0.005486362099898612,38731.57142857143,37658.066666666666,0.011863856628816578,0.010802841747290692,-0.0013577023498694274,0.09945958376451647,-0.0005899468279472186,0.049999999999999996,2019-09-11,-0.00739907969044129,37965.0,Train
2019-09-11,37965,38200,38260,37931,27740,38248.0,38459.0,-0.00739907969044129,38625.42857142857,37765.666666666664,0.011063442657057521,0.01094499620387442,-0.019194998449932776,0.09292685033249848,0.00024431894385879005,0.06,2019-09-12,-0.005742130910048715,37747.0,Train
2019-09-12,37747,37900,38215,37662,41660,37965.0,38248.0,-0.005742130910048715,38401.57142857143,37866.76666666667,0.007536398353496209,0.011042853578231017,-0.039858574553594095,0.08737108947398742,0.0019113714645393465,0.03,2019-09-13,-0.006093199459559662,37517.0,Train
2019-09-13,37517,37700,37891,37451,28040,37747.0,37965.0,-0.006093199459559662,38141.57142857143,37946.2,0.00700168284902256,0.011017189342665365,-0.04626687342705338,0.06782603745659466,-0.004049014384656324,0.010000000000000009,2019-09-16,0.017165551616600494,38161.0,Train
2019-09-16,38161,37749,38188,37749,25820,37517.0,37747.0,0.017165551616600494,38092.57142857143,38028.066666666666,0.00862092248760751,0.011058412953095141,-0.008908165385414502,0.06878588432992583,-0.0005974109339895728,0.07,2019-09-17,-0.0043499908283325395,37995.0,Train
2019-09-17,37995,38068,38165,37853,24420,38161.0,37517.0,-0.0043499908283325395,38013.142857142855,38070.86666666667,0.008612400208222515,0.009973094560800075,-0.014422453373453381,0.03497589278417923,0.0022043767240425005,-0.06,2019-09-18,-0.004158441900250054,37837.0,Train
2019-09-18,37837,38067,38067,37728,19420,37995.0,38161.0,-0.004158441900250054,37924.28571428572,38092.7,0.008650182311836636,0.00976988909491385,-0.01617306742244984,0.017616050777257808,-0.00036316995242891004,-0.020000000000000018,2019-09-19,-0.004360810846525842,37672.0,Train
2019-09-19,37672,37700,37767,37525,23030,37837.0,37995.0,-0.004360810846525842,37842.0,38085.13333333333,0.00859122898345175,0.009146910715890598,-0.015059610960050152,-0.0059896039473337215,-5.1289678977939346e-05,0.06,2019-09-20,-7.963474198346976e-05,37669.0,Train
2019-09-20,37669,37700,37749,37437,20700,37672.0,37837.0,-7.963474198346976e-05,37799.71428571428,38097.066666666666,0.008283531762145272,0.00867536653609724,-0.0077966548136441105,0.009595025595668938,0.0009360846528279065,-0.03,2019-09-23,0.006265098622209253,37905.0,Train
2019-09-23,37905,37750,37960,37725,19980,37669.0,37672.0,0.006265098622209253,37822.28571428572,38108.63333333333,0.008401601117090138,0.008666765314267836,0.004185763107001916,0.009239043612546016,0.0008182013065598515,-0.04999999999999999,2019-09-24,0.004907004352987743,38091.0,Train
2019-09-24,38091,37899,38140,37758,25610,37905.0,37669.0,0.004907004352987743,37904.28571428572,38117.933333333334,0.007951873503975412,0.008625887279110496,0.015299730788709054,0.0073786099650905435,0.0009958875901483477,-0.020000000000000004,2019-09-25,-0.013651518731458867,37571.0,Train
2019-09-25,37571,38010,38170,37455,27540,38091.0,37905.0,-0.013651518731458867,37820.0,38128.03333333333,0.006719717008296825,0.008583704963963176,-0.015460810775398959,0.008130299452613565,-0.000647066546403674,-0.05,2019-09-26,0.005376487184264533,37773.0,Train
2019-09-26,37773,37572,37825,37427,25210,37571.0,38091.0,0.005376487184264533,37788.28571428572,38130.86666666667,0.0071911055701470526,0.00838936824701314,-0.005842874062376602,0.002255359796221601,0.0036682314944118666,0.07,2019-09-27,-0.001773753739443551,37706.0,Train
2019-09-27,37706,37824,37824,37301,27420,37773.0,37571.0,-0.001773753739443551,37769.57142857143,38138.166666666664,0.00706161030367571,0.00833473591821587,-0.003462219520575127,0.005842025235414994,0.0006289698408961097,0.0,2019-09-30,-0.022091974752028842,36873.0,Train
2019-09-30,36873,37600,37620,36811,17000,37706.0,37773.0,-0.022091974752028842,37655.42857142857,38117.8,0.010851409578630296,0.009278250659757207,-0.021209386281588416,-0.016300288122932494,-4.162182410605286e-05,0.03,2019-10-01,0.013668537954600879,37377.0,Train
2019-10-01,37377,36979,37507,36750,3670,36873.0,37706.0,0.013668537954600879,37613.71428571428,38109.03333333333,0.01257655295646798,0.009599942948889799,-0.00775173219358094,-0.006987247608926661,0.001905339537791706,-0.010000000000000009,2019-10-03,0.016989057441742172,38012.0,Train
2019-10-03,38012,37583,38215,37583,380,37377.0,36873.0,0.016989057441742172,37629.0,38122.833333333336,0.014167645975061517,0.010095938527683312,0.0028228465901596334,0.011011224001276743,6.442889296742749e-05,-0.03,2019-10-04,-0.00026307481847842595,38002.0,Train
2019-10-04,38002,37948,38215,37879,150,38012.0,37377.0,-0.00026307481847842595,37616.28571428572,38130.26666666667,0.014033072353521758,0.010062141391786497,-0.002336509936730513,0.005902750205140528,-0.0025964866475484127,-0.04000000000000001,2019-10-07,-0.0006315457081206288,37978.0,Train
2019-10-07,37978,38225,38302,37765,15800,38002.0,38012.0,-0.0006315457081206288,37674.42857142857,38117.63333333333,0.012766339217313166,0.009652282470604526,0.010832823188097196,-0.009880856167062024,-0.0011218689657047642,-0.039999999999999994,2019-10-08,0.006951392911685783,38242.0,Train
2019-10-08,38242,38179,38400,38179,10520,37978.0,38002.0,0.006951392911685783,37741.42857142857,38111.86666666667,0.012857323088520669,0.009737926180548489,0.012416276176104635,-0.004503449173499985,0.00020845954353299057,0.030000000000000002,2019-10-09,0.0037131949165838396,38384.0,Train
2019-10-09,38384,38279,38418,38154,20030,38242.0,37978.0,0.0037131949165838396,37838.28571428572,38103.2,0.01276755266058163,0.009698208626709223,0.017981223147509606,-0.006728081979091138,0.0015941704741595508,0.009999999999999995,2019-10-10,-0.006877865777407233,38120.0,Train
2019-10-10,38120,38400,38434,38030,20640,38384.0,38242.0,-0.006877865777407233,38016.42857142857,38081.46666666667,0.008411721252181809,0.009750007972541606,0.03381878339164168,-0.016816259156091973,-0.0004858133168904599,0.04000000000000001,2019-10-11,-0.007371458551941212,37839.0,Train
2019-10-11,37839,38050,38263,37736,27080,38120.0,38384.0,-0.007371458551941212,38082.42857142857,38061.9,0.008470469915010844,0.009707888472439266,0.012360542579661349,-0.015276115130380519,-0.0034278382271091257,0.04999999999999999,2019-10-14,0.010861809244430365,38250.0,Train
2019-10-14,38250,37795,38286,37757,21990,37839.0,38120.0,0.010861809244430365,38116.42857142857,38060.23333333333,0.006787005868502934,0.009907903540298479,0.0062611806797854275,-0.0013054830287205776,-0.003889832972516327,0.05000000000000002,2019-10-15,-0.0047843137254901524,38067.0,Train
2019-10-15,38067,38259,38406,38021,23550,38250.0,37839.0,-0.0047843137254901524,38125.71428571428,38038.86666666667,0.007124203499745915,0.009735143907510612,0.0017104362928266337,-0.016559884261651336,-0.003889832972516327,0.05000000000000002,2019-10-16,0.004754774476580792,38248.0,Train
2019-10-16,38248,38175,38271,37980,26510,38067.0,38250.0,0.004754774476580792,38164.28571428572,38003.333333333336,0.007299837175070033,0.009304860295652292,0.007109379114224046,-0.027115022638245945,-0.00010956662121364147,0.009999999999999981,2019-10-17,-0.000836645053336138,38216.0,Train
2019-10-17,38216,38190,38250,38001,20290,38248.0,38067.0,-0.000836645053336138,38160.57142857143,37965.96666666667,0.006826003387371752,0.009300792824685338,-0.0006798807593745293,-0.02849734346798183,-0.0014433559824366116,-0.03,2019-10-18,-0.0024858697927570006,38121.0,Train
2019-10-18,38121,38179,38212,38025,16230,38216.0,38248.0,-0.0024858697927570006,38123.0,37953.2,0.006652199800107321,0.00848770118017118,-0.006851813255523087,-0.009947018491585302,-0.003266390895256932,-0.009999999999999981,2019-10-21,-0.003987303585950008,37969.0,Train
2019-10-21,37969,38098,38144,37940,10410,38121.0,38216.0,-0.003987303585950008,38101.42857142857,37933.8,0.006304450082053168,0.008508794567194567,-0.003961175236096515,-0.015096884646312647,-0.001093225186325597,-0.010000000000000009,2019-10-22,0.0014748874081487173,38025.0,Train
2019-10-22,38025,37901,38060,37900,13840,37969.0,38121.0,0.0014748874081487173,38128.0,37919.333333333336,0.005550708909989205,0.008508040497679831,0.0049155633076984895,-0.011284744793156332,-0.0007818527499173777,0.03,2019-10-23,0.0026035502958579038,38124.0,Train
2019-10-23,38124,38090,38249,38090,12600,38025.0,37969.0,0.0026035502958579038,38110.0,37915.2,0.003552237159641472,0.008467516308632564,-0.0032941176470587807,-0.0032419995816774794,-0.0005041208649162465,-0.01999999999999999,2019-10-24,0.008603504354212532,38452.0,Train
2019-10-24,38452,38175,38475,38109,14660,38124.0,38025.0,0.008603504354212532,38165.0,37931.433333333334,0.00435334100095737,0.008494133381586035,0.010113746814826463,0.012827604372448231,0.0006337020875957222,-0.010000000000000009,2019-10-25,-0.002340580463955022,38362.0,Train
2019-10-25,38362,38450,38690,38325,19570,38452.0,38124.0,-0.002340580463955022,38181.28571428572,37951.933333333334,0.0042801400118977805,0.00843095886732366,0.0029805480025100195,0.01629268551143137,0.0005962505148260355,-0.010000000000000009,2019-10-27,-0.0021375319326416564,38280.0,Train
2019-10-27,38280,38277,38345,38250,670,38362.0,38452.0,-0.0021375319326416564,38190.42857142857,37977.36666666667,0.004371721071680549,0.008353682514987179,0.0016746912288045923,0.020337447024015853,-0.00043400460527109885,0.0,2019-10-28,-0.00462382445141063,38103.0,Train
2019-10-28,38103,38388,38388,38070,7520,38280.0,38362.0,-0.00462382445141063,38187.857142857145,37975.433333333334,0.004659686281385986,0.007802211738623022,-0.00047218068780985334,-0.0015198763135138016,-0.00043400460527109885,0.0,2019-10-29,0.00018371256856419826,38110.0,Train
2019-10-29,38110,38063,38194,37988,11170,38103.0,38280.0,0.00018371256856419826,38208.0,37979.26666666667,0.0043284189500961984,0.007759264532816621,0.0037135557955174647,0.0030267140413211546,-0.0004755447658200129,0.06,2019-10-30,0.006796116504854455,38369.0,Train
2019-10-30,38369,38194,38384,38078,6370,38110.0,38103.0,0.006796116504854455,38257.142857142855,37997.0,0.004943951340661984,0.0078081036252576445,0.009046679815910563,0.01406031133546537,-0.00036630920634161956,0.020000000000000018,2019-10-31,0.012327660350804015,38842.0,Train
2019-10-31,38842,38300,38898,38300,2300,38369.0,38110.0,0.012327660350804015,38359.71428571428,38036.0,0.006494862970550022,0.008041221069814227,0.018833280872941005,0.031057549373540105,0.0015856223114907309,-0.020000000000000018,2019-11-01,-0.004891612172390758,38652.0,Train
2019-11-01,38652,38759,38800,38518,720,38842.0,38369.0,-0.004891612172390758,38388.28571428572,38068.76666666667,0.00644868393284886,0.008112237441795431,0.005201289919900098,0.026095728583185096,-0.002161606561780216,-0.06,2019-11-04,0.0021214943599296987,38734.0,Train
2019-11-04,38734,39500,39500,38645,180,38652.0,38842.0,0.0021214943599296987,38441.42857142857,38096.4,0.006310264627917645,0.00805263671176758,0.009697096084667178,0.021870465637778613,-0.001564110859484491,-0.009999999999999981,2019-11-05,-0.007125522796509576,38458.0,Train
2019-11-05,38458,38839,39049,38300,170,38734.0,38652.0,-0.007125522796509576,38466.857142857145,38108.63333333333,0.0070178174420031485,0.00813779714995708,0.004649947753396111,0.009634821873933497,0.0011336614499806164,0.009999999999999981,2019-11-06,-0.0056945238961984,38239.0,Train
2019-11-06,38239,37980,38273,37957,20310,38458.0,38734.0,-0.0056945238961984,38486.28571428572,38130.9,0.007162952987343006,0.00778779846937261,0.0035692727606750907,0.01777967049053797,0.0021698152290994255,0.03,2019-11-07,-0.01684144459844661,37595.0,Train
2019-11-07,37595,38188,38245,37536,27880,38239.0,38458.0,-0.01684144459844661,38412.71428571428,38124.96666666667,0.009730726074497644,0.008355325693453267,-0.013513513513513487,-0.004712360680909633,-0.0001154040260503697,-0.03,2019-11-08,0.0029259210001328917,37705.0,Train
2019-11-08,37705,37655,37880,37488,27500,37595.0,38239.0,0.0029259210001328917,38317.857142857145,38124.933333333334,0.009252394436652038,0.008367369414553422,-0.01730563736349655,-2.652097809363596e-05,0.00014470234383345826,0.08000000000000002,2019-11-11,-0.00045086858506826477,37688.0,Train
2019-11-11,37688,37710,37850,37532,17280,37705.0,37595.0,-0.00045086858506826477,38153.0,38152.1,0.006780222598202357,0.007252778007129312,-0.029710107615467773,0.02210289371626928,0.0019497542138460222,0.0,2019-11-12,0.0013797495223943912,37740.0,Train
2019-11-12,37740,37650,37800,37542,12900,37688.0,37705.0,0.0013797495223943912,38022.71428571428,38164.2,0.007092983247459668,0.0068331415079153955,-0.023595156783607574,0.0097118548840196,0.0019497542138460222,0.0,2019-11-13,0.009724430312665566,38107.0,Train
2019-11-13,38107,37820,38150,37800,23100,37740.0,37688.0,0.009724430312665566,37933.142857142855,38167.36666666667,0.008515858216382002,0.006333407046964373,-0.016187328961635772,0.0024992107755446025,0.002063714720878407,-0.010000000000000009,2019-11-14,0.004251187445876159,38269.0,Train
2019-11-14,38269,38106,38295,38060,20590,38107.0,37740.0,0.004251187445876159,37906.142857142855,38176.26666666667,0.008526466962438091,0.006377890177091598,-0.004914452129595959,0.0070259460028418985,0.0021958472753909053,0.0,2019-11-15,-0.006976926494029145,38002.0,Train
2019-11-15,38002,38236,38236,37922,17270,38269.0,38107.0,-0.006976926494029145,37872.28571428572,38177.066666666666,0.008665012799218256,0.006512045455585826,-0.006197860822720225,0.0006319448101532732,-0.0003209525529421775,-0.01999999999999999,2019-11-18,0.005947055418135783,38228.0,Train
2019-11-18,38228,37943,38249,37810,23230,38002.0,38269.0,0.005947055418135783,37962.71428571428,38176.6,0.0052761646828035315,0.00647778917762703,0.016837345391674363,-0.00036608963966322516,-0.0031001128403402856,0.009999999999999981,2019-11-19,-0.0005754944020089914,38206.0,Train
2019-11-19,38206,38223,38230,37920,24870,38228.0,38002.0,-0.0005754944020089914,38034.28571428572,38170.666666666664,0.0053828986886252225,0.006440417943896931,0.01328736241877726,-0.004637348895373039,-0.0006664370779482232,-0.03,2019-11-20,-0.0013348688687641053,38155.0,Train
2019-11-20,38155,38218,38325,38020,23560,38206.0,38228.0,-0.0013348688687641053,38101.0,38171.833333333336,0.005457098247211732,0.0063186595547718525,0.01239121205688809,0.000918153200419658,0.0015176710710065322,-0.01999999999999999,2019-11-21,-0.004822434805399012,37971.0,Train
2019-11-21,37971,38156,38200,37945,20030,38155.0,38206.0,-0.004822434805399012,38134.0,38176.23333333333,0.006007449086425164,0.006231966500057975,0.0061208267090619994,0.0034884642828827417,0.0024789963196900633,-0.03,2019-11-22,-0.0011587790682362487,37927.0,Train
2019-11-22,37927,37975,38150,37905,20370,37971.0,38155.0,-0.0011587790682362487,38108.28571428572,38165.46666666667,0.004577360522799852,0.005895862356712682,-0.0047235416065289915,-0.008444444444444477,-0.0007232855137467853,0.010000000000000009,2019-11-25,-0.0038231339151527655,37782.0,Train
2019-11-25,37782,37891,37905,37736,14900,37927.0,37971.0,-0.0038231339151527655,38038.71428571428,38155.96666666667,0.004126531180362429,0.005873028619429449,-0.012725704878622346,-0.007486799590196269,0.0014578970135383784,0.009999999999999981,2019-11-26,-0.00018527341061880254,37775.0,Train
2019-11-26,37775,37747,37830,37615,15750,37782.0,37927.0,-0.00018527341061880254,38006.28571428572,38140.2,0.0034560908019272934,0.005797100118864323,-0.0059733698226409615,-0.012366659694624582,0.0008219738148735889,-0.009999999999999981,2019-11-27,-0.005215089344804746,37578.0,Train
2019-11-27,37578,37753,37753,37530,11790,37775.0,37782.0,-0.005215089344804746,37913.42857142857,38118.933333333334,0.002110016396972581,0.005863251234203698,-0.01700324369572037,-0.016694578187146702,0.00035467114720311166,-0.020000000000000018,2019-11-28,0.005375485656501144,37780.0,Train
2019-11-28,37780,37511,37837,37511,9500,37578.0,37775.0,0.005375485656501144,37852.57142857143,38107.566666666666,0.0036359070203788014,0.005948541835108565,-0.011150081139088108,-0.00894520080795358,0.0006492879617741032,0.020000000000000018,2019-11-29,0.004790894653255773,37961.0,Train
2019-11-29,37961,37770,38070,37711,4270,37780.0,37578.0,0.004790894653255773,37824.857142857145,38107.3,0.004371662614905994,0.005975847640256101,-0.0050845236535185245,-0.00021069820116415006,0.0006492879617741032,0.020000000000000018,2019-12-02,-0.0012117699744474963,37915.0,Train
2019-12-02,37915,38240,38240,37715,890,37961.0,37780.0,-0.0012117699744474963,37816.857142857145,38103.63333333333,0.004004504413060857,0.005973272378967653,-0.0014748097232097912,-0.002892833662064387,-5.891026259463583e-05,0.03,2019-12-03,0.009283924568112889,38267.0,Train
2019-12-03,38267,37874,38400,37840,150,37915.0,37961.0,0.009283924568112889,37865.42857142857,38108.4,0.005318926346915015,0.006197063197648686,0.008964589870013473,0.003750918056867114,-0.0013294011974003261,0.009999999999999981,2019-12-04,-0.002064441947369766,38188.0,Train
2019-12-04,38188,38563,38563,38081,50,38267.0,37915.0,-0.002064441947369766,37923.42857142857,38099.6,0.005073126394879787,0.005997733732823468,0.010745857815891213,-0.0068657026942682275,-0.0006403641440536623,-0.09,2019-12-05,-0.002435319995810148,38095.0,Train
2019-12-05,38095,38245,38245,37800,30,38188.0,38267.0,-0.002435319995810148,37969.142857142855,38090.7,0.005268127344952965,0.005998917847265678,0.008471211118464606,-0.006960012512382097,-0.0016921921331031209,0.020000000000000004,2019-12-06,-0.009108806930043345,37748.0,Train
2019-12-06,37748,38087,38170,37711,16890,38095.0,38188.0,-0.009108806930043345,37993.42857142857,38072.96666666667,0.006186125037202168,0.006207342546725694,0.0045239235723029125,-0.01389759665621737,-0.002641140780858975,0.020000000000000004,2019-12-09,-0.002914061672141588,37638.0,Train
2019-12-09,37638,37774,37774,37610,9220,37748.0,38095.0,-0.002914061672141588,37973.142857142855,38057.46666666667,0.005921062929128165,0.0061754452474872615,-0.003758602435150915,-0.0122037634831903,0.0013257858911635,0.01999999999999999,2019-12-10,-0.0009033423667570428,37604.0,Train
2019-12-10,37604,37604,37728,37550,12400,37638.0,37748.0,-0.0009033423667570428,37922.142857142855,38040.6,0.005441068544315218,0.006175147444236483,-0.009404388714733591,-0.013277355024927884,-0.0018002696113974537,-0.009999999999999981,2019-12-11,0.002366769492607279,37693.0,Train
2019-12-11,37693,37602,37741,37554,10900,37604.0,37638.0,0.002366769492607279,37890.42857142857,38018.066666666666,0.005619888324618557,0.006048136671227195,-0.005855202426480299,-0.017618389845969418,-0.0006369903110421404,0.0,2019-12-12,-0.0035550367442230835,37559.0,Train
2019-12-12,37559,37749,38044,37500,22610,37693.0,37604.0,-0.0035550367442230835,37789.28571428572,37975.3,0.0034450972956487714,0.005554816366354518,-0.0185015809966812,-0.03303125482724889,-0.0009152357506222453,-0.04000000000000001,2019-12-13,0.005777576612795876,37776.0,Train
2019-12-13,37776,37512,37810,37400,21940,37559.0,37693.0,0.005777576612795876,37730.42857142857,37946.1,0.004712606399324141,0.005644773517621224,-0.010788729443804379,-0.022663769015833557,-0.0023564802777151783,0.07999999999999999,2019-12-16,0.002567767894959827,37873.0,Train
2019-12-16,37873,37740,37948,37735,13050,37776.0,37559.0,0.002567767894959827,37698.71428571428,37917.4,0.004928440483055772,0.005653179241181706,-0.005827536422102653,-0.022228533071719903,-0.0015309719773443087,-0.06,2019-12-17,0.0023235550392100013,37961.0,Train
2019-12-17,37961,37863,37987,37850,11990,37873.0,37776.0,0.0023235550392100013,37729.142857142855,37900.833333333336,0.0033748743709334883,0.005546999683107232,0.005642683056055864,-0.012923188933381846,-0.0012247540336068896,0.04000000000000001,2019-12-18,-0.0007639419404125158,37932.0,Train
2019-12-18,37932,37937,37994,37817,12090,37961.0,37873.0,-0.0007639419404125158,37771.142857142855,37890.6,0.003062979196086706,0.005457611774774296,0.007811254583134142,-0.008028452626899218,2.596166327695215e-06,-0.01999999999999999,2019-12-19,0.004692607824528183,38110.0,Train
2019-12-19,38110,37998,38140,37880,13070,37932.0,37961.0,0.004692607824528183,37843.42857142857,37907.76666666667,0.0031762071563386065,0.004539703529875062,0.013456015317519388,0.013698630136986356,0.0009216366536195508,0.01999999999999999,2019-12-20,-0.002833901863028121,38002.0,Train
2019-12-20,38002,38076,38120,37965,12050,38110.0,37932.0,-0.002833901863028121,37887.57142857143,37917.666666666664,0.0036290553562249653,0.004553750718279559,0.008197808611678514,0.00787693939795786,-0.0005446915057520929,-0.010000000000000009,2019-12-23,0.006025998631650875,38231.0,Train
2019-12-23,38231,37999,38270,37999,10200,38002.0,38110.0,0.006025998631650875,37983.57142857143,37935.76666666667,0.0033444050031123085,0.004670360500664655,0.017891850155755007,0.014407769051156816,0.0013927480216058274,0.0,2019-12-24,0.010279616018414428,38624.0,Train
2019-12-24,38624,38240,38644,38240,13880,38231.0,38002.0,0.010279616018414428,38104.71428571428,37965.23333333333,0.004351668539185761,0.005000018241429493,0.02244811520542145,0.023423423423423406,0.0003982384212826151,0.03,2019-12-26,0.003702361226180617,38767.0,Train
2019-12-26,38767,38650,38816,38619,16480,38624.0,38231.0,0.003702361226180617,38232.42857142857,37987.23333333333,0.004345993759888147,0.004742993703248481,0.023605206875610518,0.01731965255727297,0.0003982384212826151,-0.03,2019-12-27,0.005442773492919217,38978.0,Train
2019-12-27,38978,38805,38995,38685,11520,38767.0,38624.0,0.005442773492919217,38377.71428571428,38010.86666666667,0.004383363934860174,0.004779616170978812,0.026790653565501366,0.01852674488489381,-0.0014843803294996016,0.010000000000000009,2019-12-30,-0.003976602185848388,38823.0,Train
2019-12-30,38823,38993,38994,38701,5570,38978.0,38767.0,-0.003976602185848388,38505.0,38038.23333333333,0.005056427976574278,0.004644588365875284,0.02348940208794681,0.021604126098626386,-0.003580261860698375,-0.010000000000000009,2019-12-31,0.004533395152358066,38999.0,Train
2019-12-31,38999,39019,39099,38869,630,38823.0,38978.0,0.004533395152358066,38632.0,38063.933333333334,0.005049647866238251,0.0045966853066480495,0.02332721070585153,0.02016846290676999,-0.0022296476306197244,0.0,2020-01-01,-0.0015641426703248973,38938.0,Train
2020-01-01,38938,38980,39067,38900,120,38999.0,38823.0,-0.0015641426703248973,38765.71428571428,38088.333333333336,0.004809222918341502,0.004609493227710711,0.024630282616704413,0.019159294351672518,-0.002558212156770323,0.0,2020-01-02,0.00724228260311266,39220.0,Train
2020-01-02,39220,38953,39685,38905,250,38938.0,38999.0,0.00724228260311266,38907.0,38123.833333333336,0.004936329513366145,0.004746543949152025,0.025869059140487982,0.027912462324727993,-0.002558212156770323,0.0,2020-01-03,0.017975522692503798,39925.0,Train
2020-01-03,39925,39520,40002,39486,210,39220.0,38938.0,0.017975522692503798,39092.857142857145,38188.96666666667,0.007056565659591961,0.005550838298388441,0.03368371996686004,0.051460324984856864,0.002664189972878539,-0.06999999999999999,2020-01-06,0.013099561678146632,40448.0,Train
2020-01-06,40448,40250,41049,40250,33170,39925.0,39220.0,0.013099561678146632,39333.0,38273.0,0.0076864546036236854,0.005898157875394939,0.04336162199809124,0.06646979724207025,0.00010611048536834922,-0.05,2020-01-07,0.004623219936708889,40635.0,Train
2020-01-07,40635,40280,40666,40181,27470,40448.0,39925.0,0.004623219936708889,39569.71428571428,38368.1,0.007704488385859284,0.005803330612607002,0.042511160141618376,0.07551214864221056,-0.0002695963968006865,0.03,2020-01-08,-0.013707395102743991,40078.0,Train
2020-01-08,40078,40792,41270,39893,47710,40635.0,40448.0,-0.013707395102743991,39749.0,38444.86666666667,0.010257445736299636,0.006498240608113028,0.032326198387553795,0.06096624751819979,0.001670208610795365,0.03,2020-01-09,-0.006786765806677031,39806.0,Train
2020-01-09,39806,40165,40165,39594,27520,40078.0,40635.0,-0.006786765806677031,39864.28571428572,38519.13333333333,0.01112539501500185,0.006564372034254147,0.02069283827790458,0.05929001011229973,-0.00012939902403608095,0.03,2020-01-10,0.0010802391599256111,39849.0,Train
2020-01-10,39849,39721,39888,39550,26620,39806.0,40078.0,0.0010802391599256111,39994.42857142857,38588.1,0.010989317109104649,0.006533685538943605,0.023396168267502127,0.05476442562202233,0.0008711679034991704,-0.009999999999999995,2020-01-13,-0.007729177645612206,39541.0,Train
2020-01-13,39541,39801,39801,39510,20340,39849.0,39806.0,-0.007729177645612206,40040.28571428572,38640.76666666667,0.0115505853829723,0.006732838929733875,0.008184599694033734,0.041621664339717146,-0.0014353514745328866,-0.039999999999999994,2020-01-14,-0.002478440100149193,39443.0,Train
2020-01-14,39443,39500,39525,39280,19100,39541.0,39849.0,-0.002478440100149193,39971.42857142857,38691.7,0.008885845874164904,0.006753605839035531,-0.012072636192861586,0.0403006725570354,-0.00029113295911886716,0.009999999999999995,2020-01-15,0.0039297213700784095,39598.0,Train
2020-01-15,39598,39600,39699,39464,18190,39443.0,39541.0,0.0039297213700784095,39850.0,38736.066666666666,0.006762731831168838,0.006605557217007896,-0.021014636075949333,0.034781926986698686,-8.953858939342307e-05,-0.03,2020-01-16,0.001969796454366346,39676.0,Train
2020-01-16,39676,39562,39762,39562,15820,39598.0,39443.0,0.001969796454366346,39713.0,38785.666666666664,0.006323696595137108,0.006578631169713623,-0.023600344530577133,0.038965119932963255,-0.0006181324055262172,-0.010000000000000002,2020-01-17,0.006149813489263023,39920.0,Train
2020-01-17,39920,39749,39959,39684,15500,39676.0,39598.0,0.006149813489263023,39690.42857142857,38846.5,0.00529337868634229,0.006597427867952959,-0.003942312490643252,0.04790654941593386,0.00041582284207097864,0.030000000000000006,2020-01-20,0.00017535070140284326,39927.0,Train
2020-01-20,39927,39990,39990,39870,10010,39920.0,39676.0,0.00017535070140284326,39707.71428571428,38919.13333333333,0.0045249873148800815,0.006289200120586185,0.003039742752348973,0.05772491257814982,0.0005652144423593519,0.01999999999999999,2020-01-21,-0.0008765997946251769,39892.0,Train
2020-01-21,39892,40000,40150,39660,24670,39927.0,39920.0,-0.0008765997946251769,39713.857142857145,38994.26666666667,0.004539442570164913,0.006246371825580051,0.001079073502471939,0.05988628513736116,0.0005652144423593519,0.01999999999999999,2020-01-22,2.5067682743351583e-05,39893.0,Train
2020-01-22,39893,39813,39939,39736,15260,39892.0,39927.0,2.5067682743351583e-05,39764.142857142855,39070.566666666666,0.0029660078891009544,0.006233987069136603,0.008902152196454294,0.06087118391660451,0.0010602647533233256,-0.049999999999999996,2020-01-23,0.009074273682099676,40255.0,Train
2020-01-23,40255,39917,40274,39806,21340,39893.0,39892.0,0.009074273682099676,39880.142857142855,39155.96666666667,0.0036641756411337433,0.006366820307459315,0.020586669370991073,0.06797018013954848,0.0003446551538532905,0.010000000000000002,2020-01-24,0.0016643895168302336,40322.0,Train
2020-01-24,40322,40139,40399,39929,23430,40255.0,39893.0,0.0016643895168302336,39983.57142857143,39248.066666666666,0.003660278222141562,0.006274382379799225,0.01828375170463148,0.07356425889933171,0.0028396048505867633,-0.010000000000000002,2020-01-27,0.005828083924408478,40557.0,Train
2020-01-27,40557,40400,40721,40400,20090,40322.0,40255.0,0.005828083924408478,40109.42857142857,39340.76666666667,0.003836280854442947,0.006275329976050376,0.022204859360822615,0.07361817026683615,9.519317724526744e-06,-0.02,2020-01-28,-0.008802426214956749,40200.0,Train
2020-01-28,40200,40523,40561,40130,19400,40557.0,40322.0,-0.008802426214956749,40149.42857142857,39418.333333333336,0.0056300432130749365,0.00659920026385893,0.007014028056112176,0.06144218836638249,0.0021184607236688358,-0.04,2020-01-29,0.003009950248756166,40321.0,Train
2020-01-29,40321,40100,40380,40023,13240,40200.0,40557.0,0.003009950248756166,40205.71428571428,39497.0,0.0056616390362135595,0.006601512167835751,0.009868009116637877,0.06216906825426105,-0.0006606194797253995,0.02,2020-01-30,0.014285359986111468,40897.0,Train
2020-01-30,40897,40400,40990,40400,4950,40321.0,40200.0,0.014285359986111468,40349.28571428572,39595.833333333336,0.0073007090169499795,0.006944490006267982,0.025193021157124296,0.07816619213329123,-0.00020393367316517974,-0.04,2020-01-31,0.0028119421962491398,41012.0,Train
2020-01-31,41012,40490,41161,40490,1150,40897.0,40321.0,0.0028119421962491398,40509.142857142855,39692.566666666666,0.007148721228908797,0.006932821299359208,0.028050033840523403,0.076147992652847,0.0009282603415894375,-0.030000000000000006,2020-02-01,0.0021213303423388563,41099.0,Train
2020-02-01,41099,41249,41315,40901,7330,41012.0,40897.0,0.0021213303423388563,40629.71428571428,39795.8,0.006797611196418363,0.006860692228482688,0.02096633958514471,0.08149571075206574,-0.0006320823226779737,-0.07,2020-02-03,-0.01133847538869559,40633.0,Train
2020-02-03,40633,41178,41178,40590,190,41099.0,41012.0,-0.01133847538869559,40674.142857142855,39875.86666666667,0.008723505904049817,0.0072843787120616295,0.0077129110659193145,0.06282859459600854,-0.0006320823226779737,-0.07,2020-02-04,-0.014200280560135892,40056.0,Train
2020-02-04,40056,40618,40839,39750,100,40633.0,41099.0,-0.014200280560135892,40602.57142857143,39923.6,0.010101738928766403,0.007691471856637832,-0.01235298468821655,0.037075393537696844,0.0033067062976035455,0.05000000000000002,2020-02-05,0.003919512682244886,40213.0,Train
2020-02-05,40213,40690,40700,40100,40,40056.0,40633.0,0.003919512682244886,40604.42857142857,39971.8,0.009755826476789815,0.007693968116540596,0.00032338308457702247,0.037299765264271256,-0.0016199150513446225,0.06,2020-02-06,0.001840200930047553,40287.0,Train
2020-02-06,40287,40043,40345,39972,15610,40213.0,40056.0,0.001840200930047553,40599.57142857143,40015.433333333334,0.009707313539553005,0.007654284114133514,-0.0008432330547357703,0.03358304684693936,0.000689214356015766,0.03,2020-02-07,0.006850845185792043,40563.0,Train
2020-02-07,40563,40345,40633,40232,19970,40287.0,40213.0,0.006850845185792043,40551.857142857145,40073.433333333334,0.008156467703767519,0.007660462131876317,-0.008166858204758265,0.044818792983540634,0.0012309389788722758,-0.02,2020-02-10,0.00108473239158835,40607.0,Train
2020-02-10,40607,40533,40635,40451,13040,40563.0,40287.0,0.00108473239158835,40494.0,40127.03333333333,0.00804224093232386,0.0076390766752369105,-0.009875158490198044,0.04123182645708856,0.0030718421927167228,-0.05,2020-02-11,-0.006255079173541511,40353.0,Train
2020-02-11,40353,40510,40510,40243,17790,40607.0,40563.0,-0.006255079173541511,40387.42857142857,40174.2,0.008056061402425587,0.007748556999089544,-0.018151293218813147,0.03633982228157584,0.0005364410867523262,-0.03,2020-02-12,0.0018338165687805663,40427.0,Train
2020-02-12,40427,40352,40464,40251,14130,40353.0,40607.0,0.0018338165687805663,40358.0,40214.433333333334,0.0071592557654925094,0.00766607600315884,-0.0050697708758890014,0.030775114737378928,-0.0018237796503592918,0.04000000000000001,2020-02-13,0.0037845994013900874,40580.0,Train
2020-02-13,40580,40474,40625,40460,14930,40427.0,40353.0,0.0037845994013900874,40432.857142857145,40236.26666666667,0.004068386766382368,0.006993298130730085,0.013081685640103924,0.01640576080150291,-0.0006797956316041409,0.019999999999999997,2020-02-14,0.007368161655988192,40879.0,Train
2020-02-14,40879,40489,40912,40489,15050,40580.0,40427.0,0.007368161655988192,40528.0,40250.63333333333,0.004540040210917001,0.006711717371931434,0.016561808370427533,0.010655656645569556,0.0010362970569164354,-0.019999999999999997,2020-02-17,-0.004721250519826858,40686.0,Train
2020-02-17,40686,40826,40843,40660,11090,40879.0,40580.0,-0.004721250519826858,40585.0,40252.333333333336,0.005281595068222462,0.006724593833529238,0.009903939235981873,0.001255075673680217,0.00019244002786944492,-0.010000000000000009,2020-02-18,0.015361549427321375,41311.0,Train
2020-02-18,41311,40820,41343,40800,22270,40686.0,40879.0,0.015361549427321375,40691.857142857145,40293.433333333334,0.007324417989974197,0.006766037093868138,0.018440450657002616,0.030765008233943902,0.00019244002786944492,-0.010000000000000009,2020-02-19,0.003679407421752101,41463.0,Train
2020-02-19,41463,41400,41486,41230,19080,41311.0,40686.0,0.003679407421752101,40814.142857142855,40348.666666666664,0.007298398688464262,0.006617137273046957,0.021080109340753994,0.04162689041852996,0.001559838621982168,-0.03,2020-02-20,0.010201866724549591,41886.0,Train
2020-02-20,41886,41488,41987,41390,27950,41463.0,41311.0,0.010201866724549591,41033.142857142855,40416.566666666666,0.006414556591563894,0.00680958362681593,0.037989740539736916,0.05111797033802601,0.0015351116043289537,0.010000000000000009,2020-02-21,0.014921453468939472,42511.0,Train
2020-02-21,42511,42000,42571,42000,19670,41886.0,41463.0,0.014921453468939472,41330.857142857145,40515.566666666666,0.007088035530604212,0.006983207586228846,0.051549706879066015,0.07511190915758337,0.003960340084036229,-0.020000000000000004,2020-02-24,0.022229540589494556,43456.0,Train
2020-02-24,43456,42750,43585,42750,39100,42511.0,41886.0,0.022229540589494556,41741.71428571428,40649.333333333336,0.008813148821144248,0.0077931116467323605,0.07087235091177924,0.10174175392338314,-0.001689618526611647,-0.039999999999999994,2020-02-25,-0.017972201767304852,42675.0,Train
2020-02-25,42675,43160,43200,42257,33280,43456.0,42511.0,-0.017972201767304852,41998.28571428572,40751.9,0.013801379139877444,0.008701561639339522,0.04393453851610851,0.07770594474468417,0.00302869011074991,-0.06,2020-02-26,-0.0076391329818394915,42349.0,Train
2020-02-26,42349,42470,42735,42006,26970,42675.0,43456.0,-0.0076391329818394915,42235.857142857145,40841.0,0.01422527330369202,0.00889768992933766,0.04087401071621688,0.06737070269180356,-0.0013568786849944559,0.009999999999999981,2020-02-27,-0.003683676119861201,42193.0,Train
2020-02-27,42193,42460,42735,42154,18400,42349.0,42675.0,-0.003683676119861201,42361.857142857145,40916.76666666667,0.013915477217464152,0.008928767241803394,0.02135024569727184,0.0569388777555111,0.001386016163080761,-0.009999999999999981,2020-02-28,-0.010191263953736374,41763.0,Train
2020-02-28,41763,42350,43000,41248,4470,42193.0,42349.0,-0.010191263953736374,42404.71428571428,40977.96666666667,0.014780773544239938,0.00919392041917059,0.007235366471311844,0.04598392065519574,-0.00031685192283126273,-0.020000000000000018,2020-03-02,0.006081938558053723,42017.0,Train
2020-03-02,42017,43014,43014,41689,310,41763.0,42193.0,0.006081938558053723,42423.42857142857,41048.8,0.014437073778109353,0.009218581188692954,0.003127536647089757,0.05326882582974024,0.002462344868013222,-0.05000000000000002,2020-03-03,0.025775281433705333,43100.0,Train
2020-03-03,43100,42050,43277,41960,70,42017.0,41763.0,0.025775281433705333,42507.57142857143,41155.7,0.01665253659020287,0.01019713244533992,0.013855237467949477,0.08039004336600408,-0.007159807167966492,-0.02999999999999997,2020-03-04,0.003132250580046403,43235.0,Train
2020-03-04,43235,43100,43649,43006,90,43100.0,42017.0,0.003132250580046403,42476.0,41255.03333333333,0.014183705870557676,0.010125114132278706,-0.005085603829160568,0.07402807104707487,-0.002727403470805023,-0.12,2020-03-05,0.014779692378859677,43874.0,Train
2020-03-05,43874,43050,44255,43050,370,43235.0,43100.0,0.014779692378859677,42647.28571428572,41373.433333333334,0.012853942835873123,0.010370952665334736,0.02809607498535449,0.08809086850850645,0.00244128972890012,-0.010000000000000009,2020-03-06,0.005105529470757153,44098.0,Train
2020-03-06,44098,44200,44881,43407,76250,43874.0,43235.0,0.005105529470757153,42897.142857142855,41491.46666666667,0.011782495603965718,0.010364682964555417,0.041299676497674076,0.08730921912370238,8.477464501699394e-05,-0.03999999999999998,2020-03-09,0.004762120731098829,44308.0,Train
2020-03-09,44308,44200,44740,43829,61170,44098.0,43874.0,0.004762120731098829,43199.28571428572,41628.4,0.0110524917868562,0.010132279849068341,0.050126798284075624,0.10218905472636819,-0.0006807083819604376,-0.08999999999999997,2020-03-10,-0.013857542655953736,43694.0,Train
2020-03-10,43694,44280,44280,43511,23910,44308.0,44098.0,-0.013857542655953736,43475.142857142855,41740.833333333336,0.012048440185665522,0.010605748876657089,0.046237099825204186,0.08365367922422551,0.0040827482679379745,0.11999999999999994,2020-03-11,-0.008239117498970105,43334.0,Train
2020-03-11,43334,43690,43838,43270,35130,43694.0,44308.0,-0.008239117498970105,43663.28571428572,41822.066666666666,0.01329097453641125,0.010557098364509994,0.03134445581550316,0.05958872288920958,0.006106474176765131,0.21000000000000002,2020-03-12,-0.02577652651497664,42217.0,Train
2020-03-12,42217,43311,43615,41601,75050,43334.0,43694.0,-0.02577652651497664,43537.142857142855,41862.23333333333,0.013806154797515405,0.01170748115476965,-0.020487238979118305,0.02938164439676183,0.002949890036445302,0.09999999999999998,2020-03-13,-0.043465902361607855,40382.0,Train
2020-03-13,40382,42000,42085,40155,66620,42217.0,43334.0,-0.043465902361607855,43129.57142857143,41838.333333333336,0.020188336689809336,0.014244768714515046,-0.06598820400138772,-0.01744567994355095,0.018924232878507752,0.1,2020-03-16,-0.020652766083898766,39548.0,Train
2020-03-16,39548,40802,41291,38419,106920,40382.0,42217.0,-0.020652766083898766,42511.57142857143,41802.166666666664,0.017315705302244664,0.014586827107353297,-0.09860053790399781,-0.026702433982231155,-0.00041082827129268473,0.08,2020-03-17,0.01848386770506716,40279.0,Train
2020-03-17,40279,39750,40950,38700,82570,39548.0,40382.0,0.01848386770506716,41966.0,41809.6,0.020328051355620137,0.014770725888875768,-0.0866025670098417,0.0055672059117235495,0.004121595366277209,-0.04,2020-03-18,-0.012785818913081282,39764.0,Train
2020-03-18,39764,40239,40480,39368,72460,40279.0,39548.0,-0.012785818913081282,41316.857142857145,41794.63333333333,0.01884693824469661,0.014943115166113595,-0.10255484336914322,-0.01116554348096388,0.012787013210380449,0.39,2020-03-19,0.003143546926868579,39889.0,Train
2020-03-19,39889,39700,40170,39121,49450,39764.0,40279.0,0.003143546926868579,40773.28571428572,41781.36666666667,0.020100245320653017,0.014951340499317147,-0.08708289467661467,-0.009879117333134735,0.01372206110958718,0.16000000000000003,2020-03-20,0.013286871067211603,40419.0,Train
2020-03-20,40419,40049,40987,39885,46770,39889.0,39764.0,0.013286871067211603,40356.857142857145,41776.566666666666,0.02241932585565928,0.01510174532429285,-0.06726819587390964,-0.003550033281562004,0.00721958275579615,0.06999999999999995,2020-03-23,0.022217274054281422,41317.0,Train
2020-03-23,41317,40668,41500,39820,43820,40419.0,39889.0,0.022217274054281422,40228.28571428572,41800.23333333333,0.023962225047979426,0.01563779547707368,-0.021318426226401677,0.0174846701307656,-0.0009795400080122585,-0.44999999999999996,2020-03-24,0.013456930561270175,41873.0,Train
2020-03-24,41873,41451,42176,40115,40080,41317.0,40419.0,0.013456930561270175,40441.28571428572,41850.9,0.016307600487428332,0.01574934379706913,0.03692239116438012,0.03766758357495115,0.009524861489304204,-0.21000000000000002,2020-03-25,0.02006065961359349,42713.0,Train
2020-03-25,42713,42100,42889,41400,32140,41873.0,41317.0,0.02006065961359349,40893.42857142857,41927.1,0.012264990228154773,0.0161157958787705,0.0800293314453322,0.056546367526652874,-0.0049640756638984485,-0.09,2020-03-26,0.021492285720974946,43631.0,Train
2020-03-26,43631,42400,43900,42000,34450,42713.0,41873.0,0.021492285720974946,41372.28571428572,42028.8,0.01261364790812864,0.016504461768504956,0.08321954368281248,0.07518482010842775,-0.005645413828355483,-0.06,2020-03-27,-0.0009396988379821725,43590.0,Train
2020-03-27,43590,43520,43759,43035,20610,43631.0,42713.0,-0.0009396988379821725,41918.857142857145,42119.166666666664,0.009112851194173776,0.016490554871579646,0.0962176843375917,0.06631766921891447,-0.018917939989550603,-0.04999999999999999,2020-03-30,0.006721725166322523,43883.0,Train
2020-03-30,43883,43200,44180,43200,920,43590.0,43631.0,0.006721725166322523,42489.42857142857,42225.73333333333,0.008533718583150869,0.016455453848821997,0.10012785479706188,0.07857739763063454,-0.0002458531676670095,0.01999999999999999,2020-03-31,-0.01499441697240389,43225.0,Train
2020-03-31,43225,44373,44399,43060,290,43883.0,43590.0,-0.01499441697240389,42890.28571428572,42289.53333333333,0.013838855972197727,0.01658009554983996,0.06942279620970337,0.04633148556074662,0.007251592515402416,-0.03,2020-04-01,0.008166570271833429,43578.0,Train
2020-04-01,43578,42854,43645,42800,50,43225.0,43883.0,0.008166570271833429,43213.28571428572,42360.03333333333,0.012695211577716728,0.016619279548809783,0.05472323740833063,0.051009333622747954,-0.006149813080397748,0.07999999999999999,2020-04-03,0.016522098306484878,44298.0,Train
2020-04-03,44298,44190,44400,43860,80,43578.0,43225.0,0.016522098306484878,43559.71428571428,42440.433333333334,0.012976255717072184,0.01676892210682989,0.05791321376543368,0.05758487322733141,-0.0016293288893663993,-0.11000000000000004,2020-04-07,0.016817915030023833,45043.0,Train
2020-04-07,45043,44000,46299,44000,20590,44298.0,43578.0,0.016817915030023833,43892.57142857143,42524.833333333336,0.012530275100847104,0.01682278275763989,0.05455013696064426,0.05956105478582008,-0.0020511963168488023,-0.009999999999999953,2020-04-08,-0.002197899784650237,44944.0,Train
2020-04-08,44944,44762,45000,44650,12640,45043.0,44298.0,-0.002197899784650237,44080.142857142855,42574.433333333334,0.011319928386306643,0.016399108003956723,0.030093282299282542,0.03424153166421218,-0.008572809278350468,0.04999999999999999,2020-04-09,0.00745372018511925,45279.0,Train
2020-04-09,45279,44970,45330,44802,13160,44944.0,45043.0,0.00745372018511925,44321.42857142857,42661.23333333333,0.011115161242468904,0.016023956146968547,0.03874741913282853,0.0610193321616872,0.0010235946695087428,0.0,2020-04-13,0.021886525762494724,46270.0,Train
2020-04-13,46270,45499,46360,45499,19510,45279.0,44944.0,0.021886525762494724,44662.42857142857,42791.933333333334,0.01275080403037422,0.016309266611745574,0.05439464029350782,0.09258778247420252,-0.0025866292171528027,-0.08000000000000002,2020-04-15,0.009206829479144085,46696.0,Train
2020-04-15,46696,46499,46782,46030,26090,46270.0,45279.0,0.009206829479144085,45158.28571428572,42942.03333333333,0.007966157315729435,0.016294578816204535,0.0803007518796992,0.10672386414808144,-0.0033316927888684678,-0.030000000000000027,2020-04-16,0.010857461024498916,47203.0,Train
2020-04-16,47203,46783,47290,46478,21660,46696.0,46270.0,0.010857461024498916,45676.142857142855,43123.36666666667,0.007864028064716986,0.016136448006200302,0.08318417550139978,0.13025884155831724,0.007887015291686783,-0.030000000000000027,2020-04-17,-0.028557506938118316,45855.0,Train
2020-04-17,45855,47005,47005,45400,32290,47203.0,46696.0,-0.028557506938118316,45898.57142857143,43251.3,0.01663696059140204,0.0172024835416999,0.03514831369362037,0.09134397981769293,0.0031387314422401946,0.14000000000000007,2020-04-20,-0.002856831316105146,45724.0,Train
2020-04-20,45724,45400,45949,45265,24610,45855.0,47203.0,-0.002856831316105146,45995.857142857145,43338.76666666667,0.015969363774689917,0.016685379015560307,0.015118886397442521,0.060881670533642795,-0.004782867533603685,0.06,2020-04-21,-0.007457790219578375,45383.0,Train
2020-04-21,45383,45735,46275,45100,31180,45724.0,45855.0,-0.007457790219578375,46058.57142857143,43410.36666666667,0.016333462952803378,0.016774738910269777,0.009767710929156292,0.04968197062565061,0.0018906007113153045,0.04999999999999999,2020-04-22,0.017759954167860137,46189.0,Train
2020-04-22,46189,45656,46290,45475,32759,45383.0,45724.0,0.017759954167860137,46188.57142857143,43487.53333333333,0.017389469525897264,0.01686312648052182,0.02009761699684187,0.05276473537858406,0.006566030317627591,-0.07,2020-04-23,0.006191950464396356,46475.0,Train
2020-04-23,46475,46499,46680,46171,42680,46189.0,45383.0,0.006191950464396356,46217.857142857145,43566.76666666667,0.015448503223535078,0.016871514483485478,0.0044305165333908825,0.05390267132296245,0.0001129837723021776,-0.04999999999999999,2020-04-24,0.0016137708445400634,46550.0,Train
2020-04-24,46550,46491,46850,46160,43750,46475.0,46189.0,0.0016137708445400634,46197.0,43641.5,0.015014989549102301,0.016862824047967517,-0.003126606133287635,0.05060034305317318,-0.00138308791726649,-0.010000000000000009,2020-04-27,-0.004232008592910841,46353.0,Train
2020-04-27,46353,46352,46673,46250,36810,46550.0,46475.0,-0.004232008592910841,46075.57142857143,43730.13333333333,0.014198821424320753,0.016645090274459914,-0.018007330042582037,0.060855037304893056,0.003291201429931334,-0.07,2020-04-28,-0.003559640152740906,46188.0,Train
2020-04-28,46188,46290,46333,45750,25390,46353.0,46550.0,-0.003559640152740906,46123.142857142855,43825.26666666667,0.00859042658014847,0.01656654172472985,0.007262021589793832,0.06586052522268893,-0.0022325761206171135,0.010000000000000009,2020-04-29,-0.016216333246730774,45439.0,Train
2020-04-29,45439,46290,46308,45401,4780,46188.0,46353.0,-0.016216333246730774,46082.42857142857,43932.666666666664,0.010805527076458097,0.01609379842362521,-0.006233050476773694,0.07631996589051804,-0.004157104653293442,-0.020000000000000018,2020-04-30,-0.017429961046677933,44647.0,Train
2020-04-30,44647,45642,45761,44200,2130,45439.0,46188.0,-0.017429961046677933,45977.28571428572,44074.833333333336,0.012367461205985536,0.014104092470916858,-0.0162175263865324,0.1056163637264127,-0.004791305454436401,0.010000000000000009,2020-05-01,0.013528344569623929,45251.0,Train
2020-05-01,45251,44703,45380,44441,310,44647.0,45439.0,0.013528344569623929,45843.28571428572,44264.933333333334,0.01128107982479101,0.013455693374215134,-0.020307865509103906,0.14420451097400622,-0.0036749194889647008,0.08000000000000002,2020-05-04,0.011292568120041535,45762.0,Train
2020-05-04,45762,45403,46090,45349,490,45251.0,44647.0,0.011292568120041535,45741.42857142857,44447.7,0.012099170568796601,0.013262271218924081,-0.015341581495427636,0.13612552446684378,0.006721328897136392,0.010000000000000009,2020-05-05,-0.004873038765788262,45539.0,Train
2020-05-05,45539,45400,45590,44768,230,45762.0,45251.0,-0.004873038765788262,45597.0,44640.2,0.012011549475334346,0.012985555949771195,-0.02171858216971001,0.14523186802132582,0.0005075144621320415,-0.010000000000000009,2020-05-06,-0.0033377983706274206,45387.0,Train
2020-05-06,45387,45700,45850,45330,37990,45539.0,45762.0,-0.0033377983706274206,45459.0,44823.46666666667,0.012001882936796247,0.013064506701509056,-0.020840075076046904,0.13783248514628088,-0.003317055117330492,-0.010000000000000009,2020-05-07,0.016744882895983526,46147.0,Train
2020-05-07,46147,45450,46222,45355,40800,45387.0,45539.0,0.016744882895983526,45453.142857142855,45014.4,0.014098330813428192,0.013160556702173943,-0.0008876764527583347,0.1417155298250823,0.00656335757269777,0.06,2020-05-08,-0.007086051097579427,45820.0,Train
2020-05-08,45820,46050,46343,45751,53030,46147.0,45387.0,-0.007086051097579427,45507.57142857143,45164.5,0.012706109919992643,0.012885678551601836,0.008384867624727566,0.10898661567877621,-0.003916381493256904,-0.07,2020-05-11,-0.0007638585770406436,45785.0,Train
2020-05-11,45785,45842,45980,45609,39590,45820.0,46147.0,-0.0007638585770406436,45670.142857142855,45294.9,0.009863084920431718,0.012769118291042936,0.025488834636145707,0.09342535762902116,-0.004767516562450003,0.020000000000000018,2020-05-12,-0.0032761821557278914,45635.0,Train
2020-05-12,45635,45821,45970,45551,37850,45785.0,45820.0,-0.0032761821557278914,45725.0,45392.3,0.009069320237991497,0.012403357016864444,0.0084860003093854,0.06841008592231868,0.005674978924887775,0.02999999999999997,2020-05-13,0.007625725868302791,45983.0,Train
2020-05-13,45983,45634,46087,45527,41420,45635.0,45785.0,0.007625725868302791,45756.57142857143,45470.7,0.00847879185556939,0.011911428728654153,0.004829334382238537,0.05390662602278207,-0.001412767490605149,0.0,2020-05-14,0.014092164495574488,46631.0,Train
2020-05-14,46631,46020,46735,46020,47990,45983.0,45635.0,0.014092164495574488,45912.57142857143,45572.066666666666,0.00937659951255943,0.01210589630265249,0.023979446188980846,0.06976370727231007,0.003913563553151755,-0.02999999999999997,2020-05-15,0.015461817246038123,47352.0,Train
2020-05-15,47352,46490,47420,46480,51030,46631.0,45983.0,0.015461817246038123,46193.28571428572,45687.7,0.009798431768226024,0.012318740855989366,0.04329433538237826,0.07905111318733904,0.0008264476189241421,0.0,2020-05-18,-0.014782902517317065,46652.0,Train
2020-05-18,46652,47500,47965,46550,65730,47352.0,46631.0,-0.014782902517317065,46265.42857142857,45801.933333333334,0.011237769406476403,0.012308372272106979,0.010943289921338417,0.07928282244071716,-0.00035424597773092703,-0.020000000000000018,2020-05-19,0.0082311583640573,47036.0,Train
2020-05-19,47036,46656,47180,46463,47800,46652.0,47352.0,0.0082311583640573,46439.142857142855,45917.2,0.010742620556253638,0.01230938155359311,0.026538629419467386,0.07935196658864574,-0.0064911475892623915,0.010000000000000009,2020-05-20,0.0019772089463390152,47129.0,Train
2020-05-20,47129,47165,47380,46850,40320,47036.0,46652.0,0.0019772089463390152,46631.142857142855,46011.566666666666,0.010597588160415256,0.012026200841299016,0.029354592115321543,0.06390807711409097,-0.0018835995726272925,-0.010000000000000009,2020-05-21,-0.01510747098389531,46417.0,Train
2020-05-21,46417,46944,46980,46265,40760,47129.0,47036.0,-0.01510747098389531,46742.857142857145,46057.36666666667,0.012718105791127365,0.012094645142210703,0.0171359701983127,0.030504184889994068,-0.003792258017141781,-0.02999999999999997,2020-05-22,0.013788051791369549,47057.0,Train
2020-05-22,47057,46420,47118,46420,42900,46417.0,47129.0,0.013788051791369549,46896.28571428572,46127.8,0.013330588194611921,0.012296045711067901,0.023356457821368748,0.04701406194375224,-7.616663950338332e-05,0.019999999999999962,2020-05-25,-0.002210085640818593,46953.0,Train
2020-05-25,46953,46800,47029,46666,17270,47057.0,46417.0,-0.002210085640818593,46942.28571428572,46183.6,0.012548306739129551,0.0122641048913843,0.006905277605026683,0.036970781156827615,0.001881377394312933,0.0,2020-05-26,-0.01192682043745874,46393.0,Train
2020-05-26,46393,47047,47150,46302,41020,46953.0,47057.0,-0.01192682043745874,46805.28571428572,46187.7,0.011535133053007065,0.011852207273243204,-0.02025257644872447,0.002658309920034574,0.001881377394312933,0.0,2020-05-27,0.005474963895415241,46647.0,Train
2020-05-27,46647,46390,46698,45855,47490,46393.0,46953.0,0.005474963895415241,46804.57142857143,46186.066666666666,0.01054442006651692,0.011773265618309839,-0.00010717654119862807,-0.001049340414596589,-0.007641363591400108,0.020000000000000018,2020-05-28,-0.0037087058117349914,46474.0,Train
2020-05-28,46474,46740,46930,46400,35540,46647.0,46393.0,-0.0037087058117349914,46724.28571428572,46161.76666666667,0.009945852892223342,0.011610665616723932,-0.011948294923037728,-0.015443933648285113,0.001493577534221302,-0.020000000000000018,2020-05-29,0.008262684511769924,46858.0,Train
2020-05-29,46858,46579,46924,46468,24160,46474.0,46647.0,0.008262684511769924,46685.57142857143,46195.2,0.010593025935768493,0.010422710079940261,-0.005750175051454476,0.021873296259949937,-0.004556308953776345,-0.019999999999999962,2020-06-01,0.0034145716846643026,47018.0,Train
2020-06-01,47018,46900,47299,46702,2009,46858.0,46474.0,0.0034145716846643026,46771.42857142857,46238.333333333336,0.008528473374493438,0.010410260920364416,0.012947842385332864,0.028300236199807483,-0.0005619193844007553,-0.020000000000000018,2020-06-02,-0.004721595984516602,46796.0,Train
2020-06-02,46796,47090,47375,46753,220,47018.0,46858.0,-0.004721595984516602,46734.142857142855,46285.433333333334,0.006939009368889198,0.010345544008611157,-0.005546464925515915,0.031135006500231377,-0.0055992022873055936,-0.020000000000000018,2020-06-03,-0.012672023249850395,46203.0,Train
2020-06-03,46203,46750,46851,46150,180,46796.0,47018.0,-0.012672023249850395,46627.0,46285.9,0.008294302316639279,0.010143037358722063,-0.015973420228739377,0.0003031024702850882,-0.00484914599488151,0.020000000000000018,2020-06-04,0.01251001017249953,46781.0,Train
2020-06-04,46781,46399,47125,46235,80,46203.0,46796.0,0.01251001017249953,46682.42857142857,46296.1,0.008684925202629258,0.010338458970716956,0.00836333067488626,0.006584185045723556,-0.0035910812847682605,0.06,2020-06-05,-0.009298646886556461,46346.0,Train
2020-06-05,46346,46750,46805,46100,60,46781.0,46203.0,-0.009298646886556461,46639.42857142857,46289.3,0.009255708602606381,0.01048055997841592,-0.006452719360301895,-0.004382384532760519,0.0003840490509461336,0.03999999999999998,2020-06-08,-0.005092133085918937,46110.0,Train
2020-06-08,46110,45800,46175,45772,39330,46346.0,46781.0,-0.005092133085918937,46587.42857142857,46281.2,0.00934036670327601,0.010493440892178773,-0.007832336360115377,-0.005242379134036579,-0.004087127225665399,0.040000000000000036,2020-06-09,0.010518325742788992,46595.0,Train
2020-06-09,46595,46070,46666,45962,41710,46110.0,46346.0,0.010518325742788992,46549.857142857145,46294.76666666667,0.009746684843934181,0.01064805107631511,-0.005612702206666986,0.008811812592015134,-0.0012767877132118244,-0.040000000000000036,2020-06-10,0.0007296920270414287,46629.0,Train
2020-06-10,46629,46614,46923,46502,34600,46595.0,46110.0,0.0007296920270414287,46494.28571428572,46334.433333333334,0.009606708098208799,0.010178186486722033,-0.008273427198094319,0.026188956623165227,-0.0006135067557375695,-0.019999999999999962,2020-06-11,0.016642003903150293,47405.0,Train
2020-06-11,47405,46767,47630,46767,53470,46629.0,46595.0,0.016642003903150293,46581.28571428572,46426.36666666667,0.011490484723463031,0.009959515750207112,0.01301393281477048,0.06177346742222323,-0.0005582291151056129,-0.10000000000000003,2020-06-12,-0.0016875856977112136,47325.0,Train
2020-06-12,47325,47400,47493,47073,40800,47405.0,46629.0,-0.0016875856977112136,46741.57142857143,46495.5,0.009792519828768024,0.009739720107609224,0.024284137393675742,0.045833241254336965,0.006003892912014752,-0.030000000000000027,2020-06-15,-0.006888536714210303,46999.0,Train
2020-06-15,46999,47200,47242,46569,42280,47325.0,47405.0,-0.006888536714210303,46772.71428571428,46536.73333333333,0.009551230411772055,0.009677447800051378,0.0046600115431478795,0.027031161225471,0.0036046553562008032,0.050000000000000044,2020-06-16,0.011383220919594095,47534.0,Train
2020-06-16,47534,47200,47610,46974,46860,46999.0,47325.0,0.011383220919594095,46942.42857142857,46603.23333333333,0.009131192004020296,0.009795444135290482,0.0256332801104735,0.04380860361448424,0.002418428188811328,-0.020000000000000018,2020-06-17,-0.004502040644591254,47320.0,Train
2020-06-17,47320,47363,47453,47020,35350,47534.0,46999.0,-0.004502040644591254,47115.28571428572,46667.666666666664,0.00903920963915741,0.009817457059061016,0.02624159618304045,0.042589287681494614,-0.0032254057600462627,0.0,2020-06-18,0.00016906170752317706,47328.0,Train
2020-06-18,47328,47290,47550,47130,39880,47320.0,47534.0,0.00016906170752317706,47220.0,46707.03333333333,0.008580921832553884,0.009383098087000129,0.015731301641807027,0.02559212949920897,0.002872866259084894,0.0,2020-06-19,0.012233772819472577,47907.0,Train
2020-06-19,47907,47300,47938,47300,37640,47328.0,47320.0,0.012233772819472577,47402.57142857143,46776.6,0.009308924915028416,0.009479634689060074,0.027407836325033852,0.04554779572239198,0.002558574937140623,-0.04999999999999993,2020-06-22,0.00010436888137443923,47912.0,Train
2020-06-22,47912,47999,48259,47792,42280,47907.0,47328.0,0.00010436888137443923,47475.0,46847.5,0.007451509139569065,0.00947371617908734,0.010695074359244883,0.04645626296822103,1.0813751431859586e-05,-0.030000000000000027,2020-06-23,0.005718817832693235,48186.0,Train
2020-06-23,48186,47899,48227,47726,35720,47912.0,47907.0,0.005718817832693235,47598.0,46932.53333333333,0.00744189121708677,0.009457766911414152,0.018193343898573744,0.055900076695518885,-0.0038712811495058563,-0.030000000000000027,2020-06-24,-0.0016809861785580527,48105.0,Train
2020-06-24,48105,48019,48421,47969,42480,48186.0,47912.0,-0.0016809861785580527,47756.0,47003.26666666667,0.0065406820356855655,0.0094145912377055,0.023532415583310318,0.04614748928951995,-0.0035464605538724214,-0.030000000000000027,2020-06-25,-0.0031805425631431516,47952.0,Train
2020-06-25,47952,48048,48147,47830,28160,48105.0,48186.0,-0.0031805425631431516,47815.71428571428,47047.3,0.005836652135355732,0.00914528461936177,0.008793705558126863,0.028328794149814485,0.005412789065478929,0.020000000000000018,2020-06-26,0.008571071071071135,48363.0,Train
2020-06-26,48363,48030,48431,47825,26210,47952.0,48105.0,0.008571071071071135,47964.71428571428,47081.0,0.005774598875717992,0.008850596832798985,0.022041420118343202,0.021350734921439463,0.00271141176784373,-0.010000000000000009,2020-06-29,-0.0034944068812935436,48194.0,Train
2020-06-29,48194,48420,48513,48080,3740,48363.0,47952.0,-0.0034944068812935436,48088.42857142857,47132.4,0.006235664032004581,0.008396076741460765,0.018297836375929633,0.033053245305667556,0.001939323206957333,-0.030000000000000027,2020-06-30,0.013839897082624342,48861.0,Train
2020-06-30,48861,48237,48999,48237,630,48194.0,48363.0,0.013839897082624342,48224.71428571428,47193.23333333333,0.006663646899997976,0.008619391874884332,0.019913582566222,0.03880006803299607,0.001101772958443048,-0.019999999999999907,2020-07-01,-0.009434927651910563,48400.0,Train
2020-07-01,48400,48986,49020,48251,330,48861.0,48194.0,-0.009434927651910563,48294.42857142857,47235.6,0.008130300507496887,0.008837788781845535,0.010185339789614334,0.026968533174902998,-0.0016649290851260545,0.019999999999999907,2020-07-02,0.0007644628099172657,48437.0,Train
2020-07-02,48437,48340,48529,47970,90,48400.0,48861.0,0.0007644628099172657,48330.28571428572,47302.933333333334,0.007912213978734524,0.008303868931699534,0.005208981861951623,0.043518538466510215,-0.003188480627967172,0.0,2020-07-03,-0.0020851828147903095,48336.0,Train
2020-07-03,48336,49304,49304,48100,70,48437.0,48400.0,-0.0020851828147903095,48363.28571428572,47345.566666666666,0.007934518986749845,0.007990678948851323,0.004801995634549527,0.027179803217374676,-0.0018762366673106268,-0.04999999999999993,2020-07-06,-0.0018412777226084476,48247.0,Train
2020-07-06,48247,47976,48300,47830,36250,48336.0,48437.0,-0.0018412777226084476,48405.42857142857,47388.7,0.007840621197050403,0.007985971497112858,0.00615198531865202,0.027559474367985004,-0.0018762366673106268,-0.04999999999999993,2020-07-07,0.011378945841192145,48796.0,Train
2020-07-07,48796,48200,48829,48110,44010,48247.0,48336.0,0.011378945841192145,48467.28571428572,47468.8,0.008353372148721318,0.007823328640704426,0.00895312532307746,0.05179660724678281,-0.004758229701599004,-0.030000000000000027,2020-07-08,0.007459627838347416,49160.0,Train
2020-07-08,49160,48701,49317,48635,42550,48796.0,48247.0,0.007459627838347416,48605.28571428572,47552.566666666666,0.008330666046800108,0.007864509520556642,0.020043988878283514,0.05387270349647344,0.002401806762280634,-0.020000000000000018,2020-07-09,-0.005370219690805533,48896.0,Train
2020-07-09,48896,49095,49298,48780,46250,49160.0,48796.0,-0.005370219690805533,48610.28571428572,47633.3,0.0072018259918798155,0.007910215660460674,0.0007163177176070512,0.05211516116538273,-0.00016057311219974668,0.030000000000000027,2020-07-10,-0.00026587041884817975,48883.0,Train
2020-07-10,48883,48900,49217,48731,38450,48896.0,49160.0,-0.00026587041884817975,48679.28571428572,47700.8,0.0058872386662791164,0.007819894590139095,0.009979338842975194,0.04321567288403272,-0.0003312352313836753,-0.020000000000000018,2020-07-13,0.006075731849518151,49180.0,Train
2020-07-13,49180,48920,49258,48920,34250,48883.0,48896.0,0.006075731849518151,48785.42857142857,47772.86666666667,0.006124012261674004,0.007858057422594183,0.015339513182071496,0.04598238972308488,-0.0013555022093849622,0.010000000000000009,2020-07-14,0.001972346482309817,49277.0,Train
2020-07-14,49277,49150,49299,48811,41500,49180.0,48883.0,0.001972346482309817,48919.857142857145,47855.566666666666,0.005836868265288194,0.007768970303227763,0.01946789142667993,0.053017351910419785,-0.001355666358611507,-0.020000000000000018,2020-07-15,-0.0019278771029080932,49182.0,Train
2020-07-15,49182,49240,49273,48951,37680,49277.0,49180.0,-0.0019278771029080932,49053.42857142857,47954.86666666667,0.005848358170017559,0.007315498632684387,0.019379443281447584,0.06447633270566855,0.0016863958197519402,0.0,2020-07-16,-0.0075434101907201345,48811.0,Train
2020-07-16,48811,49121,49246,48755,30040,49182.0,49277.0,-0.0075434101907201345,49055.57142857143,48022.53333333333,0.005567128448087459,0.0072483786233177635,0.00030740224608583055,0.043393685470596965,-0.002990197679707096,0.010000000000000009,2020-07-17,0.003892565200467102,49001.0,Train
2020-07-17,49001,48812,49086,48760,28010,48811.0,49182.0,0.003892565200467102,49032.857142857145,48111.03333333333,0.004899894991099838,0.006969063457209115,-0.003234336859235132,0.057286497216588295,-0.0008871481965941896,-0.020000000000000018,2020-07-20,0.0013469112875248435,49067.0,Train
2020-07-20,49067,49000,49190,48891,27740,49001.0,48811.0,0.0013469112875248435,49057.28571428572,48209.6,0.004409470424990233,0.006844916888499779,0.0034972185863875183,0.06412925612665354,0.0016522671375418518,-0.029999999999999916,2020-07-21,0.01002710579411814,49559.0,Train
2020-07-21,49559,49128,49599,49066,31550,49067.0,49001.0,0.01002710579411814,49153.857142857145,48308.4,0.005650317132765056,0.006824633733233672,0.013828938485772158,0.06361197553385556,-0.0006354722809844837,-0.020000000000000018,2020-07-22,0.011218951149135403,50115.0,Train
2020-07-22,50115,49734,50238,49640,46550,49559.0,49067.0,0.011218951149135403,49287.42857142857,48424.6,0.006536884784237876,0.007018984210123322,0.019011793411956024,0.07476034227626593,-0.005410409052460152,-0.030000000000000027,2020-07-23,0.012910306295520257,50762.0,Train
2020-07-23,50762,50000,50970,50000,45430,50115.0,49559.0,0.012910306295520257,49499.57142857143,48536.5,0.00755804380655753,0.0067876882075541285,0.03013576313493105,0.07081531484020664,-0.002284547338692322,-0.010000000000000009,2020-07-24,0.007052519601276508,51120.0,Train
2020-07-24,51120,50800,51230,50669,39020,50762.0,50115.0,0.007052519601276508,49776.42857142857,48663.0,0.00707652411448397,0.006797951464840439,0.03940466024155187,0.08019017432646591,-0.0006128649149226284,-0.020000000000000018,2020-07-27,0.021654929577464843,52227.0,Train
2020-07-27,52227,51700,52375,51700,39480,51120.0,50762.0,0.021654929577464843,50264.42857142857,48837.26666666667,0.006660133346884417,0.0073957920201256355,0.06998422486734546,0.11123640928530398,0.0006064646077927893,-0.020000000000000018,2020-07-28,0.00965018094089265,52731.0,Train
2020-07-28,52731,52390,52844,51351,54990,52227.0,51120.0,0.00965018094089265,50797.28571428572,49010.5,0.00615562465095331,0.007339033970978802,0.0761208954919288,0.10933226742962932,-0.006314921584080424,0.020000000000000018,2020-07-29,0.009026948095048448,53207.0,Train
2020-07-29,53207,52878,53323,52475,28840,52731.0,52227.0,0.009026948095048448,51388.71428571428,49206.73333333333,0.004770099027331473,0.007246049468758031,0.08437442680416574,0.12440828402366866,-0.0005792809930239562,-0.020000000000000018,2020-07-30,-0.004153588813502029,52986.0,Train
2020-07-30,52986,53301,53388,52715,3700,53207.0,52731.0,-0.004153588813502029,51878.28571428572,49395.333333333336,0.0076906713785870155,0.007365641913346151,0.06914990213684691,0.11954868154158205,-0.0009060773669034017,-0.029999999999999916,2020-07-31,0.011248254255841195,53582.0,Train
2020-07-31,53582,53999,54000,53210,670,52986.0,53207.0,0.011248254255841195,52373.57142857143,49584.5,0.00769169284016221,0.007328823955303868,0.06918088396687616,0.11845868035986395,0.001605629428918176,-0.020000000000000018,2020-08-03,0.006438729424060208,53927.0,Train
2020-08-03,53927,53988,53988,53600,150,53582.0,52986.0,0.006438729424060208,52825.71428571428,49785.0,0.007619883797317942,0.0073109633159743025,0.06234978921240297,0.1255426615461679,-0.0016405339656969664,-0.030000000000000027,2020-08-04,0.015891853802362466,54784.0,Train
2020-08-04,54784,54094,54950,53641,110,53927.0,53582.0,0.015891853802362466,53349.142857142855,50004.933333333334,0.008022644793760702,0.007623834215865628,0.07167449139280135,0.13692773834723782,0.005112270301907085,-0.020000000000000018,2020-08-05,0.014840099299065379,55597.0,Train
2020-08-05,55597,54900,55949,54701,40,54784.0,53927.0,0.014840099299065379,53830.57142857143,50254.666666666664,0.006666571460769463,0.007771073482630537,0.06452601145001635,0.1557426462945639,-0.00020457118992533996,-0.030000000000000027,2020-08-06,0.009353022645106845,56117.0,Train
2020-08-06,56117,55405,56199,55400,45660,55597.0,54784.0,0.009353022645106845,54314.28571428572,50526.833333333336,0.006662625126039398,0.007659705021557972,0.06421270220553366,0.17027444110777434,-0.007723505794115182,-0.010000000000000009,2020-08-07,-0.01958408325462868,55018.0,Train
2020-08-07,55018,56351,56499,54925,53590,56117.0,55597.0,-0.01958408325462868,54573.0,50748.666666666664,0.012672487076036607,0.00887190929527022,0.03403687484729456,0.13760519405330518,0.0014425841250718108,-0.020000000000000018,2020-08-10,0.004089570685957389,55243.0,Train
2020-08-10,55243,54900,55660,54900,35600,55018.0,56117.0,0.004089570685957389,54895.42857142857,50983.63333333333,0.012063440663347401,0.008748020369481467,0.04259615747555956,0.14626302029298244,0.004970002272684626,0.040000000000000036,2020-08-11,-0.05609760512644135,52144.0,Train
2020-08-11,52144,55150,55150,51929,80850,55243.0,55018.0,-0.05609760512644135,54690.0,51093.066666666666,0.02601007175478408,0.013963927819345981,-0.026837370758836965,0.06719060191154491,-0.00035536995457563503,0.020000000000000018,2020-08-12,0.006923135931267366,52505.0,Train
2020-08-12,52505,50680,52840,50026,92180,52144.0,55243.0,0.006923135931267366,54486.857142857145,51229.9,0.026041798338378632,0.013809785327706032,-0.026368980288167365,0.08481404958677685,-0.001734957957035932,0.030000000000000027,2020-08-13,0.012246452718788658,53148.0,Train
2020-08-13,53148,52353,53250,52020,54500,52505.0,52144.0,0.012246452718788658,54253.142857142855,51386.933333333334,0.02562216627039281,0.01390984121142207,-0.029862733644859807,0.09726035881660722,-0.0010410800651911023,0.010000000000000009,2020-08-14,-0.013114322269887846,52451.0,Train
2020-08-14,52451,52801,53000,52000,47420,53148.0,52505.0,-0.013114322269887846,53803.71428571428,51524.1,0.024336618556099577,0.014196976776720462,-0.05658578700289585,0.0851332340284674,-0.0011649733616816427,0.020000000000000018,2020-08-17,0.01876036681855453,53435.0,Train
2020-08-17,53435,52468,53640,52270,43930,52451.0,53148.0,0.01876036681855453,53420.57142857143,51697.03333333333,0.025679003620441097,0.014459236318629623,-0.04779300390256069,0.10753000186540085,-0.0015351867710957645,0.020000000000000018,2020-08-18,0.0056704407223728825,53738.0,Train
2020-08-18,53738,53387,54180,51888,70760,53435.0,52451.0,0.0056704407223728825,53237.71428571428,51861.76666666667,0.025336045899307953,0.014389550268807094,-0.023265113235668378,0.1012787933437167,-0.001629047498920344,-0.030000000000000027,2020-08-19,-0.017008448397781817,52824.0,Train
2020-08-19,52824,53576,53786,52505,56450,53738.0,53435.0,-0.017008448397781817,52892.142857142855,51983.9,0.025595344879422482,0.014833583104383945,-0.0437883532755281,0.0745321399511798,-0.001624853317801489,-0.040000000000000036,2020-08-20,-0.009881871876419757,52302.0,Train
2020-08-20,52302,52500,52659,51860,55710,52824.0,53738.0,-0.009881871876419757,52914.71428571428,52097.433333333334,0.01377853264006231,0.014938702351783623,0.0030300705737955624,0.06965804973821998,6.606079480575566e-05,0.020000000000000018,2020-08-21,-0.004913770027914821,52045.0,Train
2020-08-21,52045,52400,52598,51355,59160,52302.0,52824.0,-0.004913770027914821,52849.0,52202.833333333336,0.013585824648685468,0.014990854218443088,-0.008761070374250113,0.06468506433729515,0.0021069427882678404,0.020000000000000018,2020-08-24,-0.012681333461427635,51385.0,Train
2020-08-24,51385,51959,52250,51266,47380,52045.0,52302.0,-0.012681333461427635,52597.142857142855,52276.333333333336,0.012720209761712358,0.015213234526963835,-0.03317152103559873,0.04483529890199267,0.002093952193513271,-0.030000000000000027,2020-08-25,-0.008737958548214464,50936.0,Train
2020-08-25,50936,51508,51563,50860,39540,51385.0,52045.0,-0.008737958548214464,52380.71428571428,52331.63333333333,0.012341845528208696,0.0153288660140778,-0.0288841013517378,0.033666822249731165,-0.0012404192138543157,-0.020000000000000018,2020-08-26,0.013408983822836396,51619.0,Train
2020-08-26,51619,51070,51749,50513,48630,50936.0,51385.0,0.013408983822836396,52121.28571428572,52412.86666666667,0.01075222816520847,0.01547531224802653,-0.03398521568260504,0.049550648611280446,-0.0007817845901191278,0.010000000000000009,2020-08-27,-0.02154245529746801,50507.0,Train
2020-08-27,50507,51700,51721,50213,53540,51619.0,50936.0,-0.02154245529746801,51659.71428571428,52469.4,0.011212501486864241,0.01596783900016905,-0.06012505117421563,0.03474626621048538,-0.0016803543210700544,-0.020000000000000018,2020-08-28,0.010750985011978464,51050.0,Train
2020-08-28,51050,51000,51395,50551,31610,50507.0,51619.0,0.010750985011978464,51406.28571428572,52537.7,0.012630461427210034,0.016055617687811476,-0.033583219748599125,0.04181547315360912,0.00021179119617431574,0.040000000000000036,2020-08-31,0.0009598432908912713,51099.0,Train
2020-08-31,51099,51267,51295,50901,4570,51050.0,50507.0,0.0009598432908912713,51234.42857142857,52605.433333333334,0.012567961188423595,0.016055894773255974,-0.02300103246529772,0.04141276214156164,-0.006100352339068471,-0.040000000000000036,2020-09-01,-0.0016047280768703986,51017.0,Train
2020-09-01,51017,51533,51708,50966,1490,51099.0,51050.0,-0.0016047280768703986,51087.57142857143,52654.03333333333,0.012557214541851129,0.015982662064258614,-0.019752137573253892,0.029419479811941374,-0.001542211572796992,-0.050000000000000044,2020-09-02,-0.00862457612168488,50577.0,Train
2020-09-02,50577,51035,51160,50500,100,51017.0,51099.0,-0.00862457612168488,50972.142857142855,52669.433333333334,0.012109624201076407,0.01595972375793721,-0.01572443320035033,0.009218796767434867,-0.0016404828669316363,0.0,2020-09-03,0.003776420111908596,50768.0,Train
2020-09-03,50768,50755,51022,50502,350,50577.0,51017.0,0.003776420111908596,50948.142857142855,52669.63333333333,0.01190533341896356,0.015799770466617746,-0.0032982566357782073,0.00011819865253537287,0.003995026334985052,0.010000000000000009,2020-09-04,-0.0007878978884336973,50728.0,Train
2020-09-04,50728,50980,50980,50501,140,50768.0,50577.0,-0.0007878978884336973,50820.857142857145,52656.566666666666,0.010253331097208713,0.015746010471504448,-0.01726108603421217,-0.007668231611893561,0.00032836222231424905,0.050000000000000044,2020-09-07,0.008299164169689233,51149.0,Train
2020-09-07,51149,50855,51284,50789,21050,50728.0,50768.0,0.008299164169689233,50912.57142857143,52620.63333333333,0.006505490669501586,0.015290929795763051,0.01271110935117914,-0.020640664790242624,-0.00029120734738541376,0.040000000000000036,2020-09-08,0.0055524057166318475,51433.0,Train
2020-09-08,51433,51000,51498,50714,44490,51149.0,50728.0,0.0055524057166318475,50967.28571428572,52577.36666666667,0.005541952907618909,0.01521450539057815,0.0075024485798236284,-0.02461550131801027,-0.00029120734738541376,0.040000000000000036,2020-09-09,0.0010304668209126788,51486.0,Train
2020-09-09,51486,51250,51536,50968,33440,51433.0,51149.0,0.0010304668209126788,51022.57142857143,52520.0,0.005541758761718948,0.015107590232244584,0.007573533728644444,-0.032345368090664794,0.0036807954861777237,-0.010000000000000009,2020-09-10,0.00672027347240034,51832.0,Train
2020-09-10,51832,51426,51889,51315,33930,51486.0,51433.0,0.00672027347240034,51139.0,52481.53333333333,0.005755828691544997,0.015159255047038795,0.01597506713448449,-0.021779337938323318,-0.0028567307048319446,-0.010000000000000009,2020-09-11,-0.008469671245562638,51393.0,Train
2020-09-11,51393,51557,51739,51305,29230,51832.0,51486.0,-0.008469671245562638,51255.57142857143,52408.566666666666,0.0057070034493762415,0.015054000454866217,0.016133815766059767,-0.04085327162106678,-0.0021398598628594723,-0.010000000000000009,2020-09-14,0.007121592434767399,51759.0,Train
2020-09-14,51759,51540,51885,51403,28810,51393.0,51832.0,0.007121592434767399,51397.142857142855,52336.3,0.005984263329577469,0.015066581538941616,0.019520170185943986,-0.04020249596676995,0.0017776918655927343,0.030000000000000027,2020-09-15,0.0011398983751618186,51818.0,Train
2020-09-15,51818,51880,52199,51620,35290,51759.0,51393.0,0.0011398983751618186,51552.857142857145,52237.433333333334,0.005835153254880067,0.014724502042479992,0.02148714713767541,-0.054139894859813076,-0.003823007995754968,0.010000000000000009,2020-09-16,0.0011193021729900554,51876.0,Train
2020-09-16,51876,51849,52135,51812,33870,51818.0,51759.0,0.0011193021729900554,51656.71428571428,52113.4,0.005372679847679053,0.014401066003748684,0.014213376605603179,-0.06692807165854275,-0.00044966050631767285,-0.020000000000000018,2020-09-17,-0.007286606523247752,51498.0,Train
2020-09-17,51498,51750,51750,51257,34620,51876.0,51818.0,-0.007286606523247752,51666.0,51959.433333333334,0.006110823701154241,0.014260340637819087,0.0012637800633834573,-0.08231017338774349,-0.002051201306678352,0.0,2020-09-18,0.005165249135888672,51764.0,Train
2020-09-18,51764,51598,51889,51515,26220,51498.0,51876.0,0.005165249135888672,51705.71428571428,51850.96666666667,0.006397967223956912,0.013966274933822768,0.005399526084760797,-0.05914428005380057,0.0007411985918093222,0.020000000000000018,2020-09-21,-0.024186693454910757,50512.0,Train
2020-09-21,50512,51734,51734,49872,53200,51764.0,51498.0,-0.024186693454910757,51517.142857142855,51693.26666666667,0.010782947643607545,0.014490070149452843,-0.025466893039049254,-0.08563980956863315,-0.0017299149682256099,0.0,2020-09-22,-0.0011482420019005568,50454.0,Train
2020-09-22,50454,50637,50750,50190,36990,50512.0,51764.0,-0.0011482420019005568,51383.0,51636.933333333334,0.01058838596528768,0.010436585958770945,-0.01827097075477202,-0.032410248542497744,0.009879425023537891,0.030000000000000027,2020-09-23,-0.017401989931422723,49576.0,Train
2020-09-23,49576,50350,50470,49510,42440,50454.0,50512.0,-0.017401989931422723,51071.142857142855,51539.3,0.010895184214306674,0.010736810770176559,-0.04217623988098684,-0.055785163317779274,0.0014246678925571299,0.0,2020-09-24,0.007725512344682883,49959.0,Train
2020-09-24,49959,49500,50038,49292,41420,49576.0,50454.0,0.007725512344682883,50805.57142857143,51433.0,0.01186432503659363,0.010562363843591825,-0.03587556447566487,-0.06000225784601487,0.00608183361105441,0.019999999999999907,2020-09-25,-0.008406893652795344,49539.0,Train
2020-09-25,49539,49890,49922,49330,31360,49959.0,49576.0,-0.008406893652795344,50471.71428571428,51335.933333333334,0.011568720981242928,0.010425736315465348,-0.04504973398103174,-0.05551848391832381,0.0025133771020855455,0.010000000000000009,2020-09-28,0.007852399119885334,49928.0,Train
2020-09-28,49928,49499,50005,49212,8940,49539.0,49959.0,0.007852399119885334,50247.42857142857,51219.03333333333,0.012752873204168807,0.009856871360724787,-0.030486620839644263,-0.06563114063815856,0.00272741270960708,-0.010000000000000009,2020-09-29,0.013599583400096149,50607.0,Train
2020-09-29,50607,50096,50650,49925,470,49928.0,49539.0,0.013599583400096149,50082.142857142855,51114.666666666664,0.014125513285515277,0.010176668768151355,-0.022351441156015728,-0.058264170605530574,-0.0021218669374782895,-0.019999999999999907,2020-09-30,-0.0074100420890390595,50232.0,Train
2020-09-30,50232,50455,50500,50070,310,50607.0,49928.0,-0.0074100420890390595,50042.142857142855,51028.26666666667,0.011046697473116028,0.009831919027807366,-0.005543237250554278,-0.049068605179463876,-0.0007804941088849215,-0.040000000000000036,2020-10-01,0.002249562032170749,50345.0,Train
2020-10-01,50345,50299,50465,50169,110,50232.0,50607.0,0.002249562032170749,50026.57142857143,50963.03333333333,0.011100360837428262,0.0097297163084169,-0.002160383715860026,-0.03741730717754577,-0.004935078195463127,0.040000000000000036,2020-10-05,0.009216406793127518,50809.0,Train
2020-10-05,50809,50001,50871,50001,140,50345.0,50232.0,0.009216406793127518,50202.71428571428,50921.833333333336,0.008503222159949097,0.009885720919497078,0.024870905276746846,-0.023748679027764452,8.053274984209935e-05,0.010000000000000009,2020-10-06,-0.0037788580763250534,50617.0,Train
2020-10-06,50617,50637,51058,50527,29170,50809.0,50345.0,-0.0037788580763250534,50296.71428571428,50896.23333333333,0.008671040002783726,0.009646032403539477,0.013170800056045984,-0.014945995913204224,-0.0047579029247311055,0.039999999999999925,2020-10-07,-0.009562004860027229,50133.0,Train
2020-10-07,50133,50346,50437,49910,34580,50617.0,50809.0,-0.009562004860027229,50381.57142857143,50869.46666666667,0.008907710218385035,0.009671567153501046,0.011990552897716888,-0.01576488141982091,0.0007867326236672412,0.0,2020-10-08,0.0021143757604771274,50239.0,Train
2020-10-08,50239,50115,50470,50000,29790,50133.0,50617.0,0.0021143757604771274,50426.0,50823.46666666667,0.008506250120061351,0.009325751229129469,0.00622896971639153,-0.026734342005850564,0.000658822153281946,0.0,2020-10-09,0.01259977308465543,50872.0,Train
2020-10-09,50872,50400,50988,50400,30470,50239.0,50133.0,0.01259977308465543,50463.857142857145,50835.63333333333,0.008262738368571713,0.008782238696537114,0.005236429742921045,0.007226721048567475,-0.00153853162198192,-0.039999999999999925,2020-10-12,0.0057792105676992556,51166.0,Train
2020-10-12,51166,51000,51238,50984,21900,50872.0,50239.0,0.0057792105676992556,50597.28571428572,50839.5,0.0075588523655199386,0.008623253969716246,0.0185937251154642,0.0022722820763956264,-0.007661469779805974,0.0,2020-10-13,-0.01680803658679597,50306.0,Train
2020-10-13,50306,50980,51131,50231,33720,51166.0,50872.0,-0.01680803658679597,50591.71428571428,50813.066666666666,0.010565356489608092,0.00915666762211435,-0.0007746548813188925,-0.015518894694612428,-0.007661469779805974,0.0,2020-10-14,0.006122530115691971,50614.0,Train
2020-10-14,50614,50333,50771,50326,25030,50306.0,51166.0,0.006122530115691971,50563.857142857145,50799.63333333333,0.010169793098449453,0.009232323054943934,-0.0038379027337676064,-0.007899327675088719,0.005508533021269857,-0.020000000000000018,2020-10-15,0.003180938080373119,50775.0,Train
2020-10-15,50775,50480,50849,50356,28690,50614.0,50306.0,0.003180938080373119,50586.42857142857,50806.23333333333,0.01013650467738358,0.009112686240469398,0.003121480925380782,0.003914822943235086,-0.00192820852604636,0.0,2020-10-16,-0.0033481043820777767,50605.0,Train
2020-10-16,50605,50666,50860,50521,20350,50775.0,50614.0,-0.0033481043820777767,50653.857142857145,50800.8,0.009351205198254489,0.009108309782484086,0.009414956216464265,-0.0032106838953671613,0.0035371242453789975,0.010000000000000009,2020-10-19,0.0028850904060864213,50751.0,Train
2020-10-19,50751,50609,50970,50271,21200,50605.0,50775.0,0.0028850904060864213,50727.0,50801.566666666666,0.009365856580507169,0.00912295791551939,0.01019128565457117,0.00045339851758408045,-0.002829545102173703,0.0,2020-10-20,0.003664952414730749,50937.0,Train
2020-10-20,50937,50688,50980,50551,23660,50751.0,50605.0,0.003664952414730749,50736.28571428572,50794.5,0.008125751929713593,0.009017181393389407,0.001277716622110292,-0.0041447535631194965,-0.003151132567836168,0.019999999999999907,2020-10-21,0.007381667550110826,51313.0,Train
2020-10-21,51313,51000,51398,50967,26660,50937.0,50751.0,0.007381667550110826,50757.28571428572,50790.5,0.008328804680147791,0.009062783728622386,0.0028730016026268235,-0.0023331324247078955,-0.0013396520544074475,0.020000000000000018,2020-10-22,-0.011147272620973259,50741.0,Train
2020-10-22,50741,51170,51186,50563,22820,51313.0,50937.0,-0.011147272620973259,50819.42857142857,50765.666666666664,0.006434384868735129,0.009283318043737887,0.008647079871188401,-0.014469952996931212,-0.002930189980780762,0.0,2020-10-23,0.0015569263514711995,50820.0,Train
2020-10-23,50820,50801,51040,50659,22780,50741.0,51313.0,0.0015569263514711995,50848.857142857145,50731.933333333334,0.006079602272918252,0.009193343518322041,0.0040700201525269986,-0.019524617996604432,0.0017839924532767615,0.020000000000000018,2020-10-26,0.0026170798898070835,50953.0,Train
2020-10-26,50953,50686,51100,50531,24720,50820.0,50741.0,0.0026170798898070835,50874.28571428572,50717.26666666667,0.0060432769319374606,0.00908899377644695,0.0035056622353519806,-0.008561477243982596,-0.0008964885793261157,-0.010000000000000009,2020-10-27,0.0006084038231310984,50984.0,Train
2020-10-27,50984,50999,51111,50766,20580,50953.0,50820.0,0.0006084038231310984,50928.42857142857,50691.433333333334,0.00580186765343373,0.008984111357496133,0.007489378519909051,-0.014973241368650858,0.002322354246404368,-0.010000000000000009,2020-10-28,-0.009826612270516288,50483.0,Train
2020-10-28,50483,50915,51049,50306,27040,50984.0,50953.0,-0.009826612270516288,50890.142857142855,50646.933333333334,0.00700722018110602,0.00913840131160845,-0.0052806841244507075,-0.025763248292099306,-0.002312636136284296,-0.010000000000000009,2020-10-29,-0.004100390230374562,50276.0,Train
2020-10-29,50276,50444,50610,50122,21880,50483.0,50984.0,-0.004100390230374562,50795.71428571428,50593.6,0.006806357767945843,0.00914970902928019,-0.012976814496338585,-0.03084277893438203,0.006861827044049917,0.010000000000000009,2020-10-30,0.007259925212825147,50641.0,Train
2020-10-30,50641,50370,50790,50197,4860,50276.0,50483.0,0.007259925212825147,50699.71428571428,50565.03333333333,0.006778954629050384,0.009190585405910607,-0.013096096505758825,-0.01664142296788229,0.004357426406902176,0.050000000000000044,2020-11-02,0.007721016567603378,51032.0,Train
2020-11-02,51032,50715,51068,50582,700,50641.0,50276.0,0.007721016567603378,50741.28571428572,50540.63333333333,0.006197758500996235,0.009256692324667911,0.005735007193393926,-0.014141101924117105,-0.0014745470819014228,0.040000000000000036,2020-11-03,0.00934707634425469,51509.0,Train
2020-11-03,51509,51029,51572,50737,320,51032.0,50641.0,0.00934707634425469,50839.71428571428,50573.86666666667,0.006997110021594972,0.008260483212090268,0.013557654466745284,0.019737884067152267,0.0008670913433801442,-0.020000000000000018,2020-11-04,-0.013201576423537587,50829.0,Train
2020-11-04,50829,51375,51455,50790,930,51509.0,51032.0,-0.013201576423537587,50822.0,50586.36666666667,0.009009524808914461,0.008637249992039095,-0.0024336152925245047,0.007432512783922096,-0.006503143171527559,0.020000000000000018,2020-11-05,0.021090322453717336,51901.0,Train
2020-11-05,51901,51115,52079,51035,380,50829.0,51509.0,0.021090322453717336,50953.0,50663.86666666667,0.012140561255012764,0.008777432005315824,0.01798603483445782,0.04689769243182185,-0.002706091607046046,-0.040000000000000036,2020-11-06,0.005568293481821085,52190.0,Train
2020-11-06,52190,51900,52490,51762,36600,51901.0,50829.0,0.005568293481821085,51196.857142857145,50738.23333333333,0.010835874288258938,0.008733960930439502,0.0338133629142483,0.04465661842711022,-0.006183157256765548,-0.010000000000000009,2020-11-09,-0.04589001724468289,49795.0,Train
2020-11-09,49795,52300,52530,49526,68550,52190.0,51901.0,-0.04589001724468289,51128.142857142855,50746.76666666667,0.022159599141970236,0.012194655497429197,-0.009567189116079233,0.005167645693292089,-0.004051352664264596,0.050000000000000044,2020-11-10,0.01538307058941668,50561.0,Train
2020-11-10,50561,50150,50665,50150,36310,49795.0,52190.0,0.01538307058941668,51116.71428571428,50767.86666666667,0.022875036039391432,0.01243185709876184,-0.0015797476353152096,0.012678256689633072,0.0008562011862245367,0.04999999999999993,2020-11-11,-0.006546547734419761,50230.0,Train
2020-11-11,50230,50542,50580,50010,31070,50561.0,49795.0,-0.006546547734419761,51002.142857142855,50755.3,0.022707709711677005,0.012242290662028664,-0.01571562940899829,-0.007449562313513902,-0.00012095766919828499,-0.010000000000000009,2020-11-12,0.008401353772645725,50652.0,Train
2020-11-12,50652,50352,50847,50272,27720,50230.0,50561.0,0.008401353772645725,50879.71428571428,50769.3,0.022631384355150202,0.01226044309852594,-0.016637869110252557,0.008361204013378032,-0.00012095766919828499,-0.010000000000000009,2020-11-13,0.006001737345020963,50956.0,Train
2020-11-13,50956,50636,51161,50636,23840,50652.0,50230.0,0.006001737345020963,50897.857142857145,50789.666666666664,0.02223175623129465,0.012299551919233778,0.002498573648901159,0.012136259807329353,0.0018286103000024756,-0.04999999999999993,2020-11-14,-0.00021587251746602032,50945.0,Train
2020-11-14,50945,50961,51125,50901,2260,50956.0,50652.0,-0.00021587251746602032,50761.28571428572,50794.2,0.02033183127769621,0.012188484492616265,-0.01841968362844648,0.0026766911373969915,-0.00039025482940358014,0.0,2020-11-16,-0.0014721758759446146,50870.0,Train
2020-11-16,50870,50948,51080,50111,22590,50945.0,50956.0,-0.0014721758759446146,50572.71428571428,50802.63333333333,0.02003989537529337,0.012170028928917406,-0.02529220157118217,0.0049983207222870085,-0.00039025482940358014,0.0,2020-11-17,-0.0012581089050520688,50806.0,Train
2020-11-17,50806,50880,51038,50727,21980,50870.0,50945.0,-0.0012581089050520688,50717.142857142855,50825.066666666666,0.0074281495038967535,0.012033092822393489,0.02030324329751987,0.013424291384916076,-0.0035758147123986506,0.019999999999999907,2020-11-18,-0.008443884580561334,50377.0,Train
2020-11-18,50377,50680,50690,50108,30920,50806.0,50870.0,-0.008443884580561334,50690.857142857145,50829.666666666664,0.0060933454465823605,0.012138660768379928,-0.003639168529103509,0.0027468699615835757,-0.0013107127044253986,-0.019999999999999907,2020-11-19,-0.0062330031562022326,50063.0,Train
2020-11-19,50063,50242,50265,49830,31010,50377.0,50806.0,-0.0062330031562022326,50667.0,50802.7,0.006042470448043259,0.01195898829566527,-0.0033247063507864105,-0.01590265765057397,-0.001952815749195147,0.010000000000000009,2020-11-20,0.004314563649801206,50279.0,Train
2020-11-20,50279,50100,50491,50001,25040,50063.0,50377.0,0.004314563649801206,50613.71428571428,50773.13333333333,0.005179376358704468,0.011935588511853935,-0.007363973781884248,-0.01733573075870698,0.0020624008461131993,-0.020000000000000018,2020-11-23,-0.014399649953260818,49555.0,Train
2020-11-23,49555,50323,50400,49385,34510,50279.0,50063.0,-0.014399649953260818,50413.57142857143,50748.1,0.0061945461747168655,0.011829837887373353,-0.027494308815448676,-0.014928636743132051,-0.0018030854750470393,-0.020000000000000018,2020-11-24,-0.01759660982746447,48683.0,Train
2020-11-24,48683,49429,49429,48621,35190,49555.0,50279.0,-0.01759660982746447,50090.42857142857,50683.73333333333,0.007736022570149901,0.012164514098700991,-0.04440082441849058,-0.038151499585095006,0.0023420772057203276,0.010000000000000009,2020-11-25,-0.0023622208984656057,48568.0,Train
2020-11-25,48568,48614,48981,48486,27980,48683.0,49555.0,-0.0023622208984656057,49761.57142857143,50610.166666666664,0.00764754702755615,0.012137378701011422,-0.04525260467859249,-0.04346627277203352,-0.002841198788974153,-0.010000000000000009,2020-11-26,0.0005971009718332976,48597.0,Train
2020-11-26,48597,48600,48840,48495,19380,48568.0,48683.0,0.0005971009718332976,49446.0,50543.23333333333,0.007890536947380613,0.012137006167621376,-0.043479116639767,-0.03967987353028357,-0.0021978002602449642,-0.010000000000000009,2020-11-27,-0.008395579974072476,48189.0,Train
2020-11-27,48189,48587,48668,47879,23050,48597.0,48568.0,-0.008395579974072476,49133.42857142857,50457.833333333336,0.007888373808447709,0.012178303278714192,-0.04343251880818633,-0.050481763906129906,-0.0021978002602449642,-0.010000000000000009,2020-11-30,-0.00603872253003801,47898.0,Train
2020-11-30,47898,47889,48075,47526,2040,48189.0,48597.0,-0.00603872253003801,48824.142857142855,50356.53333333333,0.007888976144937176,0.012161053325911296,-0.04324551065657267,-0.05966193533188058,-0.0021978002602449642,-0.040000000000000036,2020-12-01,0.015512129942795161,48641.0,Train
2020-12-01,48641,48200,48937,47809,360,47898.0,48189.0,0.015512129942795161,48590.142857142855,50267.46666666667,0.010938488907444593,0.012463616607483236,-0.03257821356828894,-0.05207257420146938,0.00038256865251895533,-0.020000000000000018,2020-12-02,0.00653769453753017,48959.0,Train
2020-12-02,48959,48630,49080,48377,380,48641.0,47898.0,0.00653769453753017,48505.0,50208.066666666666,0.010694128976367033,0.012419769794230318,-0.012027040661890864,-0.03511952858635026,-0.0037032261255405263,0.040000000000000036,2020-12-03,0.0020833758859453155,49061.0,Train
2020-12-03,49061,49210,49334,48881,650,48959.0,48641.0,0.0020833758859453155,48559.0,50149.433333333334,0.00807882532143517,0.012424047110017709,0.007764517387999881,-0.034612357339630084,-0.0017268539079819956,-0.010000000000000009,2020-12-04,0.005319907869794749,49322.0,Train
2020-12-04,49322,49054,49606,47651,110,49061.0,48959.0,0.005319907869794749,48666.71428571428,50095.066666666666,0.008046544948369594,0.012461658816447731,0.015524625267665959,-0.03200989146860833,-0.005220603579563443,-0.039999999999999925,2020-12-07,0.01218523174242736,49923.0,Train
2020-12-07,49923,49376,49991,48867,31170,49322.0,49061.0,0.01218523174242736,48856.142857142855,50059.7,0.00881020712698256,0.012690578347565828,0.027285634915735546,-0.02081045033736073,-0.002194180511963628,0.019999999999999907,2020-12-08,0.0025238867856498537,50049.0,Train
2020-12-08,50049,50100,50122,49710,26650,49923.0,49322.0,0.0025238867856498537,49121.857142857145,50045.23333333333,0.007067493079003405,0.012581538612868162,0.03859802029508819,-0.008596953429867438,0.0005430416415423966,-0.019999999999999907,2020-12-09,-0.015844472417031352,49256.0,Train
2020-12-09,49256,49961,49961,49124,32650,50049.0,49923.0,-0.015844472417031352,49315.857142857145,50011.23333333333,0.01006106542236832,0.012885779970005362,0.028351914484947116,-0.020288010183785454,0.00022711320341395336,-0.030000000000000027,2020-12-10,-0.003552866655838871,49081.0,Train
2020-12-10,49081,49256,49470,48968,27640,49256.0,50049.0,-0.003552866655838871,49378.71428571428,49959.23333333333,0.008959844360213872,0.012809294728100669,0.009045866655702062,-0.030805078888647586,0.001489309777327641,0.010000000000000009,2020-12-11,0.004584258674436237,49306.0,Train
2020-12-11,49306,49102,49395,48903,26230,49081.0,49256.0,0.004584258674436237,49428.28571428572,49901.7,0.008799298308538152,0.012748631020856641,0.007087563062970981,-0.03382191566076187,-0.0004614814715635518,0.0,2020-12-14,-0.007909787855433392,48916.0,Train
2020-12-14,48916,49255,49255,48659,29840,49306.0,49081.0,-0.007909787855433392,49407.57142857143,49815.26666666667,0.009392949063048588,0.01265150163097442,-0.002955504372108231,-0.05034071715622512,0.001454739647147374,-0.010000000000000009,2020-12-15,0.010221604383023886,49416.0,Train
2020-12-15,49416,48989,49522,48984,28740,48916.0,49306.0,0.010221604383023886,49421.0,49768.166666666664,0.010048922312439128,0.012636270421105976,0.0019058432342564657,-0.0277990910700584,0.00025949312343231945,-0.010000000000000009,2020-12-16,0.002590254168690409,49544.0,Train
2020-12-16,49544,49500,49784,49422,30230,49416.0,48916.0,0.002590254168690409,49366.857142857145,49689.6,0.008727497746499696,0.011961461972235087,-0.007591691204454909,-0.045413383171807875,-0.00276988307117354,-0.010000000000000009,2020-12-17,0.014512352656224747,50263.0,Train
2020-12-17,50263,49649,50425,49649,35230,49544.0,49416.0,0.014512352656224747,49397.42857142857,49625.36666666667,0.010535849191961945,0.012251097405506178,0.0042758097064876655,-0.036922782142172816,-0.0012908981844286238,-0.010000000000000009,2020-12-18,-0.003242942124425552,50100.0,Train
2020-12-18,50100,50110,50283,49885,25050,50263.0,49544.0,-0.003242942124425552,49518.0,49635.53333333333,0.008023317277072606,0.008900234336646138,0.017134968328731626,0.006125112963148993,-0.004413882739847663,0.0,2020-12-21,0.0009181636726547371,50146.0,Train
2020-12-21,50146,50199,50716,49465,39390,50100.0,50263.0,0.0009181636726547371,49670.142857142855,49621.7,0.007633594202048025,0.008431136692082978,0.021698824392331062,-0.008207907280314841,0.0034570312148789473,0.0,2020-12-22,-0.007537989071910056,49768.0,Train
2020-12-22,49768,50224,50287,49667,24490,50146.0,50100.0,-0.007537989071910056,49736.142857142855,49606.3,0.008558731085351021,0.008458606437575157,0.009370056382590253,-0.009197690623133581,0.0029962251505504245,0.0,2020-12-23,0.0028331457964958506,49909.0,Train
2020-12-23,49909,49771,50020,49466,26910,49768.0,50146.0,0.0028331457964958506,49878.0,49581.53333333333,0.007518511175473976,0.008321677303097304,0.020300106304685483,-0.014668719892600435,0.0022618957223192737,-0.010000000000000009,2020-12-24,-0.0024444488969925793,49787.0,Train
2020-12-24,49787,50021,50049,49630,18140,49909.0,49768.0,-0.0024444488969925793,49931.0,49542.566666666666,0.006966435123360459,0.008238017175872648,0.007507689817063401,-0.02294136117434653,-0.0019073984778247288,0.0,2020-12-28,-0.0005222246771245942,49761.0,Train
2020-12-28,49761,49900,50318,49711,25620,49787.0,49909.0,-0.0005222246771245942,49962.0,49503.1,0.006954022600853243,0.008237534304871657,0.0043799450993056155,-0.0232407498282462,-0.0019073984778247288,-0.020000000000000018,2020-12-29,-0.0007837463073491202,49722.0,Train
2020-12-29,49722,49820,49899,49600,13260,49761.0,49787.0,-0.0007837463073491202,49884.71428571428,49464.833333333336,0.003328379777193575,0.008236413972855877,-0.010763384597019643,-0.02256732848437193,-4.91156065286491e-05,0.0,2020-12-30,0.0031977796548812165,49881.0,Train
2020-12-30,49881,49840,49950,49599,3650,49722.0,49761.0,0.0031977796548812165,49853.42857142857,49434.0,0.003653518036235789,0.008266641806145012,-0.004371257485029978,-0.018206511042002882,-0.004090191399524157,0.010000000000000009,2020-12-31,0.0040095427116537685,50081.0,Train
2020-12-31,50081,49940,50139,49778,390,49881.0,49722.0,0.0040095427116537685,49844.142857142855,49424.13333333333,0.004037120460353178,0.008170210643472856,-0.001296215052048022,-0.005875697242789357,-0.0018723569099654558,-0.010000000000000009,2021-01-01,0.0,50081.0,Train
2021-01-01,50081,50123,50202,50003,50,50081.0,49881.0,0.0,49888.857142857145,49424.73333333333,0.0024337607669585606,0.008089410621424924,0.006289181803568633,0.0003595469708168597,7.636440735825367e-05,-0.030000000000000027,2021-01-04,0.02531898324713966,51349.0,Train
2021-01-04,51349,50715,51493,50654,150,50081.0,50081.0,0.02531898324713966,50094.57142857143,49460.4,0.00962568059738103,0.009291474802895933,0.02885251157105939,0.021281250621531855,7.636440735825367e-05,-0.030000000000000027,2021-01-05,0.002083779625698723,51456.0,Train
2021-01-05,51456,51334,51549,51202,150,51349.0,50081.0,0.002083779625698723,50333.0,49523.76666666667,0.0092568015607013,0.008841571355695825,0.033522807158495205,0.03836141660780945,-0.0009827797935444416,-0.020000000000000018,2021-01-06,-0.017704446517412986,50545.0,Train
2021-01-06,50545,51564,51857,50468,47140,51456.0,51349.0,-0.017704446517412986,50445.0,49585.833333333336,0.01257395581391625,0.008849534214748935,0.01575531038363387,0.03824743750385151,-0.002248949036710579,0.010000000000000009,2021-01-07,0.007379562765852166,50918.0,Train
2021-01-07,50918,50632,51045,50632,28490,50545.0,51456.0,0.007379562765852166,50615.857142857145,49664.166666666664,0.012618423364030348,0.008889553584075357,0.024053738787659373,0.048385768407181784,-0.0009661365533079058,0.050000000000000044,2021-01-08,-0.03698102832004402,49035.0,Train
2021-01-08,49035,50818,50824,48855,58390,50918.0,50545.0,-0.03698102832004402,50495.0,49678.76666666667,0.01983634978331185,0.011345971798771852,-0.016960365670295352,0.009012902030989478,0.004095617328611079,0.010000000000000009,2021-01-11,0.007158152340165147,49386.0,Train
2021-01-11,49386,48835,49435,48578,34630,49035.0,50918.0,0.007158152340165147,50395.71428571428,49718.666666666664,0.020037169758980265,0.011287216720051004,-0.013877518420159385,0.02483969370603245,-0.0001751955451815279,0.07999999999999996,2021-01-12,-0.005831612197788827,49098.0,Train
2021-01-12,49098,49333,49620,49000,28650,49386.0,49035.0,-0.005831612197788827,50255.28571428572,49758.666666666664,0.02007005686551943,0.01128290141493935,-0.01962820231225415,0.025053238131028444,0.004861405026926446,0.020000000000000018,2021-01-13,0.005214061672573322,49354.0,Train
2021-01-13,49354,49248,49497,49210,21700,49098.0,49386.0,0.005214061672573322,49970.28571428572,49782.433333333334,0.01652536286313892,0.010975064225096226,-0.03885177900251224,0.014658415739807973,-0.0024645497412491,-0.020000000000000018,2021-01-14,-0.0023503667382582805,49238.0,Train
2021-01-14,49238,49321,49321,48807,29610,49354.0,49098.0,-0.0023503667382582805,49653.42857142857,49791.73333333333,0.01626803304102866,0.0109275458175065,-0.04310478855721389,0.00569864580567403,-0.001684444926539741,-0.029999999999999916,2021-01-15,-0.010012591900564582,48745.0,Train
2021-01-15,48745,49277,49328,48600,30090,49238.0,49354.0,-0.010012591900564582,49396.28571428572,49781.2,0.015604486656712838,0.01107957260463821,-0.035611831041646,-0.006440961252318522,-0.0018453299234389986,0.020000000000000018,2021-01-18,0.0035490819571237786,48918.0,Train
2021-01-18,48918,48701,49000,48588,17920,48745.0,49238.0,0.0035490819571237786,49110.57142857143,49767.73333333333,0.015156260129284648,0.011054083214131047,-0.03927884048862873,-0.00819107092169824,0.0031837936894492103,-0.050000000000000044,2021-01-19,0.0019011406844107182,49011.0,Train
2021-01-19,49011,48918,49082,48775,23140,48918.0,48745.0,0.0019011406844107182,49107.142857142855,49737.333333333336,0.006250333864157132,0.010813121916342485,-0.0004894463138575,-0.018268132924704084,0.0031837936894492103,-0.050000000000000044,2021-01-20,0.010548652343351561,49528.0,Train
2021-01-20,49528,49097,49614,48836,36370,49011.0,48918.0,0.010548652343351561,49127.42857142857,49719.96666666667,0.006989912262438042,0.010989789122190266,0.002875308791965292,-0.010409798397570391,-0.0005192331491356006,-0.010000000000000009,2021-01-21,-0.0022209659182684804,49418.0,Train
2021-01-21,49418,49600,49743,49315,23310,49528.0,49011.0,-0.0022209659182684804,49173.142857142855,49725.36666666667,0.006571428663669072,0.010599425857314866,0.006517577090716431,0.0032889394185480203,-0.0005192331491356006,-0.020000000000000018,2021-01-22,-0.005807600469464602,49131.0,Train
2021-01-22,49131,49397,49397,48711,30380,49418.0,49528.0,-0.005807600469464602,49141.28571428572,49727.03333333333,0.006697823477820766,0.010634626765590112,-0.004518377436479315,0.0010187241498746946,-0.0022915550722413247,0.040000000000000036,2021-01-25,0.0002645987258553806,49144.0,Train
2021-01-25,49144,49137,49321,48936,24630,49131.0,49418.0,0.0002645987258553806,49127.857142857145,49721.63333333333,0.006658526551192288,0.010600853949919649,-0.0019090946017303878,-0.0032856041861031304,0.0031862284425969722,-0.010000000000000009,2021-01-27,-0.0053923164577568405,48879.0,Train
2021-01-27,48879,48919,48985,48554,25140,49144.0,49131.0,-0.0053923164577568405,49147.0,49720.4,0.005688263577432816,0.010546355545292705,0.002748999897425275,-0.0007563987243437431,-0.001880794796705998,0.0,2021-01-28,-0.004234947523476307,48672.0,Train
2021-01-28,48672,48699,49248,48568,28330,48879.0,49144.0,-0.004234947523476307,49111.857142857145,49695.6,0.005732116034660527,0.01039374337606024,-0.0050288237458604446,-0.015055852355512434,0.0037704688994528723,-0.010000000000000009,2021-01-29,0.009019559500328622,49111.0,Train
2021-01-29,49111,48672,49490,48672,27930,48672.0,48879.0,0.009019559500328622,49126.142857142855,49681.166666666664,0.006803090814377493,0.010524120724553089,0.002040358286915289,-0.008739706119812674,-0.0006450853065091966,-0.020000000000000018,2021-02-01,-0.013988719431491936,48424.0,Train
2021-02-01,48424,49298,49438,47425,3140,49111.0,48672.0,-0.013988719431491936,48968.42857142857,49619.86666666667,0.006968414182765033,0.010432629952798988,-0.022290421579712505,-0.036587549489684235,-0.0004892599407709808,0.040000000000000036,2021-02-02,-0.013877416157277334,47752.0,Train
2021-02-02,47752,48344,48344,47531,380,48424.0,49111.0,-0.013877416157277334,48730.42857142857,49541.6,0.008011689306580742,0.010682515570694995,-0.033712412481282095,-0.04686626746506983,0.00417861012531362,0.0,2021-02-03,-0.0010261350309934691,47703.0,Train
2021-02-03,47703,47890,47925,47639,190,47752.0,48424.0,-0.0010261350309934691,48526.42857142857,49460.166666666664,0.008120480218753378,0.010672961801740277,-0.029065152347804823,-0.048717744186974055,-0.0011804064974839656,-0.010000000000000009,2021-02-04,-0.021130746493931207,46695.0,Train
2021-02-04,46695,47050,47575,46501,140,47703.0,47752.0,-0.021130746493931207,48176.57142857143,49357.73333333333,0.00998317473148784,0.011208473907734018,-0.049833143415269454,-0.06174650377752777,-0.00026272150985606757,-0.010000000000000009,2021-02-05,0.0060606060606061,46978.0,Train
2021-02-05,46978,46602,47100,46601,30,46695.0,47703.0,0.0060606060606061,47905.0,49260.03333333333,0.011199517183721855,0.011272376385369128,-0.03889195769144216,-0.05872688292692696,0.004366777216860962,0.020000000000000018,2021-02-08,0.015922346630337536,47726.0,Train
2021-02-08,47726,47147,47828,47064,29170,46978.0,46695.0,0.015922346630337536,47769.857142857145,49191.333333333336,0.013878941311535858,0.011734103523547321,-0.019436226166995363,-0.04139634844437301,-0.004514536541581182,0.0,2021-02-09,0.001927670452164465,47818.0,Train
2021-02-09,47818,47850,48061,47651,27330,47726.0,46978.0,0.001927670452164465,47585.142857142855,49126.566666666666,0.013117343306981047,0.011748516080564032,-0.02632811386451106,-0.039046642953316835,-0.0017382720097222082,-0.010000000000000009,2021-02-10,0.0009410682169894713,47863.0,Train
2021-02-10,47863,47930,48136,47711,27630,47818.0,47726.0,0.0009410682169894713,47505.0,49064.6,0.012363476365514341,0.011755143422161959,-0.01158516438129853,-0.03738787659386189,-0.0024570967523125375,-0.010000000000000009,2021-02-11,-0.010153981154545244,47377.0,Train
2021-02-11,47377,47742,47950,47333,24860,47863.0,47818.0,-0.010153981154545244,47451.42857142857,48981.13333333333,0.01181503182520162,0.011835297943065079,-0.007853074216786715,-0.05019947474990483,-0.0016471693470820892,-0.020000000000000018,2021-02-12,-0.004390315976106507,47169.0,Train
2021-02-12,47169,47670,47670,47012,30720,47377.0,47863.0,-0.004390315976106507,47375.142857142855,48884.066666666666,0.011881394786137488,0.011796155354342721,-0.011194264511665941,-0.058145803797847506,-0.0005036591464322449,0.020000000000000018,2021-02-15,-0.0010812185969598653,47118.0,Train
2021-02-15,47118,47200,47297,47064,15390,47169.0,47377.0,-0.0010812185969598653,47435.57142857143,48785.3,0.008228411158291102,0.011791715267534376,0.009058785737231068,-0.05916415407040598,-0.00034341398331516615,0.030000000000000027,2021-02-16,-0.007237149284774369,46777.0,Train
2021-02-16,46777,47118,47325,46600,37740,47118.0,47169.0,-0.007237149284774369,47406.857142857145,48632.9,0.008482118096684295,0.010635757411028558,-0.004278598492911567,-0.08903776120274987,-0.00034341398331516615,0.030000000000000027,2021-02-17,-0.013746071787416936,46134.0,Train
2021-02-17,46134,46700,46709,46088,34790,46777.0,47118.0,-0.013746071787416936,47179.42857142857,48455.5,0.005871581295357796,0.010764260157979317,-0.03335707999832371,-0.10342817164179108,0.0026818813352718074,0.07000000000000006,2021-02-18,-0.0019074868860277094,46046.0,Train
2021-02-18,46046,46244,46379,45955,28540,46134.0,46777.0,-0.0019074868860277094,46926.28571428572,48305.53333333333,0.005286827578366831,0.01043049838161577,-0.03705717512233886,-0.08900979325353642,0.002079831538118082,0.019999999999999907,2021-02-19,0.00106415323806619,46095.0,Train
2021-02-19,46095,45970,46359,45805,30680,46046.0,46134.0,0.00106415323806619,46673.71428571428,48144.76666666667,0.0053114551458339505,0.010275332465355405,-0.036938762718592644,-0.09472092383832831,0.0012488796683463033,0.050000000000000044,2021-02-22,0.014904002603319144,46782.0,Train
2021-02-22,46782,46297,46840,46125,30050,46095.0,46046.0,0.014904002603319144,46588.71428571428,48069.666666666664,0.008819771161482257,0.008640278228525968,-0.01255883656626633,-0.045946772713368,-0.004052235951580108,0.06999999999999995,2021-02-23,-0.003206361421059345,46632.0,Train
2021-02-23,46632,46890,46890,46430,22890,46782.0,46095.0,-0.003206361421059345,46512.0,47977.86666666667,0.00877238461507406,0.008486730415526776,-0.011384595815048026,-0.05576479164135584,0.001899632785405947,0.010000000000000009,2021-02-24,-0.005639903928632672,46369.0,Train
2021-02-24,46369,46580,46715,46160,21710,46632.0,46782.0,-0.005639903928632672,46405.0,47886.9,0.00889567387358532,0.008483720859607434,-0.015896260452481048,-0.05558271212676691,-0.00017780875283690545,0.0,2021-02-25,-0.006124781642907973,46085.0,Train
2021-02-25,46085,46321,46496,45976,24510,46369.0,46632.0,-0.006124781642907973,46306.142857142855,47777.933333333334,0.00880122691608028,0.0084095086179128,-0.01479359514291212,-0.06623576609798598,-0.001580902624798819,0.0,2021-02-26,-0.01119670174677223,45569.0,Train
2021-02-26,45569,45911,46516,45475,32960,46085.0,46369.0,-0.01119670174677223,46225.42857142857,47655.63333333333,0.008275751473727383,0.008566863903934104,-0.012246932847791214,-0.07451561801860351,0.0018268690275435873,0.19000000000000006,2021-03-01,-0.012025719238956345,45021.0,Train
2021-03-01,45021,46187,46188,44910,5190,45569.0,46085.0,-0.012025719238956345,46079.0,47531.5,0.009149513938917398,0.008635008881965067,-0.022260348347304837,-0.07639757923889634,0.008088430408495828,-0.10999999999999999,2021-03-02,0.0045090069078874695,45224.0,Train
2021-03-02,45224,44945,45431,44873,320,45021.0,45569.0,0.0045090069078874695,45954.57142857143,47408.36666666667,0.009501405097835007,0.00866035817765011,-0.018895758759084447,-0.07551412567970894,-0.0026969634124076602,0.0,2021-03-03,-0.011122412878117771,44721.0,Train
2021-03-03,44721,45267,45267,44472,30,45224.0,45021.0,-0.011122412878117771,45660.142857142855,47265.36666666667,0.005871080132243075,0.008754024140446315,-0.04405540592535595,-0.08753137050866133,7.020580966399237e-05,-0.07000000000000006,2021-03-04,-0.0031305203372017365,44581.0,Train
2021-03-04,44581,44686,44686,44370,10,44721.0,45224.0,-0.0031305203372017365,45367.142857142855,47100.46666666667,0.005878023883683603,0.008371236508650568,-0.04398267284268309,-0.09988289452430943,0.002021607653495572,0.040000000000000036,2021-03-05,-0.0031179201902156173,44442.0,Train
2021-03-05,44442,44279,44499,44188,50,44581.0,44721.0,-0.0031179201902156173,45091.857142857145,46934.6,0.006007536464342203,0.008368231705005415,-0.0415579374150834,-0.10069205552632643,-0.0005143590421216038,0.07999999999999996,2021-03-08,-0.004702758651725869,44233.0,Train
2021-03-08,44233,44720,44775,44163,29840,44442.0,44581.0,-0.004702758651725869,44827.28571428572,46771.333333333336,0.0060278006968071,0.008360141847839318,-0.04018661169577953,-0.09969265840304498,0.009272100206115796,0.0,2021-03-09,0.013813216376913129,44844.0,Train
2021-03-09,44844,44299,44918,44280,29790,44233.0,44442.0,0.013813216376913129,44723.71428571428,46628.0,0.008995739854858702,0.008915809854208144,-0.015909938774166688,-0.08749796516360087,0.004563568638586535,0.040000000000000036,2021-03-10,-0.0015609669075015153,44774.0,Train
2021-03-10,44774,44750,44920,44636,22090,44844.0,44233.0,-0.0015609669075015153,44688.42857142857,46491.166666666664,0.007904499875993743,0.008907931547443959,-0.0054863286022078794,-0.08398289654043656,-0.002973716130003301,-0.040000000000000036,2021-03-11,0.002278107830437248,44876.0,Train
2021-03-11,44876,44950,45135,44785,15840,44774.0,44844.0,0.002278107830437248,44638.71428571428,46364.63333333333,0.007699007082920058,0.008953057496225636,-0.007695029188041769,-0.07799145299145294,-0.002983463239941031,-0.06999999999999995,2021-03-12,-0.0030974240128354147,44737.0,Train
2021-03-12,44737,44740,44779,44310,32180,44876.0,44774.0,-0.0030974240128354147,44641.0,46218.833333333336,0.006450190506991242,0.00867684606088507,0.0003577737528230873,-0.08906354991753374,-0.005869452874024628,-0.010000000000000009,2021-03-15,0.003777633725998708,44906.0,Train
2021-03-15,44906,44860,45038,44763,21500,44737.0,44876.0,0.003777633725998708,44687.42857142857,46101.566666666666,0.006407440525493812,0.008510493692072662,0.007290101164173057,-0.07264992565669914,0.000934278179335335,0.12,2021-03-16,-0.001915111566383132,44820.0,Train
2021-03-16,44820,44962,45071,44775,18920,44906.0,44737.0,-0.001915111566383132,44741.42857142857,46003.833333333336,0.006291948639504584,0.008233609730864629,0.008505467800729027,-0.0614005696096499,0.0014677921804455707,-0.030000000000000027,2021-03-17,0.0006247211066487957,44848.0,Train
2021-03-17,44848,44902,45018,44750,18240,44820.0,44906.0,0.0006247211066487957,44829.28571428572,45908.666666666664,0.0057543056927970085,0.008246383384963423,0.013903646598693253,-0.059849485357315046,-0.0018455237435596183,-0.030000000000000027,2021-03-18,0.00209596860506589,44942.0,Train
2021-03-18,44942,45000,45300,44625,33560,44848.0,44820.0,0.00209596860506589,44843.28571428572,45850.23333333333,0.0025576254442210454,0.007441544375129387,0.0021853536705020993,-0.0375414926651676,0.0015488932493921137,0.010000000000000009,2021-03-19,0.001468559476658804,45008.0,Train
2021-03-19,45008,44946,45125,44818,18820,44942.0,44848.0,0.001468559476658804,44876.71428571428,45784.566666666666,0.0024409964068673588,0.007332456175583842,0.005226247375709203,-0.04193452254246666,-0.0033978767909550456,0.10999999999999999,2021-03-22,-0.0027328474937788894,44885.0,Train
2021-03-22,44885,44922,45019,44632,20260,45008.0,44942.0,-0.0027328474937788894,44878.0,45689.86666666667,0.0026436615620264656,0.006563370123259786,0.0002005526339246,-0.05952730168042575,0.0017840928437660164,-0.009999999999999898,2021-03-23,-0.005547510304110492,44636.0,Train
2021-03-23,44636,44910,44984,44584,19810,44885.0,45008.0,-0.005547510304110492,44863.57142857143,45583.8,0.0032252133968454187,0.006550101286058207,-0.002257639090685548,-0.06654397925467392,0.00023633421729996051,-0.07000000000000006,2021-03-24,0.004592705439555589,44841.0,Train
2021-03-24,44841,44786,44880,44679,16570,44636.0,44885.0,0.004592705439555589,44854.28571428572,45483.066666666666,0.0034073087466150384,0.0066451098098958255,-0.0014474680443593568,-0.0631385412531601,0.002560124882413861,-0.020000000000000018,2021-03-25,-0.0025646172030061587,44726.0,Train
2021-03-25,44726,44870,45025,44610,22460,44841.0,44636.0,-0.0025646172030061587,44840.857142857145,45394.7,0.0034700036230058706,0.006472114962657798,-0.002097278000892433,-0.05595542140701182,0.003220891928439551,-0.029999999999999916,2021-03-26,-0.002168760899700417,44629.0,Train
2021-03-26,44629,44652,44759,44437,22630,44726.0,44841.0,-0.002168760899700417,44809.57142857143,45310.03333333333,0.003507074569067896,0.006455294672817236,-0.0048831608990367315,-0.0538489262015307,0.003036341960204636,0.0,2021-03-29,-0.019606085729010236,43754.0,Train
2021-03-29,43754,44474,44560,43621,11180,44629.0,44726.0,-0.019606085729010236,44639.857142857145,45197.9,0.007707215695430058,0.007222314166320305,-0.02643407057985847,-0.07139522051020841,-0.002289441551697524,0.019999999999999907,2021-03-30,0.004273894958175317,43941.0,Train
2021-03-30,43941,43950,44200,43819,1900,43754.0,44629.0,0.004273894958175317,44487.42857142857,45103.36666666667,0.008089907428739846,0.007264361408910419,-0.023706896551724088,-0.06062808645274387,0.0016775012616427887,0.040000000000000036,2021-03-31,0.010855465282993082,44418.0,Train
2021-03-31,44418,43899,44529,43735,330,43941.0,43754.0,0.010855465282993082,44420.71428571428,45046.166666666664,0.009737331385209547,0.007287882151226224,-0.010404366714938162,-0.03719599427753939,0.002383890657009502,0.010000000000000009,2021-04-01,0.012134720158494261,44957.0,Train
2021-04-01,44957,44500,45002,44500,150,44418.0,43941.0,0.012134720158494261,44466.57142857143,45009.86666666667,0.010739787306373236,0.007683534901811979,0.007191504615108979,-0.023650262780697595,-0.003323905676733463,-0.010000000000000009,2021-04-05,0.0006228173588094243,44985.0,Train
2021-04-05,44985,44918,45050,44805,310,44957.0,44418.0,0.0006228173588094243,44487.142857142855,44972.86666666667,0.010627231270894022,0.00768032599154578,0.0032113467585468403,-0.024080702896192685,-6.506129389327597e-05,0.020000000000000018,2021-04-06,0.015560742469712174,45685.0,Train
2021-04-06,45685,45257,45730,45250,17870,44985.0,44957.0,0.015560742469712174,44624.142857142855,44936.3,0.011887556806841787,0.007727374449366505,0.021441667039306056,-0.02344918985934763,-0.0029675155959429933,0.020000000000000018,2021-04-07,0.009696837036226258,46128.0,Train
2021-04-07,46128,45600,46180,45518,21450,45685.0,44985.0,0.009696837036226258,44838.28571428572,44919.5,0.011857638120437287,0.007942712173857105,0.03358802572318442,-0.010808028821410187,-0.002183537047815598,-0.030000000000000027,2021-04-08,0.009712105445716324,46576.0,Train
2021-04-08,46576,46041,46620,46015,21420,46128.0,45685.0,0.009712105445716324,45241.42857142857,44926.4,0.00499692504068892,0.008082243408693424,0.06449696027791751,0.004464189436908184,0.0008590640091068469,-0.010000000000000009,2021-04-09,-0.0049811061490896424,46344.0,Train
2021-04-09,46344,46458,46674,46085,21980,46576.0,46128.0,-0.0049811061490896424,45584.71428571428,44935.03333333333,0.007191837364359543,0.008054127367996723,0.05468696661432371,0.005620049907779201,-0.001341356156109419,-0.029999999999999916,2021-04-12,-0.0033661315380631995,46188.0,Train
2021-04-12,46188,46333,46514,46162,18010,46344.0,46576.0,-0.0033661315380631995,45837.57142857143,44955.666666666664,0.008090441730286346,0.0077941259156294835,0.03984870998243961,0.013583796001667814,0.0009823886279893834,0.04999999999999993,2021-04-13,0.010522213561964255,46674.0,Train
2021-04-13,46674,46202,46750,46125,20250,46188.0,46344.0,0.010522213561964255,46082.857142857145,45010.76666666667,0.007894814449098191,0.007632156991067443,0.03819205018128424,0.03671619910708346,-0.00018815789008752581,0.0,2021-04-14,-0.007648798046021366,46317.0,Train
2021-04-14,46317,46650,46659,46180,12630,46674.0,46188.0,-0.007648798046021366,46273.142857142855,45047.2,0.009233698577591319,0.007773559908416805,0.02960986995665227,0.024168583053246095,-0.0012581561474268588,-0.04999999999999993,2021-04-15,0.012176954465962897,46881.0,Train
2021-04-15,46881,46370,46973,46370,21620,46317.0,46674.0,0.012176954465962897,46444.0,45119.2,0.008608033380756547,0.007702269310960731,0.02617927109554552,0.04829945663111279,-0.0022487794046486265,0.0,2021-04-16,0.0030076150252766887,47022.0,Train
2021-04-16,47022,46808,47097,46511,23540,46881.0,46317.0,0.0030076150252766887,46571.71428571428,45200.566666666666,0.008196745814437693,0.007653586583994065,0.019380853277835675,0.05475426751306611,-0.0014789213804329293,-0.08000000000000007,2021-04-19,0.0013185317510953087,47084.0,Train
2021-04-19,47084,47025,47500,47000,24590,47022.0,46881.0,0.0013185317510953087,46644.28571428572,45288.63333333333,0.0076053488555497565,0.007597807388396743,0.010906904843696275,0.059448269654831076,-0.0012138368521579235,0.0,2021-04-20,0.008792795854217994,47498.0,Train
2021-04-20,47498,47111,47538,46712,27160,47084.0,47022.0,0.008792795854217994,46809.142857142855,45397.46666666667,0.0074054291533299605,0.007589558874132113,0.024900742275159704,0.07381366852802196,-0.002648437875061971,0.040000000000000036,2021-04-21,0.00829508610888885,47892.0,Train
2021-04-21,47892,47531,48035,47531,15990,47498.0,47084.0,0.00829508610888885,47052.57142857143,45499.066666666666,0.006885430963350709,0.00736713666105722,0.03689269940244211,0.06796895905806788,0.0004626348794609658,-0.010000000000000009,2021-04-22,-0.009730226342604231,47426.0,Train
2021-04-22,47426,47893,47936,47355,22210,47892.0,47498.0,-0.009730226342604231,47160.0,45587.46666666667,0.008374751953145396,0.007657009139650648,0.0161117538672495,0.05923080359137001,-0.0005194439544029539,-0.020000000000000018,2021-04-23,-0.005418968498292043,47169.0,Train
2021-04-23,47169,47534,47667,47046,24780,47426.0,47892.0,-0.005418968498292043,47281.71428571428,45663.9,0.007964934397951253,0.00777364434438871,0.018394973767731138,0.05109635439878768,0.0004689014067933428,0.0,2021-04-26,-0.001102418961606122,47117.0,Train
2021-04-26,47117,47280,47280,46939,18480,47169.0,47426.0,-0.001102418961606122,47315.42857142857,45743.23333333333,0.006811223827310976,0.007739721694722764,0.005034022311810826,0.05319981223595671,-0.001254569868760269,0.0,2021-04-27,-0.0033321306534795925,46960.0,Train
2021-04-27,46960,47090,47187,46920,13460,47117.0,47169.0,-0.0033321306534795925,47306.57142857143,45811.7,0.0068802031172392804,0.007784476667982169,-0.0013185317510951977,0.04573999020175479,-0.002480174218856601,-0.020000000000000018,2021-04-28,-0.005600511073253878,46697.0,Train
2021-04-28,46697,46890,46890,46471,17680,46960.0,47117.0,-0.005600511073253878,47251.28571428572,45874.26666666667,0.007123715286217745,0.007869194140194389,-0.008219352646334221,0.04187862561356548,0.000883634779793363,0.020000000000000018,2021-04-29,-0.006360151615735443,46400.0,Train
2021-04-29,46400,46867,46904,46138,6950,46697.0,46960.0,-0.006360151615735443,47094.42857142857,45926.0,0.0057701523498366915,0.007995197615163672,-0.023116762811065783,0.03460577952194077,-0.001061570176669302,-0.020000000000000018,2021-04-30,0.0006681034482758363,46431.0,Train
2021-04-30,46431,46306,46590,46306,310,46400.0,46697.0,0.0006681034482758363,46885.71428571428,45975.63333333333,0.0034744845496712026,0.007993717792508624,-0.030506138812327777,0.03313159182946901,-0.0003980646009648092,0.010000000000000009,2021-05-03,0.011457862204130809,46963.0,Train
2021-05-03,46963,46849,47000,46618,120,46431.0,46400.0,0.011457862204130809,46819.57142857143,46040.8,0.006215854401793455,0.008213845747001075,-0.009762577489141,0.04343672236046925,0.003020231524237138,0.010000000000000009,2021-05-04,-0.0038540979068628634,46782.0,Train
2021-05-04,46782,46890,46943,46500,30,46963.0,46431.0,-0.0038540979068628634,46764.28571428572,46104.03333333333,0.006073051859428863,0.00823606040388942,-0.0082045411181072,0.042263562437339974,-0.000703936961508389,-0.030000000000000027,2021-05-05,-0.004082766876148947,46591.0,Train
2021-05-05,46591,46680,46692,46500,50,46782.0,46963.0,-0.004082766876148947,46689.142857142855,46169.2,0.006171969312436495,0.008197622907443488,-0.011163698877262984,0.04379872748454172,0.002540957992946735,-0.020000000000000018,2021-05-06,0.020282887252902837,47536.0,Train
2021-05-06,47536,47019,47573,46980,29120,46591.0,46782.0,0.020282887252902837,46771.42857142857,46259.03333333333,0.010198879822858761,0.008876617526129072,0.01226575809199315,0.060101246626970806,-0.0012307462133626101,-0.06999999999999995,2021-05-07,0.0038497139010433834,47719.0,Train
2021-05-07,47719,47540,47990,47512,31360,47536.0,46591.0,0.0038497139010433834,46917.42857142857,46358.8,0.009669694758794627,0.008840419394262293,0.021885774246739542,0.06691857085364217,-0.0027757121177264255,0.010000000000000009,2021-05-10,0.00431693874557304,47925.0,Train
2021-05-10,47925,47849,48083,47726,21580,47719.0,47536.0,0.00431693874557304,47135.28571428572,46468.666666666664,0.008717040930537162,0.00880916635759205,0.03286637931034475,0.07385332407179179,-0.007288977745906866,-0.020000000000000018,2021-05-11,-0.006259780907668211,47625.0,Train
2021-05-11,47625,47906,47986,47351,29710,47925.0,47719.0,-0.006259780907668211,47305.857142857145,46597.7,0.00959520347439497,0.007954214910200846,0.02571557795438384,0.08847191113955288,-0.002111238109649305,-0.020000000000000018,2021-05-12,-0.0028136482939632446,47491.0,Train
2021-05-12,47491,47555,47838,47400,25670,47625.0,47925.0,-0.0028136482939632446,47381.28571428572,46716.03333333333,0.009172263792453334,0.008015797176443712,0.011242893341566695,0.0807901504289843,0.000917046136627242,0.020000000000000018,2021-05-13,-0.0008212082289276168,47452.0,Train
2021-05-13,47452,47400,47535,47251,12520,47491.0,47625.0,-0.0008212082289276168,47477.0,46817.166666666664,0.008938458365176885,0.007884741377011105,0.0143217476807318,0.0683056418569048,0.0060554358696425226,0.040000000000000036,2021-05-14,0.004847003287532736,47682.0,Train
2021-05-14,47682,47399,47706,47356,17130,47452.0,47491.0,0.004847003287532736,47632.857142857145,46908.0,0.008542886622999199,0.007678788669111988,0.023416539675044534,0.060613475098427294,0.0002859355560416166,0.0,2021-05-17,0.015834067362946236,48437.0,Train
2021-05-17,48437,47855,48467,47855,23470,47682.0,47452.0,0.015834067362946236,47761.57142857143,47023.066666666666,0.0071195292189821695,0.008077148027202686,0.018954055873443343,0.07673669000778038,-0.004123822197131588,-0.030000000000000027,2021-05-18,-0.0030761607861758966,48288.0,Train
2021-05-18,48288,48245,48496,48153,18850,48437.0,47682.0,-0.0030761607861758966,47842.857142857145,47109.833333333336,0.007409688278494972,0.0077478844568655255,0.011923971583645887,0.056977125971325426,-0.0005065897154190591,-0.020000000000000018,2021-05-19,0.007703777335984041,48660.0,Train
2021-05-19,48660,48275,48830,47960,35570,48288.0,48437.0,0.007703777335984041,47947.857142857145,47194.23333333333,0.007712069437486161,0.007686830441473613,0.015336463223787122,0.05489073881373563,-0.0022263434132463455,0.020000000000000018,2021-05-20,-0.0028976572133169176,48519.0,Train
2021-05-20,48519,48760,48760,48271,21060,48660.0,48288.0,-0.0028976572133169176,48075.57142857143,47259.0,0.0071838472795523935,0.007583975013890731,0.01877165354330712,0.041716763998626005,0.00044211177848940686,0.07999999999999996,2021-05-21,-0.0031121828562006293,48368.0,Train
2021-05-21,48368,48351,48620,48230,20650,48519.0,48660.0,-0.0031121828562006293,48200.857142857145,47326.46666666667,0.0072226937352803545,0.007537360735714935,0.0184666568402434,0.04367339892974287,-0.00018217778206675028,0.020000000000000018,2021-05-24,0.003018524644393006,48514.0,Train
2021-05-24,48514,48544,48605,48351,16510,48368.0,48519.0,0.003018524644393006,48352.57142857143,47404.0,0.00706002261949116,0.007486557117671378,0.022380510831998546,0.05035940071014111,0.0017779100761767808,-0.020000000000000018,2021-05-25,0.005482953374283728,48780.0,Train
2021-05-25,48780,48447,48806,48300,21060,48514.0,48368.0,0.005482953374283728,48509.42857142857,47474.2,0.007088958669221795,0.007336019283512536,0.023027557568893853,0.045121480910142786,-0.0013128322600163278,-0.029999999999999916,2021-05-26,-0.0010660106601065866,48728.0,Train
2021-05-26,48728,48850,49100,48600,16510,48780.0,48514.0,-0.0010660106601065866,48551.0,47554.566666666666,0.004508679778312124,0.007149060860230325,0.00600780395152456,0.05205432130751131,-0.0006293288901632055,-0.030000000000000027,2021-05-27,-0.0034271876539155866,48561.0,Train
2021-05-27,48561,48730,48788,48435,17840,48728.0,48780.0,-0.0034271876539155866,48590.0,47610.566666666666,0.004561460066055834,0.006925998667897074,0.005653578528826975,0.03583541306712745,0.00023186156871934926,0.040000000000000036,2021-05-28,-0.000370667819855397,48543.0,Train
2021-05-28,48543,48470,48588,48237,17740,48561.0,48728.0,-0.000370667819855397,48573.28571428572,47661.26666666667,0.0034027399002039558,0.006923013892978604,-0.0024044389642416952,0.03234656118412649,9.921735546036814e-06,0.009999999999999898,2021-05-31,0.005438477226376692,48807.0,Train
2021-05-31,48807,48664,48874,48582,2830,48543.0,48561.0,0.005438477226376692,48614.42857142857,47718.7,0.003794188664285956,0.006968525338835469,0.005935818957521821,0.03659417211791682,-0.0010029873147359147,-0.029999999999999916,2021-06-01,0.002622574630688268,48935.0,Train
2021-06-01,48935,48975,49210,48800,890,48807.0,48543.0,0.002622574630688268,48695.42857142857,47766.6,0.0033935561957742413,0.006826991599774204,0.011722626529937052,0.030253905427596983,-0.0010029873147359147,-0.029999999999999916,2021-06-02,0.0035353019311330502,49108.0,Train
2021-06-02,49108,48963,49145,48948,80,48935.0,48807.0,0.0035353019311330502,48780.28571428572,47807.13333333333,0.003433141031229279,0.006706242811394257,0.012243888362122313,0.025390461872546455,-0.002284267625878522,0.0,2021-06-03,-0.016596073959436297,48293.0,Train
2021-06-03,48293,49309,49309,48213,150,49108.0,48935.0,-0.016596073959436297,48710.71428571428,47836.03333333333,0.007342839280154296,0.007180424644185621,-0.009983599835998391,0.018281111626534008,0.0006814195970121784,-0.010000000000000009,2021-06-04,0.007392375706624099,48650.0,Train
2021-06-04,48650,48321,48765,48200,220,48293.0,49108.0,0.007392375706624099,48699.57142857143,47885.4,0.008068778381765637,0.007189296860071455,-0.00160072237727793,0.03139774004112872,0.005410567381594733,0.05999999999999994,2021-06-07,0.005364850976361746,48911.0,Train
2021-06-07,48911,48767,48936,48590,10910,48650.0,48293.0,0.005364850976361746,48749.57142857143,47945.2,0.008166538913384777,0.007219245906368972,0.0072074298305224715,0.03807542925058893,-0.0038325858846428584,-0.04999999999999993,2021-06-08,-6.133589581081011e-05,48908.0,Train
2021-06-08,48908,48882,49120,48732,15280,48911.0,48650.0,-6.133589581081011e-05,48801.71428571428,48010.13333333333,0.00815836985427975,0.007171866075210855,0.007519106771316064,0.04148211243611577,-0.0021363026073545344,0.020000000000000018,2021-06-09,-8.17862108448697e-05,48904.0,Train
2021-06-09,48904,48911,49036,48827,10270,48908.0,48911.0,-8.17862108448697e-05,48815.57142857143,48083.7,0.007932726060776803,0.007056477641867595,0.001987419837318427,0.047262136753966955,0.0012079753518736691,-0.010000000000000009,2021-06-10,0.001451823981678313,48975.0,Train
2021-06-10,48975,48829,49015,48502,20510,48904.0,48908.0,0.001451823981678313,48821.28571428572,48169.53333333333,0.007888079454810057,0.006896278216463492,0.0008174108511289635,0.055495689655172376,-0.0007076430876012951,0.010000000000000009,2021-06-11,-0.00526799387442578,48717.0,Train
2021-06-11,48717,49016,49145,48681,17040,48975.0,48904.0,-0.00526799387442578,48765.42857142857,48245.73333333333,0.007958656048137376,0.0070147558854236295,-0.007962042844343098,0.04923434774181046,-0.00022700407974274306,-0.08000000000000007,2021-06-14,-0.008190159492579618,48318.0,Train
2021-06-14,48318,48680,48680,47962,23420,48717.0,48975.0,-0.008190159492579618,48769.0,48290.9,0.005482164876730796,0.006982393042022923,0.0005176733688112556,0.028852500904967826,0.004954516507215123,0.050000000000000044,2021-06-15,-0.0018212674365660764,48230.0,Train
2021-06-15,48230,48310,48495,48180,13380,48318.0,48717.0,-0.0018212674365660764,48709.0,48339.166666666664,0.004443482481823234,0.006943698693156985,-0.008633093525179825,0.030952075584626648,-0.0011467838294477728,0.0,2021-06-16,0.0010159651669086056,48279.0,Train
2021-06-16,48279,48240,48355,48181,10100,48230.0,48318.0,0.0010159651669086056,48618.71428571428,48395.433333333334,0.0035898659230888834,0.00687606150456252,-0.012921428717466377,0.036230173209418126,0.0034677319789231387,-0.020000000000000018,2021-06-17,-0.031027983181093233,46781.0,Train
2021-06-17,46781,48205,48205,46628,32070,48279.0,48230.0,-0.031027983181093233,48314.857142857145,48370.26666666667,0.011463316015488835,0.008218689067455159,-0.04348981761674986,-0.01588269942780207,-0.002103264730262122,0.12,2021-06-18,-0.0040401017507107895,46592.0,Train
2021-06-18,46592,46860,47187,46526,17880,46781.0,48279.0,-0.0040401017507107895,47984.57142857143,48332.7,0.011201564657583018,0.008200898126663072,-0.047276296417471,-0.02361742702068359,0.013145662435371852,0.0,2021-06-21,0.006696428571428603,46904.0,Train
2021-06-21,46904,46800,46960,46482,17130,46592.0,46781.0,0.006696428571428603,47688.71428571428,48298.666666666664,0.011995839712640285,0.0082630009699013,-0.04228688106176626,-0.021304121022430844,0.00411806298255768,-0.040000000000000036,2021-06-22,-0.0014071294559099279,46838.0,Train
2021-06-22,46838,46981,47068,46721,14670,46904.0,46592.0,-0.0014071294559099279,47420.28571428572,48272.433333333334,0.012128003245057622,0.00819732778062053,-0.038569698462548985,-0.016524934383202128,-0.0017843115052263991,0.040000000000000036,2021-06-23,0.0017720654169690597,46921.0,Train
2021-06-23,46921,46915,47123,46799,12030,46838.0,46904.0,0.0017720654169690597,47220.71428571428,48253.433333333334,0.012347600096692552,0.008195885924222384,-0.0289126205554866,-0.012002274115095468,0.0006939084058628087,-0.07999999999999996,2021-06-24,-0.004688732124208728,46701.0,Train
2021-06-24,46701,46850,46997,46638,14040,46921.0,46838.0,-0.004688732124208728,47002.28571428572,48228.4,0.012306278566252304,0.008233564637413484,-0.031702260004146776,-0.015826519430161,-0.004742404624973662,-0.010000000000000009,2021-06-25,0.0011991177919101759,46757.0,Train
2021-06-25,46757,46839,47050,46637,16690,46701.0,46921.0,0.0011991177919101759,46784.857142857145,48197.566666666666,0.012320211206996466,0.008178651019765204,-0.03152509372605061,-0.019399354053940665,-0.0004974110599661463,0.029999999999999916,2021-06-28,0.0013687790063519056,46821.0,Train
2021-06-28,46821,46400,46959,46400,15550,46757.0,46701.0,0.0013687790063519056,46790.57142857143,48143.7,0.003904370010358199,0.007579600011443493,0.0008550479895683694,-0.03336292503664551,-0.003209408329327035,0.010000000000000009,2021-06-29,-0.00818009013049703,46438.0,Train
2021-06-29,46438,46719,46809,46202,5170,46821.0,46757.0,-0.00818009013049703,46768.57142857143,48082.03333333333,0.004842049445074266,0.007682021696077485,-0.003305288461538436,-0.03831179589131872,0.0005296274298778325,-0.039999999999999925,2021-06-30,0.008161419527111358,46817.0,Train
2021-06-30,46817,46448,46858,46372,830,46438.0,46821.0,0.008161419527111358,46756.142857142855,48020.6,0.00521997205521497,0.00770089227683943,-0.0018548524646085918,-0.03787505137690095,0.0021111396762145684,0.010000000000000009,2021-07-01,0.0035884400965460195,46985.0,Train
2021-07-01,46985,46882,47999,46837,120,46817.0,46438.0,0.0035884400965460195,46777.142857142855,47969.46666666667,0.005375147905384999,0.007744175114161165,0.003138477304752474,-0.031616480141800074,0.0026010744575377664,-0.040000000000000036,2021-07-02,0.00640629988294128,47286.0,Train
2021-07-02,47286,47200,47553,47200,200,46985.0,46817.0,0.00640629988294128,46829.28571428572,47933.4,0.005829821534015553,0.007850647619743677,0.007779032842437195,-0.022370162090638468,0.0016587696673486807,0.0,2021-07-05,0.005942562280590424,47567.0,Train
2021-07-05,47567,47800,48704,47075,30,47286.0,46985.0,0.005942562280590424,46953.0,47901.833333333336,0.005435133137470927,0.007916584958595785,0.018543500139183378,-0.019520138516716856,-0.001751818343090239,-0.020000000000000018,2021-07-06,0.0026699182206151306,47694.0,Train
2021-07-06,47694,47418,47971,47418,22960,47567.0,47286.0,0.0026699182206151306,47086.857142857145,47865.63333333333,0.005398410370637839,0.007858173582740333,0.020039780139872176,-0.022263222632226354,-0.001751818343090239,-0.020000000000000018,2021-07-07,0.004046630603430135,47887.0,Train
2021-07-07,47887,47779,47963,47669,13920,47694.0,47567.0,0.004046630603430135,47239.142857142855,47837.6,0.00537067494635212,0.007905706474251109,0.0227675615642553,-0.017259070760137885,0.003635071195326134,-0.04999999999999993,2021-07-08,-0.0031741391191764112,47735.0,Train
2021-07-08,47735,47814,48244,47650,25700,47887.0,47694.0,-0.0031741391191764112,47424.42857142857,47810.066666666666,0.003657681126595604,0.007902664767674178,0.027929712735260015,-0.017009534400032944,0.001356333155085876,-0.010000000000000009,2021-07-09,0.0034146852414371764,47898.0,Train
2021-07-09,47898,47798,47922,47621,15170,47735.0,47887.0,0.0034146852414371764,47578.857142857145,47788.566666666666,0.0031514939175671655,0.007935631394009312,0.023089903240276044,-0.01328718867807921,-0.00024048493078976385,0.029999999999999916,2021-07-12,-0.002714100797528096,47768.0,Train
2021-07-12,47768,47750,47849,47503,17040,47898.0,47735.0,-0.002714100797528096,47690.71428571428,47753.933333333334,0.0038650762253534562,0.007867569421757037,0.016664893050973628,-0.02128793001003959,-0.0021233206222982526,0.010000000000000009,2021-07-13,0.002491207502930859,47887.0,Train
2021-07-13,47887,47865,48035,47710,18880,47768.0,47898.0,0.002491207502930859,47776.57142857143,47719.0,0.003444034200399056,0.007865700368052687,0.012709892991583205,-0.021416164299581042,-0.0006770798714966775,-0.039999999999999925,2021-07-14,0.007893582809530786,48265.0,Train
2021-07-14,48265,47954,48320,47902,18330,47887.0,47768.0,0.007893582809530786,47876.28571428572,47690.9,0.0038848548830655878,0.007985783023144618,0.0146740387243256,-0.017166245825527393,0.002174508762330163,0.010000000000000009,2021-07-15,0.001926862115404493,48358.0,Train
2021-07-15,48358,48290,48460,48150,16070,48265.0,47887.0,0.001926862115404493,47971.142857142855,47693.066666666666,0.00387650072413414,0.0073963556355871275,0.013922086635635544,0.0013459507589090869,-0.0011167518979030566,-0.030000000000000027,2021-07-16,-0.006575954340543477,48040.0,Train
2021-07-16,48040,48330,48375,47980,17430,48358.0,48265.0,-0.006575954340543477,47993.0,47672.73333333333,0.004882828576013648,0.007359181034745939,0.003195021613381588,-0.012538540596094605,0.0010985107206673561,-0.040000000000000036,2021-07-19,0.0006036636136552698,48069.0,Train
2021-07-19,48069,48132,48200,47786,17250,48040.0,48358.0,0.0006036636136552698,48040.71428571428,47644.666666666664,0.004614857264745068,0.007281635177247658,0.006996962396564443,-0.017214941424219532,0.0003424654503687563,-0.010000000000000009,2021-07-20,-0.004327113108240188,47861.0,Train
2021-07-20,47861,48170,48247,47788,19090,48069.0,48040.0,-0.004327113108240188,48035.42857142857,47609.76666666667,0.004862355864398695,0.007313290256745443,-0.0007724748423734162,-0.021407540688639926,0.0044620267721606766,-0.030000000000000027,2021-07-21,-0.005787593238753885,47584.0,Train
2021-07-21,47584,47790,47790,47518,8420,47861.0,48069.0,-0.005787593238753885,48009.142857142855,47565.76666666667,0.005260214116170411,0.007370763745066625,-0.0038519510969686754,-0.026991657124161628,0.0017878027815745323,0.020000000000000018,2021-07-22,0.000840618695359785,47624.0,Train
2021-07-22,47624,47518,47670,47320,15980,47584.0,47861.0,0.000840618695359785,47971.57142857143,47520.73333333333,0.005137281927120064,0.007364923929485016,-0.005492095975943356,-0.027585502807554896,-0.0031437307362977007,0.050000000000000044,2021-07-23,-0.0021627750713926197,47521.0,Train
2021-07-23,47521,47560,47700,47333,14170,47624.0,47584.0,-0.0021627750713926197,47865.28571428572,47480.86666666667,0.0034322420448687488,0.007323200782213735,-0.015414896923236276,-0.024549951762218525,0.0006781747662545357,-0.030000000000000027,2021-07-26,-0.0013888596620441618,47455.0,Train
2021-07-26,47455,47615,47770,47430,13070,47521.0,47624.0,-0.0013888596620441618,47736.28571428572,47452.1,0.0029625478575378878,0.007190669001681934,-0.01867322883493938,-0.017860838610869623,-0.0002617443453967194,-0.040000000000000036,2021-07-27,0.002022969128648189,47551.0,Train
2021-07-27,47551,47449,47609,47364,12870,47455.0,47521.0,0.002022969128648189,47666.42857142857,47429.46666666667,0.002861524067805805,0.007201942989489524,-0.01017901748542882,-0.0140783744557329,-0.0019040936249887785,-0.06000000000000005,2021-07-28,-0.0003364808311075995,47535.0,Train
2021-07-28,47535,47640,47650,47411,8780,47551.0,47455.0,-0.0003364808311075995,47590.142857142855,47404.666666666664,0.002769261549452988,0.007196699857536867,-0.011109030768270634,-0.01541042689368044,-9.715271877430709e-06,-0.019999999999999796,2021-07-29,0.014200063111391659,48210.0,Train
2021-07-29,48210,47720,48250,47713,13670,47535.0,47551.0,0.014200063111391659,47640.0,47452.3,0.006309509148049109,0.004973114783092556,0.007291949604061765,0.030546589427331572,-0.00037095034829592866,-0.020000000000000018,2021-07-30,-0.006409458618543917,47901.0,Train
2021-07-30,47901,48239,48254,47830,2650,48210.0,47535.0,-0.006409458618543917,47685.28571428572,47495.933333333334,0.006425233742791474,0.005073961882690773,0.006661903160726235,0.028094951923076872,-0.006160944401298107,0.0,2021-08-02,0.0007515500720236545,47937.0,Train
2021-08-02,47937,48094,48172,47720,170,47901.0,48210.0,0.0007515500720236545,47730.0,47530.36666666667,0.0064256129490489955,0.004955965147255227,0.006572316479086071,0.022023707999317743,0.001671357729229328,-0.010000000000000009,2021-08-03,-0.0017314391805911544,47854.0,Train
2021-08-03,47854,47820,48168,47760,70,47937.0,47901.0,-0.0017314391805911544,47777.57142857143,47564.23333333333,0.006392728303126298,0.004961157201026985,0.007007428294859119,0.021691788718561922,-2.0413343581493493e-05,-0.010000000000000009,2021-08-04,0.00037614410498609807,47872.0,Train
2021-08-04,47872,47950,48300,47739,40,47854.0,47937.0,0.00037614410498609807,47837.142857142855,47595.933333333334,0.006316443172886458,0.004957566846845571,0.008787272152565695,0.020268110227829705,0.001364171720551699,-0.020000000000000018,2021-08-05,0.0018173462566843934,47959.0,Train
2021-08-05,47959,47870,48199,47790,30,47872.0,47854.0,0.0018173462566843934,47895.42857142857,47637.86666666667,0.006312822046399942,0.004855831394189104,0.008580261193245065,0.026937324682555053,0.0006426006090967107,0.030000000000000027,2021-08-06,-0.026626910486040156,46682.0,Train
2021-08-06,46682,47550,47571,46621,23200,47959.0,47872.0,-0.026626910486040156,47773.57142857143,47635.36666666667,0.012344746389394635,0.006986447200496608,-0.017944672346691948,-0.001604037898068733,-0.0011329081015774012,0.05999999999999983,2021-08-09,-0.015701983633948813,45949.0,Train
2021-08-09,45949,46600,46600,45860,21360,46682.0,47959.0,-0.015701983633948813,47450.57142857143,47606.3,0.01065344485521819,0.007541728944708794,-0.0468989836133582,-0.018624121654812975,0.004801032922635562,0.040000000000000036,2021-08-10,-0.0002829223704542416,45936.0,Train
2021-08-10,45936,46089,46148,45708,16300,45949.0,46682.0,-0.0002829223704542416,47169.857142857145,47589.566666666666,0.010937712437993742,0.007404558253012683,-0.04102210809795204,-0.010810112407941719,0.0012646855319269346,0.020000000000000018,2021-08-11,0.009034308603274033,46351.0,Train
2021-08-11,46351,46029,46396,45915,15300,45936.0,45949.0,0.009034308603274033,46943.28571428572,47574.03333333333,0.012158835044433712,0.007440725130026684,-0.03308509084840516,-0.009953649315419644,0.00039840602333485187,0.0,2021-08-12,-0.00034519212098982344,46335.0,Train
2021-08-12,46335,46288,46518,46160,12510,46351.0,45936.0,-0.00034519212098982344,46726.28571428572,47552.36666666667,0.012226926749126985,0.007404292875148208,-0.03174238308187405,-0.013834202405022866,-0.0018969614255140987,-0.030000000000000027,2021-08-13,0.01189165857343255,46886.0,Train
2021-08-13,46886,46400,46925,46370,13880,46335.0,46351.0,0.01189165857343255,46585.42857142857,47539.03333333333,0.013685188962379458,0.007643007106017253,-0.02059659090909094,-0.008459163388740865,-0.00011387510813720692,0.020000000000000018,2021-08-16,0.005374738727978556,47138.0,Train
2021-08-16,47138,46900,47190,46761,12470,46886.0,46335.0,0.005374738727978556,46468.142857142855,47524.73333333333,0.013952471369282135,0.007627818729380777,-0.017118788965574727,-0.009018857611369224,-0.0018328034742043364,-0.030000000000000027,2021-08-17,0.0014425728711442432,47206.0,Train
2021-08-17,47206,47132,47455,47106,12460,47138.0,46886.0,0.0014425728711442432,46543.0,47508.46666666667,0.008964205958441274,0.007614766951268444,0.01122488325264559,-0.010231894997274282,0.0009578857524443762,-0.020000000000000018,2021-08-18,-0.0029021734525271903,47069.0,Train
2021-08-18,47069,47324,47344,46965,11510,47206.0,47138.0,-0.0029021734525271903,46703.0,47481.2,0.005459978911600263,0.007583152944224688,0.02437485037759246,-0.017081880259778193,0.0039551187684347955,0.030000000000000027,2021-08-19,0.0010622702840510367,47119.0,Train
2021-08-19,47119,47150,47422,47027,9100,47069.0,47206.0,0.0010622702840510367,46872.0,47460.666666666664,0.005328415116722194,0.007571964340575357,0.025753221873911603,-0.012904577354142632,0.0006909152999452495,0.020000000000000018,2021-08-20,-0.0001910057513954122,47110.0,Train
2021-08-20,47110,47199,47286,47011,9430,47119.0,47069.0,-0.0001910057513954122,46980.42857142857,47434.4,0.0048986069677085416,0.007537783940759515,0.016375051239455374,-0.016451626372708694,0.003647449028505001,0.010000000000000009,2021-08-23,0.008511993207386936,47511.0,Train
2021-08-23,47511,47170,47549,47100,12350,47110.0,47119.0,0.008511993207386936,47148.42857142857,47425.833333333336,0.0052245176927513985,0.0077022275268543265,0.025380382000647517,-0.005380170825657338,0.0034203658555822525,0.030000000000000027,2021-08-24,0.0004420029045906215,47532.0,Train
2021-08-24,47532,47493,47634,47405,9450,47511.0,47110.0,0.0004420029045906215,47240.71428571428,47414.0,0.003791097405080655,0.0076870594469163915,0.013778100072516342,-0.007413285442813278,-0.00488293105119697,-0.010000000000000009,2021-08-25,-0.008920306319952886,47108.0,Train
2021-08-25,47108,47351,47398,47025,10430,47532.0,47511.0,-0.008920306319952886,47236.42857142857,47375.433333333334,0.0052256712625730305,0.007688106239819197,-0.0006364292078577805,-0.023971822231430684,-0.002302052451339187,0.010000000000000009,2021-08-26,0.0011675299312219334,47163.0,Train
2021-08-26,47163,47125,47285,46877,9960,47108.0,47532.0,0.0011675299312219334,47230.28571428572,47335.6,0.005213341177844246,0.007680134102070049,-0.0009109011566326153,-0.024711526531287498,-0.00041608205525189845,0.010000000000000009,2021-08-27,0.0053643746156946115,47416.0,Train
2021-08-27,47416,47312,47480,46777,13590,47163.0,47108.0,0.0053643746156946115,47279.857142857145,47314.8,0.005410249853633433,0.007680146392703427,0.007372155771314448,-0.01298917568692759,0.0013737303334795392,0.010000000000000009,2021-08-30,-0.0077400033743884045,47049.0,Train
2021-08-30,47049,47276,47466,47005,3010,47416.0,47163.0,-0.0077400033743884045,47269.857142857145,47280.8,0.006351360740962346,0.00779253736830887,-0.0014856002886308728,-0.021219496973101215,-0.003936257066851412,-0.09000000000000008,2021-08-31,0.00023379880550056242,47060.0,Train
2021-08-31,47060,47220,47260,46800,190,47049.0,47416.0,0.00023379880550056242,47262.71428571428,47254.1,0.006353435062125927,0.007763470086982249,-0.001061345786457224,-0.01673596456405002,-0.0008328892433766555,0.0,2021-09-01,0.0007012324691881844,47093.0,Train
2021-09-01,47093,47060,47599,46964,60,47060.0,47049.0,0.0007012324691881844,47203.0,47237.73333333333,0.005154609360744226,0.007702178418088139,-0.008797962577087426,-0.010318594485541399,-0.0012221182205109926,0.050000000000000044,2021-09-02,-0.0009555560274350228,47048.0,Train
2021-09-02,47048,47142,47243,46929,20,47093.0,47060.0,-0.0009555560274350228,47133.857142857145,47218.53333333333,0.005104968781163445,0.0076998518310297855,-0.010182613818059405,-0.012094742146816717,-0.0020723629535063237,0.0,2021-09-03,0.006248937255568743,47342.0,Train
2021-09-03,47342,47299,47500,47295,10,47048.0,47093.0,0.006248937255568743,47167.28571428572,47212.566666666666,0.004599918103243076,0.007785251301087221,0.004967309161925781,-0.0037667557500894455,-0.0007698904611546098,0.0,2021-09-06,0.0022812724430738562,47450.0,Train
2021-09-06,47450,47534,47534,47402,5740,47342.0,47048.0,0.0022812724430738562,47208.28571428572,47212.4,0.0046372015478359264,0.007793071840632583,0.006085278714246245,-0.00010536297545038487,-0.0021163917958120226,0.020000000000000018,2021-09-07,-0.009715489989462589,46989.0,Train
2021-09-07,46989,47469,47469,46910,16580,47450.0,47342.0,-0.009715489989462589,47147.28571428572,47193.666666666664,0.005606228628525303,0.007981754686807677,-0.009005399021427385,-0.011818889192656279,-0.0021163917958120226,0.020000000000000018,2021-09-08,0.0017663708527526634,47072.0,Train
2021-09-08,47072,47047,47170,46800,12500,46989.0,47450.0,0.0017663708527526634,47150.57142857143,47178.23333333333,0.004884990926501673,0.007991243821568461,0.0004888520478649738,-0.009740191437887846,0.0038374874275417525,0.030000000000000027,2021-09-09,-0.0010834466349421978,47021.0,Train
2021-09-09,47021,46984,47128,46770,14580,47072.0,46989.0,-0.0010834466349421978,47145.0,47138.6,0.004903419020612102,0.0075078432645924245,-0.0008287292817679148,-0.024662933001451948,0.002234033607866781,-0.050000000000000044,2021-09-10,-0.0034665362284936885,46858.0,Train
2021-09-10,46858,46987,47030,46810,6110,47021.0,47072.0,-0.0034665362284936885,47111.42857142857,47103.833333333336,0.005039903054870502,0.0074510965019812065,-0.004990125921049859,-0.021774075697793327,-0.001668257796610173,-0.050000000000000044,2021-09-13,0.001878014426565322,46946.0,Train
2021-09-13,46946,46930,47060,46800,12220,46858.0,47021.0,0.001878014426565322,47096.857142857145,47070.8,0.00512928458488475,0.007461528526357781,-0.0021679986396870854,-0.020672966601998466,-0.000889042222871006,0.030000000000000027,2021-09-14,0.00683764324969105,47267.0,Train
2021-09-14,47267,46924,47325,46672,21080,46946.0,46858.0,0.00683764324969105,47086.142857142855,47051.23333333333,0.0052577512471846,0.007582489339240736,-0.0015842169743568446,-0.01226647720148788,0.0008110321623835404,0.010000000000000009,2021-09-15,-0.006727738168278097,46949.0,Train
2021-09-15,46949,47247,47281,46920,14360,47267.0,46946.0,-0.006727738168278097,47014.57142857143,47020.46666666667,0.005634133187927589,0.0076683923857011095,-0.010558482613277187,-0.019280581550802145,-0.0002477128583320276,-0.010000000000000009,2021-09-16,-0.017657458092824152,46120.0,Train
2021-09-16,46120,46984,46984,45876,24980,46949.0,47267.0,-0.017657458092824152,46890.42857142857,46959.166666666664,0.007905629307146727,0.008256681542836855,-0.018493690012556185,-0.03834525323714011,-0.00025485349905896015,0.010000000000000009,2021-09-17,-0.002059843885516055,46025.0,Train
2021-09-17,46025,46090,46263,45903,13910,46120.0,46949.0,-0.002059843885516055,46740.857142857145,46937.26666666667,0.007679542741676427,0.0067325964797185145,-0.02224252209381372,-0.014073947131656772,0.002888190813552738,0.030000000000000027,2021-09-20,0.005909831613253758,46297.0,Train
2021-09-20,46297,46020,46395,45913,14800,46025.0,46120.0,0.005909831613253758,46637.42857142857,46948.86666666667,0.008417579755069042,0.006177766022465216,-0.01539737564067123,0.00757361422446623,0.0026062719984183413,0.050000000000000044,2021-09-21,0.007430287059636775,46641.0,Train
2021-09-21,46641,46297,46798,46163,17710,46297.0,46025.0,0.007430287059636775,46606.42857142857,46972.36666666667,0.00911916104569131,0.006312984467623012,-0.0046310128473259216,0.015347439916405525,0.003022036304928921,-0.020000000000000018,2021-09-22,0.0008790549087711597,46682.0,Train
2021-09-22,46682,46663,46765,46575,9690,46641.0,46297.0,0.0008790549087711597,46568.71428571428,46983.4,0.009081162350944652,0.006106227291949402,-0.0056234822988113775,0.007141162002977319,-0.0010909039846519475,0.020000000000000018,2021-09-23,-0.012831498222012794,46083.0,Train
2021-09-23,46083,46521,46550,45964,18760,46682.0,46641.0,-0.012831498222012794,46399.57142857143,46975.0,0.009373283583021672,0.0065574410782528935,-0.025049188651702026,-0.005438653285853023,-0.0017185346065952123,0.0,2021-09-24,-0.001909597899442339,45995.0,Train
2021-09-24,45995,46100,46146,45805,12760,46083.0,46682.0,-0.001909597899442339,46263.28571428572,46945.3,0.00928002044752674,0.0061544633573343875,-0.020319921617073855,-0.01900354050249542,-0.0009619590520522081,0.05999999999999994,2021-09-27,0.0015001630612023753,46064.0,Train
2021-09-27,46064,46135,46215,45910,14400,45995.0,46083.0,0.0015001630612023753,46255.28571428572,46909.5,0.006652421189927528,0.006064297794184162,-0.001214223764093636,-0.022784165641308474,0.0021733193554922536,0.030000000000000027,2021-09-28,-0.005318687044112536,45819.0,Train
2021-09-28,45819,46008,46072,45679,17770,46064.0,45995.0,-0.005318687044112536,46225.857142857145,46863.26666666667,0.006916760936836609,0.006105497069103184,-0.004475828354155387,-0.029381858238359482,-0.0001450425765889829,0.0,2021-09-29,-0.005870926908051244,45550.0,Train
2021-09-29,45550,45842,45960,45488,7360,45819.0,46064.0,-0.005870926908051244,46119.142857142855,46812.63333333333,0.006482732326273718,0.006161602949856291,-0.01613495474868787,-0.03227177122947167,0.004428396598653794,0.030000000000000027,2021-09-30,0.01473106476399555,46221.0,Train
2021-09-30,46221,45790,46377,45507,310,45550.0,45819.0,0.01473106476399555,46059.142857142855,46782.7,0.008563131672990271,0.0067976057365260415,-0.00900495272399815,-0.01905812941700802,0.004046499292322148,0.020000000000000018,2021-10-01,0.0020337076220764416,46315.0,Train
2021-10-01,46315,46303,46360,46125,190,46221.0,45550.0,0.0020337076220764416,46006.71428571428,46756.2,0.008622122504134955,0.006814547716263272,-0.00786170258343688,-0.016875398004669973,-0.0006006492940409114,-0.030000000000000027,2021-10-04,0.006542156968584623,46618.0,Train
2021-10-04,46618,46299,46640,46209,50,46315.0,46221.0,0.006542156968584623,46083.142857142855,46726.433333333334,0.007222779414201127,0.006733279216155778,0.011609487229564008,-0.018795647323777698,-0.0022723248281799613,-0.050000000000000044,2021-10-05,-0.0034106997297180808,46459.0,Train
2021-10-05,46459,46556,46557,46345,20,46618.0,46315.0,-0.0034106997297180808,46149.42857142857,46690.666666666664,0.007367688592645547,0.006749238463264142,0.010088053049244428,-0.0225742657578053,-0.0009258627834635158,0.010000000000000009,2021-10-06,0.006930842248003666,46781.0,Train
2021-10-06,46781,46550,46874,46451,14920,46459.0,46618.0,0.006930842248003666,46251.857142857145,46679.76666666667,0.007653243812142726,0.006706979636451326,0.015565300451545694,-0.006941496136537273,0.0008007077731659873,-0.020000000000000018,2021-10-07,-0.0009405527885252285,46737.0,Train
2021-10-07,46737,46747,46869,46612,11490,46781.0,46459.0,-0.0009405527885252285,46383.0,46665.566666666666,0.007091425958755213,0.0067030875807834395,0.0200353565114908,-0.009032504293620014,0.0030874722599667503,0.010000000000000009,2021-10-08,0.003958319960630785,46922.0,Train
2021-10-08,46922,46740,47225,46702,19610,46737.0,46781.0,0.003958319960630785,46579.0,46649.1,0.005957033939566994,0.006667075030710245,0.03012074643249174,-0.010418424160620887,-0.0018663075266849294,0.020000000000000018,2021-10-11,0.00040492732620101,46941.0,Train
2021-10-11,46941,46910,47090,46750,10000,46922.0,46737.0,0.00040492732620101,46681.857142857145,46645.5,0.003849628425048635,0.006519009051188326,0.015577334977607604,-0.0022954791812791475,0.0008226758098379694,-0.010000000000000009,2021-10-12,0.003323320764363702,47097.0,Train
2021-10-12,47097,47025,47280,46941,14250,46941.0,46922.0,0.003323320764363702,46793.57142857143,46646.73333333333,0.003870200415600008,0.006548083765414865,0.01688437871100068,0.000786230344241412,0.0008226758098379694,-0.010000000000000009,2021-10-13,0.013928700341847566,47753.0,Train
2021-10-13,47753,47060,47845,47024,23580,47097.0,46941.0,0.013928700341847566,46955.71428571428,46668.73333333333,0.00574183761402916,0.007021854545379773,0.024346818825346395,0.014014821735714333,0.0013577827303299372,-0.010000000000000009,2021-10-14,-0.00010470546353114063,47748.0,Train
2021-10-14,47748,47682,47954,47651,12460,47753.0,47097.0,-0.00010470546353114063,47139.857142857145,46692.066666666666,0.0051925456583339444,0.007017540350248126,0.02774489334682184,0.014878422037068573,-0.0024722406674438924,-0.05999999999999994,2021-10-15,-0.013445589344056263,47106.0,Train
2021-10-15,47106,47706,47706,47015,13810,47748.0,47753.0,-0.013445589344056263,47186.28571428572,46684.2,0.008116996978135244,0.007374864876181413,0.006947264915243334,-0.00498500274597613,-0.0023167540982175217,-0.040000000000000036,2021-10-18,0.0016982974567996134,47186.0,Train
2021-10-18,47186,47200,47295,47077,14020,47106.0,47748.0,0.0016982974567996134,47250.42857142857,46675.4,0.008072041416993954,0.007369030019194301,0.009606949526071329,-0.005563751317176013,-0.0010052072889785713,0.030000000000000027,2021-10-19,0.00021192726656216188,47196.0,Train
2021-10-19,47196,47199,47525,47140,14500,47186.0,47106.0,0.00021192726656216188,47289.57142857143,46682.3,0.007997596009276067,0.007144601884069916,0.005839478283108157,0.004405286343612369,-0.0008817561497233006,0.020000000000000018,2021-10-20,0.003898635477582957,47380.0,Train
2021-10-20,47380,47260,47449,47174,14480,47196.0,47186.0,0.003898635477582957,47352.28571428572,46692.566666666666,0.00807315374379915,0.007171572731820864,0.009352165484331376,0.006543167912984371,-0.003008161249373864,0.05999999999999994,2021-10-21,-0.0013929928239763134,47314.0,Train
2021-10-21,47314,47430,47460,47250,11820,47380.0,47196.0,-0.0013929928239763134,47383.28571428572,46702.333333333336,0.008078663929398332,0.007173768319556976,0.0046075121557636045,0.006231258373918136,-0.0012204457662762236,-0.030000000000000027,2021-10-22,0.007481929238703167,47668.0,Train
2021-10-22,47668,47439,48050,47375,20490,47314.0,47380.0,0.007481929238703167,47371.142857142855,46729.333333333336,0.0065377481980522425,0.007257130214291383,-0.0017799928800285025,0.017286269153613087,0.0009734970922830044,-0.039999999999999925,2021-10-25,0.007594193169421892,48030.0,Train
2021-10-25,48030,47770,48140,47730,10400,47668.0,47314.0,0.007594193169421892,47411.42857142857,46765.46666666667,0.007179613667898256,0.007366146576026785,0.005906006534305064,0.023090359136028527,0.0004506296493187456,-0.020000000000000018,2021-10-26,-0.007287112221528225,47680.0,Train
2021-10-26,47680,47996,48125,47480,12420,48030.0,47668.0,-0.007287112221528225,47493.42857142857,46779.23333333333,0.005252651588085196,0.007417332715001516,0.012185284252536732,0.008737597055027857,-0.0005718307381015197,-0.040000000000000036,2021-10-27,0.0026006711409396477,47804.0,Train
2021-10-27,47804,47690,47870,47500,11680,47680.0,48030.0,0.0026006711409396477,47581.71428571428,46807.73333333333,0.005262419730495482,0.0073065401425507995,0.013097105073538673,0.018211250505868026,0.0006073676334668043,-0.040000000000000036,2021-10-28,-0.0005648062923604424,47777.0,Train
2021-10-28,47777,47889,48039,47610,4590,47804.0,47680.0,-0.0005648062923604424,47664.71428571428,46862.96666666667,0.005311231583711637,0.006447452793535113,0.012310365285193692,0.03592801387684297,-0.00045920791034026465,-0.050000000000000044,2021-10-29,-0.005755907654310666,47502.0,Train
2021-10-29,47502,47669,47862,47350,630,47777.0,47804.0,-0.005755907654310666,47682.142857142855,46912.2,0.005886190914645911,0.006546394171701542,0.00257492612916832,0.032091254752851794,-0.0016097263025228736,0.1100000000000001,2021-11-01,0.00399983158603856,47692.0,Train
2021-11-01,47692,47649,47850,47510,100,47502.0,47777.0,0.00399983158603856,47736.142857142855,46958.7,0.005967465592969787,0.00650691216942473,0.00798917867861526,0.030131542000561673,0.006135461468684822,0.040000000000000036,2021-11-02,-0.0001887108949090166,47683.0,Train
2021-11-02,47683,47866,47939,47600,20,47692.0,47502.0,-0.0001887108949090166,47738.28571428572,46993.433333333334,0.0052757047110670195,0.006395436735086526,0.00031467651254502016,0.022340858900967042,0.0006290801498927134,0.039999999999999925,2021-11-03,-0.015141664744248495,46961.0,Train
2021-11-03,46961,47550,47550,46839,40,47683.0,47692.0,-0.015141664744248495,47585.57142857143,47002.73333333333,0.006675045831681043,0.007022940034053269,-0.022256922756610398,0.005976607686045909,0.0006829721898977681,-0.029999999999999916,2021-11-04,0.012733970741679368,47559.0,Train
2021-11-04,47559,47147,47592,47147,5710,46961.0,47683.0,0.012733970741679368,47568.28571428572,47051.933333333334,0.008630416976805817,0.006934849779633716,-0.002537751677852307,0.03202916476791873,0.0006527557932076711,0.019999999999999907,2021-11-05,0.008410605773880864,47959.0,Train
2021-11-05,47959,47520,47990,47315,13760,47559.0,46961.0,0.008410605773880864,47590.42857142857,47117.4,0.009218665216640077,0.007036926162550169,0.0032424064931804164,0.04270029351016413,-3.0605294016328166e-05,-0.09999999999999998,2021-11-08,0.0013761754832253281,48025.0,Train
2021-11-08,48025,48000,48144,47821,14860,47959.0,47559.0,0.0013761754832253281,47625.857142857145,47182.76666666667,0.00921052029978781,0.0070369130762044235,0.005190782175523712,0.042571205279611,-0.002471234515433407,-0.06000000000000005,2021-11-09,0.004955752212389308,48263.0,Train
2021-11-09,48263,48034,48280,47981,15130,48025.0,47959.0,0.004955752212389308,47734.57142857143,47264.23333333333,0.008826175054359604,0.006947365572591129,0.016020378089343534,0.05334031733560307,-0.002170536111900101,-0.020000000000000018,2021-11-10,0.012307564801193438,48857.0,Train
2021-11-10,48857,48250,49244,48166,27480,48263.0,48025.0,0.012307564801193438,47901.0,47374.46666666667,0.009615103169041664,0.007051101677813624,0.024427576952109398,0.07260153677277725,-0.0005587495255899855,-0.05999999999999983,2021-11-11,0.007184231532840757,49208.0,Train
2021-11-11,49208,48983,49349,48900,15050,48857.0,48263.0,0.007184231532840757,48118.857142857145,47474.03333333333,0.009548123906407335,0.006721554866165421,0.031982048109389094,0.06462430496960248,0.0033965647580034286,0.030000000000000027,2021-11-12,0.0014022110225979656,49277.0,Train
2021-11-12,49277,49087,49300,48872,16510,49208.0,48857.0,0.0014022110225979656,48449.71428571428,47572.76666666667,0.0046575637262641295,0.006722795389495817,0.04931751879218926,0.06395336284141218,0.0033965647580034286,0.030000000000000027,2021-11-15,-0.00016234754550803476,49269.0,Train
2021-11-15,49269,49170,49436,49081,14670,49277.0,49208.0,-0.00016234754550803476,48694.0,47661.13333333333,0.004518470600521335,0.006681011511251239,0.03595533968334075,0.05686644643699856,0.00320635243244749,-0.010000000000000009,2021-11-16,-0.0046885465505692725,49038.0,Train
2021-11-16,49038,49294,49579,49004,21990,49269.0,49277.0,-0.0046885465505692725,48848.142857142855,47747.1,0.005507530346801789,0.006719780173816292,0.022498384036364394,0.055511311048451306,0.0006392209189411968,0.020000000000000018,2021-11-17,0.004567886129124288,49262.0,Train
2021-11-17,49262,49069,49288,48976,13310,49038.0,49269.0,0.004567886129124288,49024.857142857145,47829.8,0.005463661656548683,0.006671535834442376,0.02575741801145237,0.053034351552980974,0.004785858155681666,0.029999999999999805,2021-11-18,-0.0043644188218099345,49047.0,Train
2021-11-18,49047,49200,49237,48960,13690,49262.0,49038.0,-0.0043644188218099345,49136.857142857145,47906.8,0.006181568714155445,0.006747919385968422,0.016244327953090387,0.04942550869760565,-0.0009527862701499412,0.0,2021-11-19,-0.004444716292535733,48829.0,Train
2021-11-19,48829,49101,49275,48705,13290,49047.0,49262.0,-0.004444716292535733,49132.857142857145,47970.36666666667,0.004747295878091259,0.006821995847065303,-0.0005731010909388878,0.04064191637185122,0.00036078705478659323,-0.039999999999999813,2021-11-22,-0.017735362182309644,47963.0,Train
2021-11-22,47963,48782,48900,47910,22470,48829.0,49047.0,-0.017735362182309644,48955.0,48004.433333333334,0.00713953735228378,0.0076611100745669364,-0.025300764103397877,0.021772011674229264,0.0013114007567711639,0.029999999999999805,2021-11-23,-0.010487250588995689,47460.0,Train
2021-11-23,47460,48001,48050,47400,16920,47963.0,48829.0,-0.010487250588995689,48695.42857142857,48016.53333333333,0.007156472126433288,0.007911773726796044,-0.03687318627351499,0.007707497292821275,0.003726825593414862,0.13000000000000012,2021-11-24,0.00018963337547406312,47469.0,Train
2021-11-24,47469,47499,47700,47268,11910,47460.0,47963.0,0.00018963337547406312,48438.28571428572,48007.066666666666,0.0071999428251435784,0.007480757917575161,-0.036534128965475254,-0.00594727032856579,0.0031448852164452923,0.030000000000000027,2021-11-25,-0.0005266595040973598,47444.0,Train
2021-11-25,47444,47542,47588,47371,6430,47469.0,47460.0,-0.0005266595040973598,48210.57142857143,47996.933333333334,0.007425275713512497,0.0074810243065730605,-0.032505403972429514,-0.00636675881712323,0.0022351174621892955,-0.020000000000000018,2021-11-26,0.0034988618160356477,47610.0,Train
2021-11-26,47610,47600,48180,47512,16920,47444.0,47469.0,0.0034988618160356477,47974.57142857143,48013.73333333333,0.007211136661082183,0.007073965472218657,-0.033534976249441795,0.01069927397783732,0.0022351174621892955,-0.020000000000000018,2021-11-29,6.301197227465138e-05,47613.0,Train
2021-11-29,47613,47800,47969,47593,3060,47610.0,47444.0,6.301197227465138e-05,47769.71428571428,48027.96666666667,0.007449868382921034,0.007069748585446468,-0.029237262217872706,0.009049294282202247,0.0020572610046691864,-0.10000000000000009,2021-11-30,-0.0036544641169428127,47439.0,Train
2021-11-30,47439,47660,48119,47290,110,47613.0,47610.0,-0.0036544641169428127,47571.142857142855,48036.066666666666,0.007451636671697935,0.007107015964665783,-0.02846668987691736,0.005148741418764313,0.0006068133032015588,0.050000000000000044,2021-12-01,0.0018128544024957893,47525.0,Train
2021-12-01,47525,47488,47625,47429,30,47439.0,47613.0,0.0018128544024957893,47508.57142857143,48040.9,0.004606930908530057,0.00707969152928701,-0.009132039280278503,0.0030603630223722256,-0.003207212152923744,-0.050000000000000044,2021-12-02,-0.004587059442398789,47307.0,Train
2021-12-02,47307,47450,47465,47150,280,47525.0,47439.0,-0.004587059442398789,47486.71428571428,48040.666666666664,0.0028511882257548755,0.007127183019009104,-0.003223767383059406,-0.00014794775330773113,-0.0027373542580444443,0.06000000000000005,2021-12-03,0.0024943454457058145,47425.0,Train
2021-12-03,47425,47280,47427,47243,60,47307.0,47525.0,0.0024943454457058145,47480.42857142857,48032.566666666666,0.0030635576256042014,0.007004222832967603,-0.0009269207272114555,-0.005097759503230659,0.00111313411971814,-0.020000000000000018,2021-12-06,0.007633104902477594,47787.0,Train
2021-12-06,47787,47800,47882,47711,8500,47425.0,47307.0,0.007633104902477594,47529.42857142857,48024.46666666667,0.004220657566201439,0.0070057091602983845,0.007229575921085862,-0.005059337913803863,0.0018936716716371205,-0.050000000000000044,2021-12-07,0.0028250360976833644,47922.0,Train
2021-12-07,47922,47840,48030,47594,12770,47787.0,47425.0,0.0028250360976833644,47574.0,48032.53333333333,0.004162440526851385,0.006892592972897324,0.006553245116572182,0.005075503355704614,-0.0007217968008658149,0.07000000000000006,2021-12-08,-0.00045907933725641836,47900.0,Train
2021-12-08,47900,47995,48125,47830,10880,47922.0,47787.0,-0.00045907933725641836,47615.0,48035.73333333333,0.004185408395789077,0.0068783422710867815,0.006027765526221751,0.0020082001506149805,-0.0025681467158198412,0.020000000000000018,2021-12-09,-0.0020459290187891943,47802.0,Train
2021-12-09,47802,47900,48000,47723,9800,47900.0,47922.0,-0.0020459290187891943,47666.857142857145,48036.566666666666,0.003932338376665466,0.006888510906271586,0.007651931954720803,0.0005232643322099495,-0.0035708274531637274,-0.010000000000000009,2021-12-10,0.003995648717626921,47993.0,Train
2021-12-10,47993,47831,48088,47723,11580,47802.0,47900.0,0.003995648717626921,47733.71428571428,48052.933333333334,0.00408232660987002,0.00683543585486001,0.009847448711204576,0.010336406888131089,0.002915754951845928,0.020000000000000018,2021-12-13,0.002354510032713142,48106.0,Train
2021-12-13,48106,48002,48150,47970,9500,47993.0,47802.0,0.002354510032713142,47847.857142857145,48066.73333333333,0.003110833932512527,0.006811830029571472,0.01688967806032937,0.008680701165813876,-0.0017723513194171092,0.020000000000000018,2021-12-14,-0.00438614725813824,47895.0,Train
2021-12-14,47895,48154,48154,47760,12200,48106.0,47993.0,-0.00438614725813824,47915.0,48073.8,0.004027798173481298,0.00686533771867071,0.009910384818133888,0.004446028983075667,0.002325798714580829,-0.020000000000000018,2021-12-15,0.00010439503079662238,47900.0,Train
2021-12-15,47900,47870,48038,47780,8170,47895.0,48106.0,0.00010439503079662238,47931.142857142855,48105.1,0.0029529808425844154,0.006227414448189006,0.002364659844727557,0.019995315261600144,0.003433124428100287,0.04999999999999993,2021-12-16,0.01058455114822543,48407.0,Train
2021-12-16,48407,48008,48428,47994,13340,47900.0,47895.0,0.01058455114822543,48000.42857142857,48133.36666666667,0.004872984387480801,0.0060948914217378745,0.010120612662242845,0.017830484240627387,0.0015674507074605604,0.010000000000000009,2021-12-17,0.0012394901563823613,48467.0,Train
2021-12-17,48467,48300,48638,48300,15390,48407.0,47900.0,0.0012394901563823613,48081.42857142857,48150.3,0.004803894671913937,0.005916304108192179,0.011837160751565712,0.010592380992097361,-0.0060753174445700164,-0.05999999999999994,2021-12-20,-0.006953184641095955,48130.0,Train
2021-12-20,48130,48402,48499,48100,9820,48467.0,48407.0,-0.006953184641095955,48128.28571428572,48153.8,0.005712484783412374,0.006061045027640006,0.0068616375883854275,0.0021863612701717994,0.0006602451203219228,0.010000000000000009,2021-12-21,-0.004093081238312868,47933.0,Train
2021-12-21,47933,48130,48173,47830,11300,48130.0,48467.0,-0.004093081238312868,48119.71428571428,48142.8,0.00582055695663689,0.006035686387636384,-0.0012501823182548,-0.006837536000663058,0.0018844297052449388,0.010000000000000009,2021-12-22,0.0019402082072892401,48026.0,Train
2021-12-22,48026,47951,48046,47825,7080,47933.0,48130.0,0.0019402082072892401,48108.28571428572,48115.1,0.005792716757929828,0.0055732911776740935,-0.00166299422109506,-0.017008821663221263,0.0008594145981526413,0.0,2021-12-23,-0.00029150876608508014,48012.0,Train
2021-12-23,48012,47900,48195,47880,7160,48026.0,47933.0,-0.00029150876608508014,48125.0,48075.23333333333,0.005501732907295921,0.005378989906186676,0.0024428437206389653,-0.024304991058364478,-0.0031039825543088817,-0.050000000000000044,2021-12-24,-0.0006248437890526981,47982.0,Train
2021-12-24,47982,48053,48099,47931,3840,48012.0,48026.0,-0.0006248437890526981,48136.71428571428,48032.066666666666,0.0055143036456734495,0.005363005161234882,0.0017118997912317635,-0.026280008929114973,-0.0018557475906816334,0.040000000000000036,2021-12-27,-0.0010212162894418508,47933.0,Train
2021-12-27,47933,47996,48074,47886,6530,47982.0,48012.0,-0.0010212162894418508,48069.0,47987.53333333333,0.003114148893628996,0.00536137085434255,-0.009791972235420499,-0.027116442387708273,-0.0018557475906816334,0.040000000000000036,2021-12-28,-0.0009388104228819083,47888.0,Train
2021-12-28,47888,47962,48094,47837,8530,47933.0,47982.0,-0.0009388104228819083,47986.28571428572,47949.2,0.0029084044014842272,0.005313545944066584,-0.011946272721645612,-0.023451201109343733,-0.0005652030533082053,-0.050000000000000044,2021-12-29,-0.0044896424991647255,47673.0,Train
2021-12-29,47673,47864,47864,47463,10190,47888.0,47933.0,-0.0044896424991647255,47921.0,47896.23333333333,0.002240910250270893,0.005256393500330259,-0.009495117390400987,-0.03225610003653934,-0.00042609060141129973,0.010000000000000009,2021-12-30,0.0015312650766681202,47746.0,Train
2021-12-30,47746,47614,47848,47402,5050,47673.0,47888.0,0.0015312650766681202,47894.28571428572,47852.86666666667,0.002101544606305964,0.005239506695405233,-0.00390127886842051,-0.0265255775072889,-0.00044533318546657874,0.030000000000000027,2021-12-31,0.005194152389728979,47994.0,Train
2021-12-31,47994,47800,48159,47706,860,47746.0,47673.0,0.005194152389728979,47889.71428571428,47825.03333333333,0.002938874828793953,0.0053086071043121135,-0.0006663057510515324,-0.01710049355915544,-0.0007350404532286969,-0.08000000000000007,2022-01-03,-0.010855523607117501,47473.0,Train
2022-01-03,47473,47940,48100,47327,210,47994.0,47746.0,-0.010855523607117501,47812.71428571428,47808.7,0.005028306002327976,0.0046486935019329975,-0.011226360076647457,-0.01021620832725223,-0.0007350404532286969,0.020000000000000018,2022-01-04,0.006108735491753281,47763.0,Train
2022-01-04,47763,47730,47842,47402,80,47473.0,47994.0,0.006108735491753281,47781.42857142857,47818.8,0.005826783401891319,0.004378103339049846,-0.004564211579342281,0.006384323640960865,0.0011025042720955724,0.07000000000000006,2022-01-05,0.004417645457781116,47974.0,Train
2022-01-05,47974,47924,48099,47872,90,47763.0,47473.0,0.004417645457781116,47787.28571428572,47835.63333333333,0.0061224051473771435,0.004444591014985078,0.0008553606075145659,0.010638521982767601,-0.0008647423405750976,0.05999999999999994,2022-01-06,-0.009901196481427399,47499.0,Train
2022-01-06,47499,48030,48030,47450,18240,47974.0,47763.0,-0.009901196481427399,47731.71428571428,47837.46666666667,0.007223327605596301,0.004822712227997839,-0.008123120614767831,0.0011592614450721683,-0.001502901301965176,0.09000000000000008,2022-01-07,-0.0003789553464284001,47481.0,Train
2022-01-07,47481,47501,47570,47300,12490,47499.0,47974.0,-0.0003789553464284001,47704.28571428572,47833.166666666664,0.007071315242034986,0.004778851215166854,-0.004027436913976445,-0.0027095148078134512,0.0023241877068187478,0.08999999999999997,2022-01-10,-0.00021061056001348,47471.0,Train
2022-01-10,47471,47400,47523,47333,11650,47481.0,47499.0,-0.00021061056001348,47665.0,47828.433333333334,0.007016103016938533,0.004778831173858174,-0.005759644786997864,-0.002982378762102833,-0.0031151271266482983,0.010000000000000009,2022-01-11,0.004697604853489468,47694.0,Train
2022-01-11,47694,47550,47712,47492,9950,47471.0,47481.0,0.004697604853489468,47622.142857142855,47836.933333333334,0.0069475310865594565,0.004807125570958555,-0.006250781347668433,0.0053753241004237395,0.0015341809429518793,0.020000000000000018,2022-01-12,0.0022644357780852165,47802.0,Train
2022-01-12,47802,47650,47848,47643,9530,47694.0,47471.0,0.0022644357780852165,47669.142857142855,47846.166666666664,0.005404531092959797,0.0048130861804593535,0.0069302550923682205,0.005828511309836859,-0.003370895734827406,-0.09000000000000008,2022-01-13,-0.0008995439521358728,47759.0,Train
2022-01-13,47759,47794,47926,47671,9070,47802.0,47694.0,-0.0008995439521358728,47668.57142857143,47861.23333333333,0.004928515176647412,0.004732905688842687,-8.374683332290633e-05,0.009554611368296495,-0.004164300916459696,0.050000000000000044,2022-01-14,0.0009212923218659963,47803.0,Train
2022-01-14,47803,47800,47989,47780,12530,47759.0,47802.0,0.0009212923218659963,47644.142857142855,47873.833333333336,0.004570153079305571,0.004716762174391438,-0.003564430733313917,0.007970479704797029,-0.0015565563377202274,0.010000000000000009,2022-01-17,0.0021965148630838094,47908.0,Train
2022-01-17,47908,47814,47970,47806,4650,47803.0,47759.0,0.0021965148630838094,47702.57142857143,47877.86666666667,0.0019715811228035937,0.004524864073279467,0.008610707593844191,0.0025320693912569414,0.001799837095036505,0.06999999999999995,2022-01-18,0.0003757201302496682,47926.0,Train
2022-01-18,47926,47920,48034,47790,10820,47908.0,47803.0,0.0003757201302496682,47766.142857142855,47878.0,0.001887972487877559,0.004495895838852846,0.009372169920599749,8.346897041033863e-05,0.001799837095036505,0.06999999999999995,2022-01-19,0.009222551433459847,48368.0,Train
2022-01-19,48368,47934,48399,47922,13010,47926.0,47908.0,0.009222551433459847,47894.28571428572,47893.6,0.0033788065973214556,0.004798190294252965,0.018895746877040764,0.00977035490605438,0.003101873101217567,0.07000000000000006,2022-01-20,8.269930532578407e-05,48372.0,Train
2022-01-20,48372,48368,48538,48296,8930,48368.0,47926.0,8.269930532578407e-05,47991.142857142855,47912.6,0.0033703426923341506,0.004777457339075755,0.01421562460686876,0.01192418727249911,-0.001101646979665749,0.020000000000000018,2022-01-21,-0.002666832051600121,48243.0,Train
2022-01-21,48243,48394,48501,48125,9810,48372.0,48368.0,-0.002666832051600121,48054.142857142855,47920.933333333334,0.0037995907602857513,0.004759669416415564,0.00922555541609138,0.005209092992728204,-0.001279982968461102,0.06999999999999995,2022-01-24,0.006094148373857244,48537.0,Train
2022-01-24,48537,48270,48597,48255,11200,48243.0,48372.0,0.006094148373857244,48165.28571428572,47935.3,0.0040314440937204155,0.0048662473930614,0.016290123327540318,0.00895938136614971,0.0012956015942102717,-0.08999999999999997,2022-01-25,0.006160248882296049,48836.0,Train
2022-01-25,48836,48560,48888,48527,9160,48537.0,48243.0,0.006160248882296049,48312.857142857145,47966.666666666664,0.004211219924011962,0.004896232549161063,0.021609522414911098,0.01964714479590768,0.005155633111571634,-0.040000000000000036,2022-01-27,-0.017650913260709333,47974.0,Train
2022-01-27,47974,48701,48701,47880,10780,48836.0,48537.0,-0.017650913260709333,48322.28571428572,47969.13333333333,0.008931066451458114,0.005929775422583429,0.0013776404775820428,0.0015448851774531036,-0.0006356075696346553,0.09999999999999998,2022-01-28,-0.006711968983199257,47652.0,Train
2022-01-28,47652,47833,48039,47517,6980,47974.0,48836.0,-0.006711968983199257,48283.142857142855,47943.96666666667,0.009305843564374128,0.005708796691403621,-0.005717147268705869,-0.015596917801144472,0.007696438160014196,-0.05999999999999994,2022-01-31,0.003945269873247614,47840.0,Train
2022-01-31,47840,47652,47904,47564,2300,47652.0,47974.0,0.003945269873247614,48207.71428571428,47923.066666666666,0.00854279209121283,0.005758515377953804,-0.01091630830301027,-0.012936637299605924,0.0005285485178223581,-0.07000000000000006,2022-02-01,0.0026337792642141533,47966.0,Train
2022-02-01,47966,48509,48509,47501,450,47840.0,47652.0,0.0026337792642141533,48149.71428571428,47917.6,0.008676688553598906,0.0056482910400026875,-0.008393285371702586,-0.003407438188240186,-0.004078790547685118,0.010000000000000009,2022-02-02,0.001730392361255939,48049.0,Train
2022-02-02,48049,48151,48151,47915,630,47966.0,47840.0,0.001730392361255939,48122.0,47921.46666666667,0.00870944854546138,0.005606178016176918,-0.00402130879091267,0.0024200446456512648,-0.0017089801498710866,0.030000000000000027,2022-02-03,-0.0034339944639847353,47884.0,Train
2022-02-03,47884,47980,48070,47500,70,48049.0,47966.0,-0.0034339944639847353,48028.71428571428,47916.73333333333,0.008230725388454851,0.005631019360501126,-0.013453653913509278,-0.002956731770291099,-0.0018609932520574635,-0.010000000000000009,2022-02-04,0.004114109096984286,48081.0,Train
2022-02-04,48081,48009,48900,47953,30,47884.0,48049.0,0.004114109096984286,47920.857142857145,47919.03333333333,0.007927346624000993,0.005682613934667807,-0.01545990662625929,0.0014371407148212612,-0.002147562650993806,0.06999999999999995,2022-02-07,0.001809446558931782,48168.0,Train
2022-02-07,48168,47950,48181,47925,7880,48081.0,47884.0,0.001809446558931782,47948.57142857143,47925.23333333333,0.004085600280807059,0.005689820534622095,0.004043857089256697,0.0038764536701263452,0.001999016591750724,0.08000000000000007,2022-02-08,0.0036746387643249445,48345.0,Train
2022-02-08,48345,48185,48394,48106,7950,48168.0,48081.0,0.0036746387643249445,48047.57142857143,47938.96666666667,0.0026161316861375208,0.005721145915437018,0.01454293628808867,0.008595330982830163,-0.0010978302219458724,0.0,2022-02-09,0.004757472334264046,48575.0,Train
2022-02-09,48575,48396,48600,48327,9230,48345.0,48168.0,0.004757472334264046,48152.57142857143,47961.86666666667,0.0027288672129998043,0.005772863707640805,0.015363712374582006,0.014345973939191348,0.0006903759505711982,0.019999999999999962,2022-02-10,0.006011322696860555,48867.0,Train
2022-02-10,48867,48550,48936,48400,10510,48575.0,48345.0,0.006011322696860555,48281.28571428572,48001.666666666664,0.0030956633705220174,0.005778802328948571,0.018784138764958547,0.02504562330879123,-0.0023112507515909986,-0.019999999999999962,2022-02-11,0.00321280209548358,49024.0,Train
2022-02-11,49024,48694,49048,48560,9900,48867.0,48575.0,0.00321280209548358,48420.57142857143,48044.26666666667,0.0030715875212839867,0.005793862458624743,0.020291785469000345,0.026766640137393605,-0.0023557956928564883,0.06,2022-02-14,0.016379732375979117,49827.0,Train
2022-02-14,49827,49180,49915,49152,11920,49024.0,48867.0,0.016379732375979117,48698.142857142855,48105.36666666667,0.004881617820513048,0.00640735373318503,0.04057722830172916,0.03819227403425418,0.0025193644497250034,-0.09000000000000002,2022-02-15,-0.009934372930338942,49332.0,Train
2022-02-15,49332,49950,50250,49157,16140,49827.0,49024.0,-0.009934372930338942,48876.857142857145,48167.333333333336,0.0077130233864884205,0.0063491856040510395,0.026018593623260644,0.039159100962652404,0.0030764193717764954,0.010000000000000009,2022-02-16,0.004337955079867006,49546.0,Train
2022-02-16,49546,49332,49598,49182,9160,49332.0,49827.0,0.004337955079867006,49073.71428571428,48226.76666666667,0.007668722834220977,0.006311062828830072,0.028608204617173172,0.037330150953666985,-0.0022969826710625973,0.07,2022-02-17,0.014753966011383346,50277.0,Train
2022-02-17,50277,49482,50381,49482,16180,49546.0,49332.0,0.014753966011383346,49349.71428571428,48303.53333333333,0.008655156945242028,0.006756833121785221,0.039962767607818694,0.04800516946679445,-0.002100408944575083,0.0,2022-02-18,-0.004833223939375908,50034.0,Train
2022-02-18,50034,49922,50178,49760,11360,50277.0,49546.0,-0.004833223939375908,49558.142857142855,48388.03333333333,0.009533680119775819,0.006518887738124527,0.030036026762737977,0.05336954462199195,-0.00011422233770397305,-0.030000000000000027,2022-02-21,-0.0007195107327017114,49998.0,Train
2022-02-21,49998,50100,50100,49713,9240,50034.0,50277.0,-0.0007195107327017114,49719.71428571428,48471.933333333334,0.009667908786922644,0.006523027444090341,0.02314445331205106,0.053010677955392715,0.0010699757140801847,-0.02999999999999997,2022-02-22,0.003760150406016294,50186.0,Train
2022-02-22,50186,50150,50577,49961,15450,49998.0,50034.0,0.003760150406016294,49885.71428571428,48562.433333333334,0.009669168133950972,0.006522287540513672,0.02370267624020883,0.05719281245391916,0.0010699757140801847,-0.02999999999999997,2022-02-23,0.0007970350296895301,50226.0,Train
2022-02-23,50226,50186,50269,49850,8400,50186.0,49998.0,0.0007970350296895301,49942.71428571428,48646.833333333336,0.007792346550986914,0.006502953980365781,0.00800770666506101,0.05308843879733294,-0.0008536719216851729,-0.020000000000000018,2022-02-24,0.023434077967586564,51403.0,Train
2022-02-24,51403,50360,52635,50360,24780,50226.0,50186.0,0.023434077967586564,50238.57142857143,48766.86666666667,0.009814175361446612,0.007614690619221468,0.04198086434768511,0.07533157608468266,-0.00029119391247789395,-0.030000000000000027,2022-02-25,-0.0265354162208431,50039.0,Train
2022-02-25,50039,51180,51180,49888,11190,51403.0,50226.0,-0.0265354162208431,50309.0,48842.86666666667,0.01577651642025939,0.009263655591042547,0.009950349170467776,0.0477396930421492,0.011120045209249918,-0.04999999999999993,2022-02-28,0.009812346369831637,50530.0,Train
2022-02-28,50530,50680,50970,50246,2200,50039.0,51403.0,0.009812346369831637,50345.142857142855,48933.76666666667,0.015185253659067218,0.009382741033718786,0.00503212204387693,0.057046628872664984,-0.005901231565120124,0.020000000000000018,2022-03-01,0.02048288145656052,51565.0,Train
2022-03-01,51565,51168,51696,50843,500,50530.0,50039.0,0.02048288145656052,50563.857142857145,49055.666666666664,0.01656724259867703,0.009978182556982946,0.030599192549066734,0.07633380646238619,-0.0003062702101465087,-0.22000000000000008,2022-03-02,-0.008377775623000128,51133.0,Train
2022-03-02,51133,51684,51811,51020,220,51565.0,50530.0,-0.008377775623000128,50726.0,49162.566666666666,0.01720480345834492,0.010168706769556944,0.02270090803632141,0.06691566164503615,0.004979934457189028,-0.10999999999999999,2022-03-03,0.008526783095065715,51569.0,Train
2022-03-03,51569,51351,51725,51250,40,51133.0,51565.0,0.008526783095065715,50923.57142857143,49269.26666666667,0.017318203638295216,0.010152945985842057,0.02755748615151643,0.06618011908699972,-0.00029275572082676504,0.050000000000000044,2022-03-04,0.013671003897690381,52274.0,Train
2022-03-04,52274,51752,52448,51366,120,51569.0,51133.0,0.013671003897690381,51216.142857142855,49399.333333333336,0.017600183123076228,0.01035682823242797,0.04077569386373581,0.08066650128173314,0.0016171067782861925,0.020000000000000018,2022-03-07,0.022707273214217283,53461.0,Train
2022-03-07,53461,52558,53938,52558,32759,52274.0,51569.0,0.022707273214217283,51510.142857142855,49573.26666666667,0.01748096271197485,0.010928709703271961,0.04003657374083214,0.10816076943805308,0.006044010539070888,-0.10000000000000009,2022-03-08,0.012813078692878843,54146.0,Train
2022-03-08,54146,53467,55428,53340,51930,53461.0,52274.0,0.012813078692878843,52096.857142857145,49760.23333333333,0.010160708470599453,0.011052130471192148,0.08207598073502664,0.1155613243504956,0.00580795763062758,-0.05999999999999994,2022-03-09,-0.02626232778044546,52724.0,Train
2022-03-09,52724,54663,55000,52589,48040,54146.0,53461.0,-0.02626232778044546,52410.28571428572,49889.833333333336,0.017548807975371457,0.012317209403355721,0.043419750643182375,0.07961339995085592,0.00247000284672505,-0.050000000000000044,2022-03-10,0.008705712768378726,53183.0,Train
2022-03-10,53183,52680,53439,52410,33010,52724.0,54146.0,0.008705712768378726,52641.42857142857,50063.46666666667,0.01648620030675686,0.011747528471617174,0.031377872587995626,0.10857964730895908,-0.008684924705146035,0.14,2022-03-11,-0.006675065340428388,52828.0,Train
2022-03-11,52828,53001,53148,52227,34030,53183.0,52724.0,-0.006675065340428388,52883.57142857143,50236.0,0.01627504003460248,0.011746423201993133,0.033148847124166325,0.10862083438260717,0.0012350327326555721,0.020000000000000018,2022-03-14,-0.011168319830393014,52238.0,Train
2022-03-14,52238,52613,52750,52061,22340,52828.0,53183.0,-0.011168319830393014,52979.142857142855,50382.6,0.017196448804713892,0.012047355433760362,0.012972910081638256,0.09193143812709037,0.0023907808884864323,-0.05999999999999994,2022-03-15,-0.013706497185956623,51522.0,Train
2022-03-15,51522,51900,52009,51202,25680,52238.0,52828.0,-0.013706497185956623,52871.71428571428,50501.13333333333,0.017205044890587703,0.012428137929524864,-0.014385736695106566,0.07413584622440905,0.0011228926535131745,0.1499999999999999,2022-03-16,-0.008093629905671418,51105.0,Train
2022-03-16,51105,51400,51476,51000,16210,51522.0,52238.0,-0.008093629905671418,52535.142857142855,50603.0,0.013359631188908013,0.012576605819422491,-0.0440695086137558,0.06360173989052842,0.0008143364182513491,0.10000000000000009,2022-03-17,0.009627238039330743,51597.0,Train
2022-03-17,51597,51400,51750,51318,14700,51105.0,51522.0,0.009627238039330743,52171.0,50726.76666666667,0.012632856527147452,0.012603252852522201,-0.04707642300446935,0.07754155876702029,-0.003741705473960688,0.07999999999999996,2022-03-18,-0.004147527957051755,51383.0,Train
2022-03-18,51383,51550,51670,51296,7070,51597.0,51105.0,-0.004147527957051755,51979.42857142857,50836.833333333336,0.009271373064597804,0.012658476538242364,-0.02543433730369471,0.06867577629417032,-0.006511579327661887,-0.09999999999999998,2022-03-21,0.0031722554152151528,51546.0,Train
2022-03-21,51546,51390,51722,51283,11700,51383.0,51597.0,0.0031722554152151528,51745.57142857143,50949.433333333334,0.008219902951048004,0.012659122836318823,-0.030780512569806184,0.07012954658694559,0.0007850287858250926,-0.010000000000000009,2022-03-22,-0.006343848213246406,51219.0,Train
2022-03-22,51219,51595,51842,50980,16200,51546.0,51383.0,-0.006343848213246406,51515.71428571428,51045.23333333333,0.008205749055212016,0.012754471806573995,-0.03045733323237676,0.059447719515978825,-0.00170487128221819,0.14,2022-03-23,0.0070481657197525305,51580.0,Train
2022-03-23,51580,51238,51620,51103,11740,51219.0,51546.0,0.0070481657197525305,51421.71428571428,51145.4,0.008574414877263651,0.012778349294748751,-0.012596194341284117,0.06186309830159553,0.0012299486457627573,0.04999999999999993,2022-03-24,0.005060100814268997,51841.0,Train
2022-03-24,51841,51666,51922,51504,17160,51580.0,51219.0,0.005060100814268997,51467.28571428572,51244.53333333333,0.007015107379797773,0.012769439838954177,0.006191529831916398,0.06085906644565853,-0.000666767744292085,-0.08999999999999997,2022-03-25,-0.0029706217086862274,51687.0,Train
2022-03-25,51687,51924,51924,51542,10900,51841.0,51580.0,-0.0029706217086862274,51550.42857142857,51333.3,0.006131667818397087,0.012799894048093613,0.01138831816847663,0.054320332898172285,-0.0003887763458471083,0.040000000000000036,2022-03-28,-0.004740070036953203,51442.0,Train
2022-03-28,51442,51602,51747,51257,13950,51687.0,51841.0,-0.004740070036953203,51528.28571428572,51387.13333333333,0.0053675626532497965,0.012551243765662422,-0.0030040506230982755,0.032412146025247335,-0.0014470519550292549,0.10999999999999999,2022-03-29,-0.01384083044982698,50730.0,Train
2022-03-29,50730,51292,51296,50340,17870,51442.0,51687.0,-0.01384083044982698,51435.0,51433.73333333333,0.00736791279487314,0.012689600982557801,-0.012708483350524546,0.02833860374604713,0.0034458309331983905,-0.020000000000000018,2022-03-30,0.00615020697811941,51042.0,Train
2022-03-30,51042,50930,51343,50735,5640,50730.0,51442.0,0.00615020697811941,51363.0,51483.6,0.007777585844776953,0.012710287373018391,-0.009777674310324724,0.030194163000040408,-0.005363577761119509,0.03999999999999998,2022-03-31,0.01157869989420468,51633.0,Train
2022-03-31,51633,51100,51788,50906,430,51042.0,50730.0,0.01157869989420468,51422.142857142855,51528.8,0.008758106828858048,0.012605196150326927,0.008082937972236914,0.02697058297034438,-0.004206185281553032,-0.06,2022-04-01,-0.007146592295624865,51264.0,Train
2022-04-01,51264,51531,51605,51200,200,51633.0,51042.0,-0.007146592295624865,51377.0,51569.8,0.008817056984196521,0.012648886480107029,-0.00612640558355948,0.024583283367310305,0.0012165259841261378,-0.010000000000000009,2022-04-04,-0.0006827403245942554,51229.0,Train
2022-04-04,51229,51209,51306,50950,190,51264.0,51633.0,-0.0006827403245942554,51289.57142857143,51610.833333333336,0.008435019114328802,0.01264872719137278,-0.011805327829324308,0.024620984839393678,0.002253045864584635,0.11000000000000004,2022-04-05,0.007612875519725115,51619.0,Train
2022-04-05,51619,51300,52200,51127,340,51229.0,51264.0,0.007612875519725115,51279.857142857145,51658.6,0.009085344372781532,0.01269834982831281,-0.001315611275562567,0.0285537799386284,-0.0006078901017826377,0.02999999999999997,2022-04-06,-0.003603324357310256,51433.0,Train
2022-04-06,51433,51339,51645,51158,13160,51619.0,51229.0,-0.003603324357310256,51278.57142857143,51698.833333333336,0.008999435114064515,0.0127263610315766,-0.00017495431748382195,0.02403137817066847,0.0027622969001275255,0.08000000000000002,2022-04-07,0.004821807011062829,51681.0,Train
2022-04-07,51681,51450,51760,51398,9940,51433.0,51619.0,0.004821807011062829,51414.42857142857,51708.1,0.006677072429274762,0.012022664942790442,0.01874630396215249,0.005408244654981242,0.00232869610299824,0.07999999999999999,2022-04-08,0.0033474584470114532,51854.0,Train
2022-04-08,51854,51622,51969,51515,12000,51681.0,51433.0,0.0033474584470114532,51530.42857142857,51768.6,0.006516101401809116,0.010913717249379073,0.01590846753653863,0.0362717080677073,0.0030319096203001994,0.06,2022-04-11,0.0025263239094379664,51985.0,Train
2022-04-11,51985,51999,52521,51840,15750,51854.0,51681.0,0.0025263239094379664,51580.71428571428,51817.1,0.005108220989961889,0.010796957234201952,0.00681734549609736,0.028794775380961868,0.000570685992065334,0.010000000000000009,2022-04-12,0.012907569491199311,52656.0,Train
2022-04-12,52656,52100,52764,52100,15370,51985.0,51854.0,0.012907569491199311,51779.57142857143,51853.46666666667,0.005404405518434783,0.010407218629756533,0.027153558052434468,0.021157762047900652,0.001052246395734091,0.03,2022-04-13,0.004083105439076196,52871.0,Train
2022-04-13,52871,52619,52925,52580,9290,52656.0,51985.0,0.004083105439076196,52014.142857142855,51911.4,0.005025546684837804,0.01027819732592768,0.0320521579574069,0.03398979132849633,-0.001317143197920645,-0.020000000000000018,2022-04-14,-0.0014752889107449985,52793.0,Train
2022-04-14,52793,52805,52911,52400,7840,52871.0,52656.0,-0.0014752889107449985,52181.857142857145,51952.2,0.005264029048684937,0.010193064366329515,0.022743563416571355,0.023735189745777596,-0.0009193498220585461,0.04000000000000001,2022-04-18,0.005890932509991842,53104.0,Train
2022-04-18,53104,52950,53478,52950,13890,52793.0,52871.0,0.005890932509991842,52420.57142857143,51979.86666666667,0.004354601963692793,0.009951263649769183,0.03248886901405723,0.015877874277843596,-0.00046336027846149985,0.04000000000000001,2022-04-19,-0.009434317565531813,52603.0,Train
2022-04-19,52603,53000,53259,52507,15290,53104.0,52793.0,-0.009434317565531813,52552.28571428572,51951.26666666667,0.00684659044594539,0.009186945767731115,0.017840212070199923,-0.016049082508744705,0.0012202050184357827,-0.010000000000000009,2022-04-20,-0.0019770735509381243,52499.0,Train
2022-04-20,52499,52511,52545,52183,12710,52603.0,53104.0,-0.0019770735509381243,52644.42857142857,51896.36666666667,0.007036295817450214,0.008838210599542855,0.012438770393798038,-0.030417759391275445,0.0024673903089673654,0.07,2022-04-21,-0.002723861406883965,52356.0,Train
2022-04-21,52356,52498,52498,52101,12110,52499.0,52603.0,-0.002723861406883965,52697.42857142857,51884.1,0.007221941375951443,0.007453784066026055,0.007136674040588709,-0.00697974357029052,-0.0034303062175794485,-0.07,2022-04-22,-0.002024600809840349,52250.0,Train
2022-04-22,52250,52349,52630,52102,15490,52356.0,52499.0,-0.002024600809840349,52639.42857142857,51853.0,0.004993333302455256,0.007266471025060296,-0.007710422364023084,-0.01754319989470321,0.003534634448893348,-0.04999999999999999,2022-04-25,-0.015081339712918695,51462.0,Train
2022-04-25,51462,52125,52125,51380,13730,52250.0,52356.0,-0.015081339712918695,52438.142857142855,51807.46666666667,0.006657809006427312,0.007661580742344363,-0.026649770195381173,-0.025857499810706397,0.007472904957351423,0.039999999999999994,2022-04-26,0.0037503400567409084,51655.0,Train
2022-04-26,51655,51528,51800,51473,9140,51462.0,52250.0,0.0037503400567409084,52275.57142857143,51788.03333333333,0.007234150528968604,0.007449614512916118,-0.021555888091224218,-0.01116045790420761,0.005155966940804113,-0.020000000000000004,2022-04-27,-0.005769044622979336,51357.0,Train
2022-04-27,51357,51693,51693,51223,9730,51655.0,51462.0,-0.005769044622979336,52026.0,51782.53333333333,0.006071734922076793,0.007091108866986442,-0.03289771015366072,-0.003202515430301589,0.002826504230483584,0.020000000000000004,2022-04-28,0.0006620324395896215,51391.0,Train
2022-04-28,51391,51224,51450,51000,9190,51357.0,51655.0,0.0006620324395896215,51852.857142857145,51792.066666666666,0.0059722870969740344,0.006928335619804713,-0.02304051099747162,0.005596321299285778,0.004273619227587844,0.020000000000000004,2022-04-29,0.00813371991204681,51809.0,Train
2022-04-29,51809,51600,51987,51553,1990,51391.0,51357.0,0.00813371991204681,51754.28571428572,51799.13333333333,0.0074000974230389194,0.006863390193681467,-0.013143107487761707,0.0041087660135279425,0.004994525859038257,-0.06,2022-05-02,-0.018877029087610242,50831.0,Train
2022-05-02,50831,51201,51920,50575,690,51809.0,51391.0,-0.018877029087610242,51536.42857142857,51780.73333333333,0.009831713413547428,0.0076624569611756415,-0.02912751165100469,-0.01074285269447095,-0.004782309950652652,0.13,2022-05-03,0.0037575495268635795,51022.0,Train
2022-05-03,51022,52300,52300,50660,80,50831.0,51809.0,0.0037575495268635795,51361.0,51763.26666666667,0.010275123347773758,0.007672424331184052,-0.02350239234449758,-0.010165677259147188,0.0032570863805752026,0.16999999999999998,2022-05-04,-0.003645486260828612,50836.0,Train
2022-05-04,50836,50882,50970,50804,30,51022.0,50831.0,-0.003645486260828612,51271.57142857143,51750.5,0.00891780581301764,0.007614874138384586,-0.012164315417201088,-0.007477693824557319,-0.001486455487664906,-0.03999999999999998,2022-05-05,0.01607128806357694,51653.0,Train
2022-05-05,51653,51699,51900,51240,10,50836.0,51022.0,0.01607128806357694,51271.28571428572,51752.933333333334,0.011119794617445038,0.008076158555463935,-3.871842028846384e-05,0.0014152772392399537,-0.0012121536152001067,-0.07,2022-05-06,-0.005265909046909156,51381.0,Train
2022-05-06,51381,50953,51543,50953,14580,51653.0,50836.0,-0.005265909046909156,51274.71428571428,51737.6,0.011077476235880923,0.008076578723153472,0.0004673170161808571,-0.008873285623348326,0.0037437520491940823,0.10999999999999999,2022-05-09,-0.006909168758879702,51026.0,Train
2022-05-09,51026,51395,51416,50975,12930,51381.0,51653.0,-0.006909168758879702,51222.57142857143,51715.566666666666,0.011381131941442413,0.008153709492552712,-0.007102410927983471,-0.0127885154874533,-0.001242429595656236,0.08000000000000002,2022-05-10,-0.0071336181554502165,50662.0,Train
2022-05-10,50662,51052,51150,50584,13110,51026.0,51381.0,-0.0071336181554502165,51058.71428571428,51689.566666666666,0.010795326274749079,0.008209196541660479,-0.022139010596614495,-0.015162707515259943,0.005335493672913971,0.03999999999999998,2022-05-11,0.003947732027949957,50862.0,Train
2022-05-11,50862,50575,50920,50365,14930,50662.0,51026.0,0.003947732027949957,51063.142857142855,51693.96666666667,0.008441346046282267,0.007844960218831083,0.0006098640593339422,0.0026020106445889812,0.0022988086030213406,0.040000000000000036,2022-05-12,-0.012052219731823355,50249.0,Train
2022-05-12,50249,50877,51057,50200,14270,50862.0,50662.0,-0.012052219731823355,50952.71428571428,51667.53333333333,0.009369121050827052,0.008063077030435075,-0.015150327309787937,-0.015536225069550547,-0.0031604432072412925,-0.13000000000000003,2022-05-13,-0.0060697725327867325,49944.0,Train
2022-05-13,49944,50300,50302,49747,12480,50249.0,50862.0,-0.0060697725327867325,50825.28571428572,51611.23333333333,0.009478172212602928,0.00779139491148638,-0.017546620505153876,-0.03271163790599041,0.0073683991943021,0.04000000000000001,2022-05-16,0.00694778151529718,50291.0,Train
2022-05-16,50291,50095,50338,49660,12980,49944.0,50249.0,0.00694778151529718,50630.71428571428,51578.8,0.006729554050480573,0.007837686094129413,-0.026368265154008474,-0.018980181023720344,-0.0035900514183754284,-0.010000000000000009,2022-05-17,-0.0010737507705156357,50237.0,Train
2022-05-17,50237,50398,50550,50191,11210,50291.0,49944.0,-0.0010737507705156357,50467.28571428572,51545.73333333333,0.0067628481177301174,0.00783813837957368,-0.02226503960608006,-0.019364032091198302,-0.0012917459009202936,-0.03999999999999998,2022-05-18,-3.9811294464286995e-05,50235.0,Train
2022-05-18,50235,50159,50395,49910,13460,50237.0,50291.0,-3.9811294464286995e-05,50354.28571428572,51499.6,0.006630642935411938,0.007683910723184222,-0.015501900991651274,-0.02681183285224431,-0.0066369426646040175,0.07,2022-05-19,0.006847815268239188,50579.0,Train
2022-05-19,50579,50344,50780,50085,15310,50235.0,50237.0,0.006847815268239188,50342.42857142857,51471.13333333333,0.0069962298124506325,0.007792192545053104,-0.0016383087915992078,-0.016604125755837695,0.0011702676935216871,-0.1,2022-05-20,0.005199786472646739,50842.0,Train
2022-05-20,50842,50551,50886,50514,11760,50579.0,50235.0,0.005199786472646739,50339.57142857143,51443.166666666664,0.0071349660791913535,0.0078014420415753434,-0.0003932208721638686,-0.01623420599446601,-0.004995526021558394,0.07999999999999999,2022-05-23,0.0018095275559577573,50934.0,Train
2022-05-23,50934,50854,51165,50827,10010,50842.0,50579.0,0.0018095275559577573,50437.42857142857,51412.5,0.004777836206088178,0.007780203621313673,0.01363211208183257,-0.017742122112083925,-0.0005032329156193782,-0.01999999999999999,2022-05-24,0.004162249185220013,51146.0,Train
2022-05-24,51146,50875,51239,50875,9990,50934.0,50842.0,0.004162249185220013,50609.142857142855,51384.53333333333,0.003231882291429966,0.007808315991922392,0.02406695498958844,-0.016139270943541395,-0.005452061152221299,0.03,2022-05-25,-0.006471669338755759,50815.0,Train
2022-05-25,50815,51100,51143,50700,10610,51146.0,50934.0,-0.006471669338755759,50684.0,51323.166666666664,0.0045094905569792515,0.007453329557646614,0.010419359328706967,-0.03496277727134611,-0.0007783222102328846,-0.05000000000000002,2022-05-26,0.0008462068286922975,50858.0,Train
2022-05-26,50858,50800,50918,50615,7050,50815.0,51146.0,0.0008462068286922975,50772.71428571428,51256.066666666666,0.004384172326006888,0.007398055648413986,0.012361406931146401,-0.038073802273458024,0.0028265661815223275,-0.01999999999999999,2022-05-27,0.002025246765503974,50961.0,Train
2022-05-27,50961,50950,51108,50863,10050,50858.0,50815.0,0.002025246765503974,50876.42857142857,51195.0,0.004311370730875901,0.007422216432470024,0.014452075246342178,-0.034701570283939165,-0.0016064250276144332,-0.06,2022-05-30,-0.001040010988795359,50908.0,Train
2022-05-30,50908,51097,51115,50835,3000,50961.0,50858.0,-0.001040010988795359,50923.42857142857,51121.8,0.0038584162137924004,0.007302402394024347,0.006504675853615138,-0.0413528171135884,-0.0040860933899250496,-0.020000000000000004,2022-05-31,0.00031429244912395404,50924.0,Train
2022-05-31,50924,50880,51280,50755,340,50908.0,50961.0,0.00031429244912395404,50935.142857142855,51065.833333333336,0.0033687864849766434,0.007146920973296381,0.0016128397781360881,-0.031918331654088195,-0.0040860933899250496,-0.020000000000000004,2022-06-01,-0.008247584635928007,50504.0,Train
2022-06-01,50504,50650,50849,50317,150,50924.0,50908.0,-0.008247584635928007,50873.71428571428,50999.333333333336,0.004529909899538999,0.007265497762763075,-0.008442297875682292,-0.03800072382331088,-0.001800759869939439,0.09999999999999999,2022-06-02,0.011365436401077122,51078.0,Train
2022-06-02,51078,50900,51296,50900,10,50504.0,50924.0,0.011365436401077122,50864.0,50956.73333333333,0.006388373544114523,0.007614908989960638,-0.0013295272357564114,-0.02440980976392393,0.005293452042171465,0.07999999999999999,2022-06-03,0.004091781197384403,51287.0,Train
2022-06-03,51287,52030,52030,51030,40,51078.0,50504.0,0.004091781197384403,50931.42857142857,50924.63333333333,0.00587981420309356,0.007662591888514454,0.009288595887041229,-0.018430622009569353,-0.005304333613602608,-0.02999999999999997,2022-06-06,-0.008111217267533721,50871.0,Train
2022-06-06,50871,51087,51120,50820,7550,51287.0,51078.0,-0.008111217267533721,50933.28571428572,50904.933333333334,0.0068919000783213835,0.007305441417315154,0.0002556136694324973,-0.011484201935408667,0.0012662430610728137,-0.04000000000000001,2022-06-07,0.0011401387824103715,50929.0,Train
2022-06-07,50929,50822,51030,50680,9200,50871.0,51287.0,0.0011401387824103715,50928.71428571428,50880.73333333333,0.006857802499926906,0.007270269598192777,-0.0006279311630462692,-0.014054786564708155,0.0007850083703209165,0.060000000000000026,2022-06-08,0.0021009640872586832,51036.0,Train
2022-06-08,51036,50865,51103,50835,7540,50929.0,50871.0,0.0021009640872586832,50947.0,50870.03333333333,0.006886423361494109,0.007213343431833117,0.0025143395929911883,-0.0062503650914188524,0.0011267191341928218,-0.030000000000000027,2022-06-09,-0.0012736107845442435,50971.0,Train
2022-06-09,50971,51047,51095,50805,8080,51036.0,50929.0,-0.0012736107845442435,50953.71428571428,50856.03333333333,0.006915008536107482,0.0072141737496964385,0.0009229439949729468,-0.008172637232200186,-0.0003909106106479987,0.030000000000000027,2022-06-10,0.013223205352062894,51645.0,Train
2022-06-10,51645,50893,51725,50460,23680,50971.0,51036.0,0.013223205352062894,51116.71428571428,50850.566666666666,0.00731823452165077,0.007473273459912869,0.02259226991921426,-0.003165473180335443,0.004455420874681426,0.009999999999999953,2022-06-13,-0.018646529189660144,50682.0,Train
2022-06-13,50682,51457,51633,50600,19290,51645.0,50971.0,-0.018646529189660144,51060.142857142855,50845.6,0.010036881789646164,0.007453372265590291,-0.007752848584517746,-0.0029312820916369553,0.009043697329187195,0.10000000000000003,2022-06-14,-0.008504005366796852,50251.0,Train
2022-06-14,50251,50630,50680,50200,10820,50682.0,51645.0,-0.008504005366796852,50912.142857142855,50819.9,0.010086646378224292,0.007571445393136386,-0.020200050695107885,-0.01511112853278973,0.00961848562602241,0.29999999999999993,2022-06-15,0.003621818471274185,50433.0,Train
2022-06-15,50433,50398,50830,50272,14220,50251.0,50682.0,0.003621818471274185,50849.57142857143,50806.46666666667,0.010044784254551345,0.0075829130199967275,-0.008610013563720043,-0.007927452986072892,0.004247546270273128,0.20000000000000007,2022-06-16,0.0101520829615529,50945.0,Train
2022-06-16,50945,50775,51040,50317,16960,50433.0,50251.0,0.0101520829615529,50851.857142857145,50782.86666666667,0.010931742219137992,0.007211858151916204,0.00031416285416963063,-0.013706851489748928,-0.00021862971769648354,-0.26,2022-06-17,-0.0023751104131907175,50824.0,Train
2022-06-17,50824,50889,51130,50800,10680,50945.0,50433.0,-0.0023751104131907175,50821.57142857143,50764.3,0.010925846407452039,0.007164236961324443,-0.004153930558821184,-0.01084058309491831,-0.00796528781990824,0.030000000000000027,2022-06-20,-0.001495356524476632,50748.0,Train
2022-06-20,50748,50847,50933,50711,5740,50824.0,50945.0,-0.001495356524476632,50789.71428571428,50755.03333333333,0.010928638310263023,0.007060450846391301,-0.004375036785623232,-0.005448202876964681,0.004686280261934517,0.010000000000000009,2022-06-21,0.0005320406715536574,50775.0,Train
2022-06-21,50775,50850,50945,50685,7270,50748.0,50824.0,0.0005320406715536574,50665.42857142857,50758.8,0.009169155792756036,0.006936923353489765,-0.016845774034272454,0.0022304685957916792,0.004686280261934517,0.010000000000000009,2022-06-22,0.0024224519940916345,50898.0,Train
2022-06-22,50898,50738,51098,50541,14350,50775.0,50748.0,0.0024224519940916345,50696.28571428572,50760.0,0.005770917830134831,0.006913280768177176,0.004261868118858869,0.0007077975698950301,-0.004901148082803175,0.029999999999999916,2022-06-23,-0.005697669849502929,50608.0,Train
2022-06-23,50608,50808,51007,50575,12730,50898.0,50775.0,-0.005697669849502929,50747.28571428572,50771.96666666667,0.005088388697536963,0.0066209633008090085,0.007104336232114816,0.007144420784493288,-0.0010195395162740928,-0.07999999999999996,2022-06-24,0.00011855833069862598,50614.0,Train
2022-06-24,50614,50580,50715,50442,8270,50608.0,50898.0,0.00011855833069862598,50773.142857142855,50794.3,0.004960852572398551,0.006512515323159862,0.003588919953205316,0.013415024827807098,0.0020121191805158034,-0.030000000000000027,2022-06-27,0.001323744418540329,50681.0,Train
2022-06-27,50681,50753,50945,50608,7910,50614.0,50608.0,0.001323744418540329,50735.42857142857,50807.3,0.0027214574124320256,0.006399427845042982,-0.005182059083325141,0.007754866675945937,-0.0022929360346202188,-0.020000000000000018,2022-06-28,0.0028215702136895615,50824.0,Train
2022-06-28,50824,50770,50930,50728,7010,50681.0,50614.0,0.0028215702136895615,50735.42857142857,50826.86666666667,0.0029034001876496037,0.006410576630564626,0.0,0.0116846149252543,-0.002587037588817953,0.08000000000000007,2022-06-29,0.00023610892491743307,50836.0,Train
2022-06-29,50836,50790,51171,50740,2870,50824.0,50681.0,0.00023610892491743307,50748.0,50846.9,0.0028271668664803505,0.006410111081919316,0.0017340584850633611,0.011963770279685537,0.003714626174134761,0.06999999999999995,2022-06-30,-0.002301518608859854,50719.0,Train
2022-06-30,50719,50850,51038,50590,430,50836.0,50824.0,-0.002301518608859854,50740.0,50851.566666666666,0.002978994123078454,0.00631044561986669,-0.0011029049729197604,0.002767947171751217,0.0028320344884762427,0.020000000000000018,2022-07-01,0.029732447406297435,52227.0,Train
2022-07-01,52227,51520,53675,51188,150,50719.0,50836.0,0.029732447406297435,50929.857142857145,50897.73333333333,0.011784526388836631,0.008276017560679255,0.02611104562065303,0.02724125722827586,2.97615110911309e-05,-0.08999999999999997,2022-07-04,-0.008022670266337295,51808.0,Train
2022-07-04,51808,52597,52597,51421,130,52227.0,50719.0,-0.008022670266337295,51101.28571428572,50926.86666666667,0.012123010541766515,0.008433144512620363,0.02371166613974074,0.017159461263596132,0.0044690539097194115,-0.10999999999999999,2022-07-05,0.008299876466954847,52238.0,Train
2022-07-05,52238,52766,52766,51999,20,51808.0,52227.0,0.008299876466954847,51333.28571428572,50963.26666666667,0.01214653742323276,0.008526703912381679,0.03208598411506691,0.021350643256559554,0.0044690539097194115,-0.10999999999999999,2022-07-06,-0.031720203683142545,50581.0,Train
2022-07-06,50581,51448,51595,50515,18620,52238.0,51808.0,-0.031720203683142545,51319.0,50955.46666666667,0.01842382881427907,0.010320402943548438,-0.0019731260235591463,-0.004604939486372084,0.009172401646670325,-0.020000000000000018,2022-07-07,0.002174729641565065,50691.0,Train
2022-07-07,50691,50741,50909,50607,9490,50581.0,52238.0,0.002174729641565065,51300.0,50949.9,0.018408136088610427,0.010327460924903085,-0.0026168739178340505,-0.0032836525227103452,0.003156084269896553,0.12,2022-07-08,0.002781558856601807,50832.0,Train
2022-07-08,50832,50710,51030,50411,12500,50691.0,50581.0,0.002781558856601807,51299.42857142857,50945.6,0.018443956011814342,0.010333642888753844,-7.868439688407669e-05,-0.0025313475010302344,-0.0022892950255797295,0.040000000000000036,2022-07-11,-0.0024197355996222747,50709.0,Train
2022-07-11,50709,50790,50916,50675,7130,50832.0,50691.0,-0.0024197355996222747,51298.0,50938.96666666667,0.0184466126449186,0.010341347773595133,-0.00019716477059883442,-0.003909012335978623,-0.002114471541005747,0.039999999999999925,2022-07-12,-0.0034905046441460197,50532.0,Train
2022-07-12,50532,50755,50825,50512,10230,50709.0,50832.0,-0.0034905046441460197,51055.857142857145,50925.9,0.013038342793560824,0.010359676138983594,-0.03245447756907349,-0.00769774566019954,0.00678717882975044,-0.04999999999999993,2022-07-13,0.006273252592416734,50849.0,Train
2022-07-13,50849,50550,50980,50200,16590,50532.0,50709.0,0.006273252592416734,50918.857142857145,50937.4,0.013528436066096288,0.010310083034432403,-0.01851065472513902,0.006831142087755371,0.001257123021247919,-0.030000000000000027,2022-07-14,-0.010344352887962427,50323.0,Train
2022-07-14,50323,50750,50786,50166,16020,50849.0,50532.0,-0.010344352887962427,50645.28571428572,50912.23333333333,0.012846194182636602,0.010266868245044981,-0.03665913702668555,-0.014781314851795346,-0.001368948679815074,-0.040000000000000036,2022-07-15,-0.0022057508495121336,50212.0,Train
2022-07-15,50212,50305,50387,50051,11800,50323.0,50849.0,-0.0022057508495121336,50592.57142857143,50876.4,0.005389197799316585,0.010235237031371466,-0.007295229433977202,-0.02096047731393924,0.006317152187561348,0.020000000000000018,2022-07-18,0.00487931171831435,50457.0,Train
2022-07-18,50457,50210,50670,50210,11420,50212.0,50323.0,0.00487931171831435,50559.142857142855,50862.6,0.005742843362141737,0.01018357997239916,-0.0046162040598922705,-0.008138231998584655,-0.004721018972741131,-0.050000000000000044,2022-07-19,-0.0012287690508749893,50395.0,Train
2022-07-19,50395,50419,50540,50300,7050,50457.0,50212.0,-0.0012287690508749893,50496.71428571428,50844.8,0.005540315728894722,0.010181837000192413,-0.008596946805162098,-0.010485185257908092,-0.005699870015752007,0.020000000000000018,2022-07-20,-0.001706518503819865,50309.0,Train
2022-07-20,50309,50386,50530,50280,7830,50395.0,50457.0,-0.001706518503819865,50439.57142857143,50820.566666666666,0.0055210891639339,0.010174590785529316,-0.007888146088465553,-0.014244846774825626,-0.0023686047468207683,0.030000000000000027,2022-07-21,0.0023455047804568085,50427.0,Train
2022-07-21,50427,50255,50527,49770,18510,50309.0,50395.0,0.0023455047804568085,50424.57142857143,50802.433333333334,0.005543639279949354,0.010185668082267531,-0.002077891237235785,-0.010672735477035955,0.0009617747601891047,0.040000000000000036,2022-07-22,0.005810379360263296,50720.0,Train
2022-07-22,50720,50420,50912,50380,11080,50427.0,50309.0,0.005810379360263296,50406.142857142855,50771.6,0.0054544324374193095,0.009932889022308962,-0.0025369230466676385,-0.017910736760576973,0.0024755362370381118,-0.08000000000000007,2022-07-25,-0.0030165615141956037,50567.0,Train
2022-07-25,50567,50735,50826,50475,8690,50720.0,50427.0,-0.0030165615141956037,50441.0,50767.76666666667,0.0036068900909750757,0.009343634125440599,0.004848677543071833,-0.002269050155873864,-0.0036793183578621713,-0.14999999999999997,2022-07-26,0.0008899084383096056,50612.0,Train
2022-07-26,50612,50580,50735,50501,6640,50567.0,50720.0,0.0008899084383096056,50498.142857142855,50779.8,0.0033739545193496607,0.009206373527946354,0.00796622321357443,0.0071839366380768155,6.859886811882987e-05,0.020000000000000018,2022-07-27,0.002173397613214334,50722.0,Train
2022-07-27,50722,50589,50760,50525,6960,50612.0,50567.0,0.002173397613214334,50536.0,50789.433333333334,0.003009309519584078,0.009192028893400752,0.005251996749707777,0.005730374952907846,0.0024391757594761643,0.0,2022-07-28,0.010882851622570078,51274.0,Train
2022-07-28,51274,50900,51345,50876,9830,50722.0,50612.0,0.010882851622570078,50661.57142857143,50800.4,0.004691817372375154,0.009220150572445985,0.017442206568111907,0.006457944842477081,0.00047899079571944725,-0.09000000000000002,2022-07-29,0.0017747786402464438,51365.0,Train
2022-07-29,51365,51443,51467,51166,5680,51274.0,50722.0,0.0017747786402464438,50812.42857142857,50818.433333333334,0.0043454783766492845,0.00921044377122749,0.020990280069172584,0.010644577365024332,-0.0057060551113079505,-0.15999999999999998,2022-08-01,-0.002044193516986259,51260.0,Train
2022-08-01,51260,51899,51899,51023,1350,51365.0,51274.0,-0.002044193516986259,50931.42857142857,50835.5,0.004750203088165738,0.009214870184268094,0.016518928351874962,0.01008906754946004,-0.002852203763467842,-0.06,2022-08-02,0.00027311744049951514,51274.0,Train
2022-08-02,51274,51438,51527,51100,230,51260.0,51365.0,0.00027311744049951514,51010.57142857143,50852.13333333333,0.004534646976917524,0.009214840057210528,0.010922712933753909,0.009827671097981217,-0.0029309883236783296,-0.05000000000000002,2022-08-03,-0.0011311775948823488,51216.0,Train
2022-08-03,51216,51250,51375,51137,70,51274.0,51260.0,-0.0011311775948823488,51103.28571428572,50862.73333333333,0.004265377799870603,0.009210348302339365,0.012834457254731424,0.006247789697041206,0.004428762162211219,0.18000000000000002,2022-08-04,0.011441736957200854,51802.0,Train
2022-08-04,51802,51713,51903,51713,10,51216.0,51274.0,0.011441736957200854,51273.28571428572,50902.53333333333,0.005548728924149886,0.009359150435143045,0.02351221054295416,0.023593107809042113,0.0036097175367326706,-0.04000000000000001,2022-08-05,-0.0031079881085672723,51641.0,Train
2022-08-05,51641,51935,51965,51525,60,51802.0,51216.0,-0.0031079881085672723,51404.57142857143,50936.76666666667,0.0060683181073038685,0.009385990014183774,0.0181183707267063,0.020290828624491164,-0.004538814009125147,-0.010000000000000009,2022-08-08,0.010495536492322044,52183.0,Train
2022-08-08,52183,51902,52231,51734,8690,51641.0,51802.0,0.010495536492322044,51534.42857142857,50986.833333333336,0.005981179836750904,0.009554450094486445,0.017728283340484374,0.02963635287385813,0.004003010671138396,0.15,2022-08-09,0.0038326658107046274,52383.0,Train
2022-08-09,52383,52274,52479,52184,4660,52183.0,51641.0,0.0038326658107046274,51679.857142857145,51038.8,0.005988509580371998,0.009562810454577454,0.019818942859924027,0.03067448449551402,-0.0036191659649610353,-0.08000000000000002,2022-08-10,-0.003798942404978689,52184.0,Train
2022-08-10,52184,52350,52485,52105,10090,52383.0,52183.0,-0.003798942404978689,51811.857142857145,51083.73333333333,0.0062569095107656465,0.00960297271536986,0.018025751072961338,0.02651664174994095,-0.00013866291210162807,0.040000000000000036,2022-08-11,0.001188103633297466,52246.0,Train
2022-08-11,52246,52065,52400,51903,9130,52184.0,52383.0,0.001188103633297466,51950.71428571428,51134.63333333333,0.006210259789783469,0.0095837530504588,0.018956976245270596,0.03010706047043521,-0.009084911218810943,0.019999999999999962,2022-08-12,0.004019446464801124,52456.0,Train
2022-08-12,52456,52280,52480,52195,7620,52246.0,52184.0,0.004019446464801124,52127.857142857145,51142.26666666667,0.005981189877391446,0.007936951275675773,0.024211184004998332,0.004384705229095953,-0.00031468858665895105,0.050000000000000044,2022-08-16,-0.012105383559554705,51821.0,Train
2022-08-16,51821,52225,52455,51765,11110,52456.0,52246.0,-0.012105383559554705,52130.57142857143,51142.7,0.007222717368492414,0.008115384186773919,0.00036678120535893477,0.00025092649783808874,0.0034168470805995277,-0.020000000000000018,2022-08-17,-0.004978676598290321,51563.0,Train
2022-08-17,51563,51821,51944,51507,9050,51821.0,52456.0,-0.004978676598290321,52119.42857142857,51120.2,0.007392714332644624,0.008010817702188856,-0.0015104277608876115,-0.012921627933688118,0.002052185800224926,0.030000000000000027,2022-08-18,0.0015321063553324077,51642.0,Train
2022-08-18,51642,51600,51851,51600,7360,51563.0,51821.0,0.0015321063553324077,52042.142857142855,51155.566666666666,0.005847742459610035,0.00540460207192336,-0.01036736101795599,0.02097625590636798,0.003208397058859891,0.04999999999999999,2022-08-19,-0.002420510437241008,51517.0,Train
2022-08-19,51517,51697,51697,51453,5930,51642.0,51563.0,-0.002420510437241008,51918.42857142857,51183.1,0.005359396394919784,0.005426623454508265,-0.016532081018651112,0.01629480578406417,0.002388771789555433,-0.07,2022-08-22,-0.00582332045732481,51217.0,Train
2022-08-22,51217,51451,51468,51060,8290,51517.0,51642.0,-0.00582332045732481,51780.28571428572,51195.933333333334,0.005502302571279421,0.0055311796825763876,-0.01853058408707653,0.007573969153289228,0.0056177250093369935,0.07,2022-08-23,0.004705468887283626,51458.0,Train
2022-08-23,51458,51232,51565,51130,7920,51217.0,51517.0,0.004705468887283626,51667.71428571428,51220.9,0.006045589308667537,0.005564739117661216,-0.015082494353634734,0.01477055355065171,0.004509545299028694,0.030000000000000027,2022-08-24,0.00042753313381793667,51480.0,Train
2022-08-24,51480,51363,51581,51319,5220,51458.0,51217.0,0.00042753313381793667,51528.28571428572,51252.5,0.005567943520991725,0.005513502950967152,-0.01860606984901636,0.018760389456186077,-0.004452085271631434,0.009999999999999953,2022-08-25,0.002874902874902885,51628.0,Train
2022-08-25,51628,51499,51816,51499,10730,51480.0,51458.0,0.002874902874902885,51500.71428571428,51278.46666666667,0.003990750492669953,0.005427901037046956,-0.0037243588506590264,0.01531986863065149,0.0004412671763045495,0.020000000000000018,2022-08-26,-0.007476563105291656,51242.0,Train
2022-08-26,51242,51578,51638,51175,7330,51628.0,51480.0,-0.007476563105291656,51454.857142857145,51309.1,0.004530431054886118,0.00525236000041527,-0.0062253941779958355,0.0182620273036187,-0.00040939330187061973,-0.06,2022-08-29,-0.0011904297256156715,51181.0,Train
2022-08-29,51181,51092,51317,50855,6300,51242.0,51628.0,-0.0011904297256156715,51389.0,51341.4,0.00440363867775268,0.00523679394461895,-0.008926842492544829,0.019298175734884015,5.688346852639192e-05,0.03999999999999998,2022-08-30,-0.009378480295422098,50701.0,Train
2022-08-30,50701,51073,51141,50610,2380,51181.0,51242.0,-0.009378480295422098,51272.42857142857,51349.53333333333,0.00538259704139682,0.005481065645782557,-0.01583943164392332,0.004835800780862876,0.0032746762702167143,0.07000000000000006,2022-08-31,-0.0035699493106644553,50520.0,Train
2022-08-31,50520,50499,50702,50415,110,50701.0,51181.0,-0.0035699493106644553,51172.857142857145,51353.7,0.005198617794962091,0.0055182870289413755,-0.013608762715504596,0.002480404802063685,0.0017510524943185057,0.020000000000000018,2022-09-01,-0.006947743467933476,50169.0,Train
2022-09-01,50169,50280,50351,49990,150,50520.0,50701.0,-0.006947743467933476,50988.71428571428,51349.03333333333,0.0045383138906647125,0.0056585497276134735,-0.025049554976874333,-0.002782802281897867,-0.001211143163913464,0.10999999999999999,2022-09-02,0.002870298391437043,50313.0,Train
2022-09-02,50313,50275,50390,50275,0,50169.0,50520.0,0.002870298391437043,50822.0,51345.23333333333,0.004973453498126938,0.005667103074275315,-0.02266899766899766,-0.0022606936760068974,0.007006921115473297,0.14,2022-09-05,0.005783793452984298,50604.0,Train
2022-09-05,50604,50900,50900,50300,0,50313.0,50169.0,0.005783793452984298,50675.71428571428,51341.36666666667,0.0056473313309516725,0.005666155447204153,-0.01983419849693968,-0.0022870662460567903,-0.005034541634043599,-0.08000000000000007,2022-09-06,-0.0049403209232471434,50354.0,Train
2022-09-06,50354,50610,50774,50323,8520,50604.0,50313.0,-0.0049403209232471434,50548.857142857145,51334.26666666667,0.0053754050034687615,0.005711464606278503,-0.017329534366340105,-0.004212233274665245,-0.005034541634043599,-0.08000000000000007,2022-09-07,0.0042896294236802746,50570.0,Train
2022-09-07,50570,50310,50596,50068,10290,50354.0,50604.0,0.0042896294236802746,50461.57142857143,51332.86666666667,0.005961888770449979,0.005765764621610477,-0.011938023876047699,-0.0008298427250454932,0.008020243297679697,0.12,2022-09-08,-0.0027882143563378037,50429.0,Train
2022-09-08,50429,50546,50825,50281,11950,50570.0,50354.0,-0.0027882143563378037,50422.71428571428,51323.1,0.004987847458518167,0.00577208469914056,-0.005364785704424002,-0.0057765860967627924,0.0005915025607732272,-0.030000000000000027,2022-09-09,0.0032322671478712817,50592.0,Train
2022-09-09,50592,50545,50783,50435,11780,50429.0,50570.0,0.0032322671478712817,50433.0,51300.36666666667,0.00501115582696058,0.005425176515627725,0.0014251781472685021,-0.013301088270858519,-0.002105081031201328,0.06000000000000005,2022-09-12,0.002055660974066953,50696.0,Train
2022-09-12,50696,50553,50844,50453,12830,50592.0,50429.0,0.002055660974066953,50508.28571428572,51278.066666666666,0.003898432580655387,0.005429357082018522,0.010504494807550557,-0.013024432979655387,-0.006346224855110827,0.030000000000000027,2022-09-13,-0.009132870443427477,50233.0,Train
2022-09-13,50233,50678,50678,50090,19970,50696.0,50592.0,-0.009132870443427477,50496.857142857145,51243.833333333336,0.005504471831877709,0.005652046106256425,-0.001590046310098736,-0.02003511509949274,-0.0036691941183027987,0.039999999999999925,2022-09-14,-0.002627754663269144,50101.0,Train
2022-09-14,50101,50174,50220,50075,11570,50233.0,50696.0,-0.002627754663269144,50425.0,51204.73333333333,0.004856872682241849,0.005660358550188195,-0.009939925697573293,-0.022877091703397467,0.008845955509141135,0.030000000000000027,2022-09-15,-0.014111494780543299,49394.0,Train
2022-09-15,49394,50020,50020,49258,21400,50101.0,50233.0,-0.014111494780543299,50287.857142857145,51144.0,0.006810228682522438,0.006163775350166184,-0.01906501966080154,-0.035574820368634796,0.0002145884803761433,-0.030000000000000027,2022-09-16,0.00115398631412722,49451.0,Train
2022-09-16,49451,49213,49545,49008,16470,49394.0,50101.0,0.00115398631412722,50128.0,51065.63333333333,0.006360099864918081,0.005706052071700171,-0.022127743721574,-0.04538434809466818,0.00348249791684907,0.07000000000000006,2022-09-19,-0.0018199834179288832,49361.0,Train
2022-09-19,49361,49390,49463,49125,8750,49451.0,49394.0,-0.0018199834179288832,49975.42857142857,50989.63333333333,0.006380385878828225,0.0056986199794865616,-0.02117829026948781,-0.04415096531825491,-3.923631713509401e-05,0.050000000000000044,2022-09-20,-0.002897023966289214,49218.0,Train
2022-09-20,49218,49470,49569,49157,8850,49361.0,49451.0,-0.002897023966289214,49779.142857142855,50890.8,0.005768020597753302,0.005233008906914698,-0.027158444022770345,-0.056819270643696185,0.0010490120868613673,0.07999999999999985,2022-09-21,0.0042667316835303115,49428.0,Train
2022-09-21,49428,49202,49548,49155,15990,49218.0,49361.0,0.0042667316835303115,49598.0,50792.3,0.006194053383208352,0.005250077416801553,-0.02501183525327444,-0.05641143118950809,0.0009151238616946777,0.020000000000000018,2022-09-22,0.010661972970785749,49955.0,Train
2022-09-22,49955,49338,50140,49257,16900,49428.0,49218.0,0.010661972970785749,49558.28571428572,50718.0,0.00760300147211458,0.005714918606443258,-0.005534210578703291,-0.042714241913230144,0.004915891973453768,-0.040000000000000036,2022-09-23,-0.01147032329096187,49382.0,Train
2022-09-23,49382,49952,50017,49251,13950,49955.0,49428.0,-0.01147032329096187,49455.57142857143,50622.53333333333,0.008628932231656488,0.005975676819482952,-0.014351010957865062,-0.05481759369138306,0.003394308409661484,0.16000000000000014,2022-09-26,-0.005508079867158067,49110.0,Train
2022-09-26,49110,49200,49621,49050,13780,49382.0,49955.0,-0.005508079867158067,49415.0,50511.0,0.0070984308664711225,0.005905182302782891,-0.005749686196704018,-0.06378679274058263,0.008866047855733639,0.030000000000000027,2022-09-27,0.0010181225819587691,49160.0,Train
2022-09-27,49160,49215,49365,49035,14680,49110.0,49382.0,0.0010181225819587691,49373.42857142857,50422.3,0.007092375026030691,0.005623777148337153,-0.005884613051303278,-0.05134983886841238,0.009180950196134186,0.24,2022-09-28,0.011513425549227074,49726.0,Train
2022-09-28,49726,49008,49773,48888,13390,49160.0,49110.0,0.011513425549227074,49425.57142857143,50361.066666666666,0.008441560923679751,0.006083576953082513,0.007394501732136627,-0.03562632119930953,-0.00011910887874944098,0.07999999999999985,2022-09-29,0.0035393958894742727,49902.0,Train
2022-09-29,49902,49709,49923,49542,560,49726.0,49160.0,0.0035393958894742727,49523.28571428572,50303.066666666666,0.008284802806886397,0.0061254490614129796,0.013897354626356107,-0.03369350528639481,-0.0027265946530092844,-0.25,2022-09-30,0.00254498817682669,50029.0,Train
2022-09-30,50029,49920,50200,49910,100,49902.0,49726.0,0.00254498817682669,49609.142857142855,50253.46666666667,0.00823178443903428,0.006156207884496398,0.01215910010520349,-0.028883669468330875,-0.004252531845194474,0.18000000000000016,2022-10-03,0.004317495852405706,50245.0,Train
2022-10-03,50245,50120,50550,50088,10,50029.0,49902.0,0.004317495852405706,49650.57142857143,50221.066666666666,0.007394613065003517,0.006158264894926506,0.0058052247022319925,-0.01897807368647131,-0.00022658900439620488,0.10999999999999988,2022-10-04,0.017553985471191247,51127.0,Train
2022-10-04,51127,50801,51698,50800,10,50245.0,50029.0,0.017553985471191247,49899.857142857145,50210.03333333333,0.007471373726655949,0.006938736676538664,0.0353367623830545,-0.006432430331532513,-0.0033996053791403025,-0.25,2022-10-05,0.0045768380699042766,51361.0,Train
2022-10-05,51361,51263,51390,51115,6570,51127.0,50245.0,0.0045768380699042766,50221.42857142857,50206.066666666666,0.005919150512056778,0.006992652957036902,0.04583587863978833,-0.002311577311577273,-0.007077359139385564,-0.050000000000000044,2022-10-06,0.006814509063296947,51711.0,Train
2022-10-06,51711,51500,51799,51500,12580,51361.0,51127.0,0.006814509063296947,50585.857142857145,50208.833333333336,0.005418916128993543,0.007085914913448622,0.051891781936533876,0.0016076547609824576,0.005386667976944315,0.16000000000000014,2022-10-07,9.669122623812143e-05,51716.0,Train
2022-10-07,51716,51678,51872,51421,14320,51711.0,51361.0,9.669122623812143e-05,50870.142857142855,50224.63333333333,0.00564094515867902,0.006940922450643789,0.04001930579576074,0.009250224425276121,0.003056086317688056,0.07000000000000006,2022-10-10,-0.01633923737334675,50871.0,Train
2022-10-10,50871,51453,51453,50763,15000,51716.0,51711.0,-0.01633923737334675,51008.57142857143,50214.3,0.010107253680534944,0.007577246215724822,0.019418059396417053,-0.006056935190793422,0.0004856608248531291,0.010000000000000009,2022-10-11,5.897269564192342e-05,50874.0,Train
2022-10-11,50874,50800,50980,50548,11160,50871.0,51716.0,5.897269564192342e-05,51129.28571428572,50220.066666666666,0.010161037490167517,0.007375172136071948,0.016890203681864557,0.0034121614958284585,0.0004856608248531291,0.010000000000000009,2022-10-12,-0.0031646813696584175,50713.0,Train
2022-10-12,50713,50563,50805,50550,7650,50874.0,50871.0,-0.0031646813696584175,51196.142857142855,50226.5,0.010322858125039656,0.007368510801926523,0.009314359637774938,0.0038202692003166394,0.0027727354488336076,0.0,2022-10-13,-0.001932443357718916,50615.0,Train
2022-10-13,50615,50696,50920,50200,16460,50713.0,50874.0,-0.001932443357718916,51123.0,50241.36666666667,0.0074626481835130395,0.00725790882885249,-0.010014278170047186,0.008889951962367304,0.003791198935330975,0.0,2022-10-14,-0.010826829991109399,50067.0,Train
2022-10-14,50067,50551,50731,49982,14440,50615.0,50713.0,-0.010826829991109399,50938.142857142855,50233.166666666664,0.007670287458758497,0.0075181366470876655,-0.025194213508303975,-0.004889392403553794,-0.00327355614324365,0.009999999999999787,2022-10-17,0.0032756106816864694,50231.0,Train
2022-10-17,50231,50169,50474,50105,8780,50067.0,50615.0,0.0032756106816864694,50726.71428571428,50220.73333333333,0.006951363343204701,0.007463784474872716,-0.02862060296648683,-0.00737095881748473,0.004727993573874656,-0.039999999999999813,2022-10-18,-0.000776412972069096,50192.0,Train
2022-10-18,50192,50219,50293,50084,7200,50231.0,50067.0,-0.000776412972069096,50509.0,50215.333333333336,0.006870479337697614,0.0074115042200734406,-0.02946863639879338,-0.003217222067760206,-0.005358736095688932,-0.020000000000000018,2022-10-19,-0.004203857188396554,49981.0,Train
2022-10-19,49981,50063,50233,49856,9050,50192.0,50231.0,-0.004203857188396554,50381.857142857145,50195.7,0.004394679136610612,0.007401013791405596,-0.017495233040435654,-0.011647221672928643,0.0021191619243401405,0.030000000000000027,2022-10-20,-0.0008603269242312139,49938.0,Train
2022-10-20,49938,49875,50168,49856,10020,49981.0,50192.0,-0.0008603269242312139,50248.142857142855,50179.333333333336,0.004318186207479077,0.0073875958400112475,-0.01839839603726856,-0.009736461163219579,0.003764209598070112,0.11999999999999988,2022-10-21,0.008470503424246045,50361.0,Train
2022-10-21,50361,49901,50388,49616,17150,49938.0,49981.0,0.008470503424246045,50197.857142857145,50171.63333333333,0.0059963664747128016,0.007534398171804445,-0.0069410210399700745,-0.0045659392789373365,-0.0030499202472336062,0.010000000000000009,2022-10-24,-0.0008339786739739452,50319.0,Train
2022-10-24,50319,50355,50449,50270,1110,50361.0,49938.0,-0.0008339786739739452,50155.57142857143,50159.066666666666,0.005981614954209467,0.007524021497083074,-0.005848068754321867,-0.007436484140760591,-0.0025913009783977703,-0.040000000000000036,2022-10-25,0.0006756891035195611,50353.0,Train
2022-10-25,50353,50292,50525,50087,9110,50319.0,50361.0,0.0006756891035195611,50196.42857142857,50163.066666666666,0.00403996419311711,0.007334142324461604,0.005712345457087542,0.002388867875699141,0.0027954117338364615,-0.030000000000000027,2022-10-26,0.0011518678132385052,50411.0,Train
2022-10-26,50411,50500,50560,50361,4410,50353.0,50319.0,0.0011518678132385052,50222.142857142855,50173.4,0.0039023077736466613,0.0073180158169861365,0.003583444486472409,0.006187501247480132,-0.005102694360089366,-0.06999999999999984,2022-10-27,0.000773640673662479,50450.0,Train
2022-10-27,50450,50411,50550,50330,8990,50411.0,50353.0,0.000773640673662479,50259.0,50208.6,0.003860392012457277,0.006798156561866606,0.005140261396238355,0.021379114872251748,-0.007103317629306938,0.010000000000000009,2022-10-28,-0.009791873141724472,49956.0,Train
2022-10-28,49956,50458,50495,49824,10970,50450.0,50411.0,-0.009791873141724472,50255.42857142857,50225.433333333334,0.005345141472421244,0.007063063707691908,-0.0005001900722274577,0.010212129178378548,0.0018225334717560937,-0.09000000000000008,2022-10-31,0.002282008167187044,50070.0,Train
2022-10-31,50070,49964,50194,49920,6350,49956.0,50450.0,0.002282008167187044,50274.28571428572,50249.066666666666,0.005398335164687808,0.007059053267537678,0.0026432776643037226,0.014363566378314818,0.004030692297249949,0.0,2022-11-01,0.003594967046135489,50250.0,Train
2022-11-01,50250,50094,50450,50093,190,50070.0,49956.0,0.003594967046135489,50258.42857142857,50283.46666666667,0.004405121873896324,0.0070508409959831545,-0.002204086495502522,0.02096793855906376,0.0032103511026737586,0.07000000000000006,2022-11-02,0.0032636815920397133,50414.0,Train
2022-11-02,50414,50376,50740,50346,350,50250.0,50070.0,0.0032636815920397133,50272.0,50316.333333333336,0.004591702984185812,0.007035784912702481,0.001887954848069251,0.019948207493728276,-0.0017489161342997273,-0.020000000000000018,2022-11-03,-0.01067163883048361,49876.0,Train
2022-11-03,49876,50185,50217,49815,50,50414.0,50250.0,-0.01067163883048361,50203.857142857145,50313.7,0.006162483388566424,0.007070393619841234,-0.009473119774392802,-0.0015814232809528983,-0.0006844653830848646,0.010000000000000009,2022-11-04,0.014816745528911657,50615.0,Train
2022-11-04,50615,50048,50650,50048,110,49876.0,50414.0,0.014816745528911657,50233.0,50354.8,0.008718566405953128,0.007230586024774834,0.004046735831465309,0.02496861204487466,0.006777078268656034,0.16999999999999993,2022-11-07,0.005650498863973175,50901.0,Train
2022-11-07,50901,50717,51029,50717,9680,50615.0,49876.0,0.005650498863973175,50297.42857142857,50414.5,0.00892623487097088,0.007179187444472391,0.008939544103072405,0.03646915088576663,-0.008016427630187839,-0.050000000000000044,2022-11-08,0.013359266026207628,51581.0,Train
2022-11-08,51581,50752,51648,50615,15490,50901.0,50615.0,0.013359266026207628,50529.57142857143,50495.2,0.008402388068751876,0.00751305770962917,0.032528625190167304,0.04924735557363702,-0.006611255650948333,0.0,2022-11-09,-0.0020744072429770277,51474.0,Train
2022-11-09,51474,51568,51680,51315,11720,51581.0,50901.0,-0.0020744072429770277,50730.142857142855,50553.46666666667,0.008757692686049643,0.007303395520634817,0.028040742959856146,0.035152636447733476,-0.005329904628593174,-0.050000000000000044,2022-11-10,0.010859851575552693,52033.0,Train
2022-11-10,52033,51469,52139,51469,15540,51474.0,51581.0,0.010859851575552693,50984.857142857145,50624.5,0.009125634120654886,0.007504534125114841,0.03548258706467666,0.04270369925053097,0.0028105672872573706,0.06000000000000005,2022-11-11,0.004650894624565138,52275.0,Train
2022-11-11,52275,52033,52451,52002,13180,52033.0,51474.0,0.004650894624565138,51250.71428571428,50699.36666666667,0.009095919408227062,0.007525220749211805,0.03691434918871739,0.044893961502328716,-0.010173344519752492,-0.27,2022-11-14,0.006236250597800197,52601.0,Train
2022-11-14,52601,52274,52672,52217,10440,52275.0,52033.0,0.006236250597800197,51640.0,50777.9,0.005828323922887047,0.007558142928819486,0.05463549603015472,0.04689023783461033,-0.010173344519752492,-0.27,2022-11-15,-0.0010646185433736965,52545.0,Train
2022-11-15,52545,52615,52850,52501,15080,52601.0,52275.0,-0.0010646185433736965,51915.71428571428,50825.166666666664,0.005658863686168325,0.006938214158029195,0.03813098883730115,0.027734856338138325,-0.010237810373972422,0.08000000000000007,2022-11-16,0.00643258159672655,52883.0,Train
2022-11-16,52883,52711,52999,52701,11390,52545.0,52601.0,0.00643258159672655,52198.857142857145,50875.9,0.005672936521224078,0.006979944254684006,0.03893833127050539,0.029633379412394634,-0.003149212048835115,-0.06000000000000005,2022-11-17,-0.0034982886749995723,52698.0,Train
2022-11-17,52698,52854,52854,52626,8270,52883.0,52545.0,-0.0034982886749995723,52358.42857142857,50908.8,0.005341896284838065,0.006937399114284141,0.02165526065799428,0.01908684805940708,0.001972545290517713,-0.07000000000000006,2022-11-18,-0.0037382822877528588,52501.0,Train
2022-11-18,52501,52750,52844,52411,8100,52698.0,52883.0,-0.0037382822877528588,52505.142857142855,50934.96666666667,0.005638147835220397,0.006983198396972394,0.019951820336480575,0.015179054837961115,0.005639928716103082,0.1100000000000001,2022-11-21,-0.005714176872821497,52201.0,Train
2022-11-21,52201,52401,52515,52066,8750,52501.0,52698.0,-0.005714176872821497,52529.142857142855,50979.3,0.005169428210566373,0.006337980675948819,0.0032287202352352384,0.02614456173458346,-0.0010050251256281673,0.08000000000000007,2022-11-22,-0.0007662688454244115,52161.0,Train
2022-11-22,52161,52248,52384,52129,8400,52201.0,52501.0,-0.0007662688454244115,52512.857142857145,51022.2,0.004834190699576098,0.0063434556384941825,-0.002180774748923975,0.025297794551244257,0.006850896712538468,-0.050000000000000044,2022-11-23,0.0018787983359214167,52259.0,Train
2022-11-23,52259,52000,52296,52000,9680,52161.0,52201.0,0.0018787983359214167,52464.0,51073.73333333333,0.004072521019317214,0.006300002132649092,-0.0065017775327465,0.030485279908504692,-0.00372411105292747,-0.08000000000000007,2022-11-24,0.004496833081383045,52494.0,Train
2022-11-24,52494,52375,52549,52375,5960,52259.0,52161.0,0.004496833081383045,52456.71428571428,51136.36666666667,0.004554544821447852,0.006305432892931537,-0.0009705966314587089,0.037123382396522686,-0.00385635461398226,-0.050000000000000044,2022-11-25,-0.002057377986055542,52386.0,Train
2022-11-25,52386,52550,52580,52274,5570,52494.0,52259.0,-0.002057377986055542,52385.71428571428,51213.666666666664,0.003531204296854623,0.005918368092589692,-0.009398105251214983,0.04631793396848227,-0.00385635461398226,-0.050000000000000044,2022-11-28,-0.004543198564501916,52148.0,Train
2022-11-28,52148,52280,52669,52111,9450,52386.0,52494.0,-0.004543198564501916,52307.142857142855,51277.566666666666,0.003657346838906771,0.006010168074822242,-0.01043682872215268,0.038163683780932045,-0.003384040065482985,-0.029999999999999805,2022-11-29,0.004007823885863404,52357.0,Train
2022-11-29,52357,52237,52525,52210,3160,52148.0,52386.0,0.004007823885863404,52286.57142857143,51349.73333333333,0.004018435296552187,0.006017556192240513,-0.0027428048989542875,0.04313436404207849,0.002145313794708281,0.06999999999999984,2022-11-30,0.0014706724984243635,52434.0,Train
2022-11-30,52434,52464,52634,52360,650,52357.0,52148.0,0.0014706724984243635,52319.857142857145,51431.5,0.003280269732523951,0.005922925910995348,0.004463516024597158,0.04907864988695709,0.00047167063635900064,0.07000000000000006,2022-12-01,0.017259793263912693,53339.0,Train
2022-12-01,53339,52768,53593,52723,280,52434.0,52357.0,0.017259793263912693,52488.142857142855,51544.86666666667,0.006980253118085003,0.006552252432359896,0.022583922854239713,0.06810444951740169,-0.0011644691355030545,-0.15999999999999992,2022-12-02,0.0001312360561689374,53346.0,Train
2022-12-02,53346,53246,53544,53130,140,53339.0,52434.0,0.0001312360561689374,52643.42857142857,51644.36666666667,0.007066772615395076,0.006454061238917173,0.02080024493388688,0.05927205575743133,-0.012249276418321298,-0.17000000000000015,2022-12-05,-0.0008622952048887855,53300.0,Train
2022-12-05,53300,53646,53735,53000,160,53346.0,53339.0,-0.0008622952048887855,52758.57142857143,51743.73333333333,0.007162994520534738,0.006454483166372546,0.01535413571074784,0.05924203581152243,4.671958821189648e-05,-0.08999999999999986,2022-12-06,0.00273921200750471,53446.0,Train
2022-12-06,53446,53500,53598,53256,6840,53300.0,53346.0,0.00273921200750471,52910.0,51846.833333333336,0.006912796741008819,0.006451535735946858,0.02023441377467261,0.06142633010942755,0.005148749858618462,0.1299999999999999,2022-12-07,0.004097593833027657,53665.0,Train
2022-12-07,53665,53444,53715,53401,6290,53446.0,53300.0,0.004097593833027657,53126.71428571428,51955.3,0.006087230695027584,0.006460448815979246,0.02909028150648152,0.06454940389994257,0.003104247935393767,-0.010000000000000009,2022-12-08,0.001416193049473602,53741.0,Train
2022-12-08,53741,53646,53866,53614,5370,53665.0,53446.0,0.001416193049473602,53324.42857142857,52065.0,0.006173434151339218,0.006456938924156326,0.02643390568596371,0.06523290386521308,-0.002099673953068981,-0.040000000000000036,2022-12-09,0.003889023278316417,53950.0,Train
2022-12-09,53950,53860,54085,53704,8680,53741.0,53665.0,0.003889023278316417,53541.0,52198.13333333333,0.006091723595659252,0.006056709527195444,0.028912537666399674,0.07995035631355596,-0.002815230920619638,0.040000000000000036,2022-12-12,-0.0029471733086190444,53791.0,Train
2022-12-12,53791,53802,53957,53721,5810,53950.0,53741.0,-0.0029471733086190444,53605.57142857143,52322.166666666664,0.002602453722892527,0.006140390663351943,0.008474099626914589,0.07431595765927712,4.002770897737484e-05,0.1100000000000001,2022-12-13,0.01087542525701335,54376.0,Train
2022-12-13,54376,53875,54599,53810,11970,53791.0,53950.0,0.01087542525701335,53752.71428571428,52459.7,0.004404945785502609,0.006329768427744356,0.019307914370336965,0.08210945273631842,0.0028696268014811732,0.020000000000000018,2022-12-14,-0.0006620567897601681,54340.0,Train
2022-12-14,54340,54449,54529,54252,6180,54376.0,53791.0,-0.0006620567897601681,53901.28571428572,52590.566666666666,0.004378192459575249,0.006357231164203234,0.019512195121951237,0.077875193398659,-0.007510706891018626,-0.06000000000000005,2022-12-15,-0.010029444239970542,53795.0,Train
2022-12-15,53795,54073,54131,53580,10790,54340.0,54376.0,-0.010029444239970542,53951.142857142855,52721.2,0.006527014049347564,0.006312193379363571,0.006529955469071647,0.0785748656668539,-0.0002191231299646379,0.030000000000000027,2022-12-16,0.003011432289246274,53957.0,Train
2022-12-16,53957,53855,54065,53690,7310,53795.0,54340.0,0.003011432289246274,53992.857142857145,52832.6,0.006452155398865841,0.0058734219242049515,0.005441162769030061,0.0660278573545392,0.005986573919781746,-0.020000000000000018,2022-12-19,-0.00022239931797540802,53945.0,Train
2022-12-19,53945,54100,54222,53863,5440,53957.0,53795.0,-0.00022239931797540802,54022.0,52934.066666666666,0.006455515420365282,0.005850560904145623,0.00379598444390683,0.05980236144673001,0.0008045570896901832,0.07000000000000006,2022-12-20,0.011048289924923571,54541.0,Train
2022-12-20,54541,53955,54650,53955,9990,53945.0,53957.0,0.011048289924923571,54106.42857142857,53032.73333333333,0.007545996406384324,0.005708713261860964,0.010954587581093689,0.05738547139450567,-0.0010028495603360277,0.06999999999999984,2022-12-21,0.00262188078693093,54684.0,Train
2022-12-21,54684,54527,54849,54501,5820,54541.0,53945.0,0.00262188078693093,54234.0,53139.73333333333,0.007277700769834597,0.005660800273708007,0.016601290178654526,0.06236158060380004,-0.0031976495072535416,0.030000000000000027,2022-12-22,-0.01130129471143293,54066.0,Train
2022-12-22,54066,54650,54733,54005,10850,54684.0,54541.0,-0.01130129471143293,54189.71428571428,53207.5,0.007772066550909843,0.005909829226513471,-0.005701044578490522,0.03907135856091326,0.001204398058880285,-0.040000000000000036,2022-12-23,0.0007028446713275294,54104.0,Train
2022-12-23,54104,54089,54249,54000,5230,54066.0,54684.0,0.0007028446713275294,54156.0,53268.46666666667,0.007792919765280396,0.005876391310888294,-0.0043430253956570075,0.03498804399808697,-0.0003344705878504106,0.07000000000000006,2022-12-26,0.002328848144314666,54230.0,Train
2022-12-26,54230,54070,54281,54050,2780,54104.0,54066.0,0.002328848144314666,54218.142857142855,53322.76666666667,0.0066094953573921245,0.00580292621148743,0.008086253369272267,0.03096899298492417,-0.002189102100016438,0.07000000000000006,2022-12-27,0.005827033007560489,54546.0,Train
2022-12-27,54546,54293,54880,54219,6980,54230.0,54104.0,0.005827033007560489,54302.28571428572,53389.46666666667,0.006822480754040215,0.0058532009520531805,0.010916099857293693,0.03808164430488148,-0.002189102100016438,0.07000000000000006,2022-12-28,-0.004069959300406989,54324.0,Train
2022-12-28,54324,54451,54505,54124,5090,54546.0,54230.0,-0.004069959300406989,54356.42857142857,53437.5,0.0071388117913893925,0.005847428741162879,0.007025674297896023,0.027248832327969374,-0.00180693801891052,0.030000000000000027,2022-12-29,0.005853766291141982,54642.0,Train
2022-12-29,54642,54308,54691,54235,8039,54324.0,54546.0,0.005853766291141982,54370.857142857145,53502.3,0.006120266327655223,0.005853428573180226,0.0018518178984616718,0.03688944551975415,0.0020828901579332815,0.020000000000000018,2022-12-30,0.00250722887156396,54779.0,Train
2022-12-30,54779,54634,54869,54516,2940,54642.0,54324.0,0.00250722887156396,54384.42857142857,53578.23333333333,0.00611310513918487,0.005781447412559386,0.0017372540414015702,0.0433896497209576,-0.002867036862487904,-0.040000000000000036,2023-01-02,0.004326475474178082,55016.0,Train
2023-01-02,55016,54900,55029,54898,550,54779.0,54642.0,0.004326475474178082,54520.142857142855,53672.066666666666,0.003465936781927888,0.005642387650271536,0.0175711167831909,0.05392616999674327,-0.001907811835995643,0.020000000000000018,2023-01-03,0.006616257088846833,55380.0,Train
2023-01-03,55380,55419,55820,55264,1590,55016.0,54779.0,0.006616257088846833,54702.42857142857,53779.36666666667,0.0036704851604794325,0.005688862119446106,0.023584208191630873,0.06171277391154306,-0.001907811835995643,0.020000000000000018,2023-01-04,0.0055615745756589785,55688.0,Train
2023-01-04,55688,55600,55821,55555,450,55380.0,55016.0,0.0055615745756589785,54910.71428571428,53893.666666666664,0.0037248241400860945,0.0057254676716371545,0.026885487737414726,0.06561549206835182,0.005475781054407047,-0.050000000000000044,2023-01-05,-0.01107958626634109,55071.0,Train
2023-01-05,55071,56107,56107,54997,740,55688.0,55380.0,-0.01107958626634109,54985.71428571428,53979.566666666666,0.006580448362347735,0.0061913563207532185,0.009624903750962588,0.04909132472282551,-0.00483002363001217,-0.06000000000000005,2023-01-06,0.010114216193640946,55628.0,Train
2023-01-06,55628,55303,55700,55205,9170,55071.0,55688.0,0.010114216193640946,55172.0,54087.63333333333,0.006799886902427833,0.006339288897245801,0.02400412340770197,0.06188676363914025,0.004945646448418328,0.020000000000000018,2023-01-09,0.002948155605090985,55792.0,Train
2023-01-09,55792,55952,56077,55721,8180,55628.0,55071.0,0.002948155605090985,55336.28571428572,54209.1,0.006714298733846359,0.006218108956846436,0.021046081768602898,0.06987803942624837,-0.00832502741567065,-0.1499999999999999,2023-01-10,-0.002688557499283095,55642.0,Train
2023-01-10,55642,55849,55879,55580,6970,55792.0,55628.0,-0.002688557499283095,55459.57142857143,54318.6,0.00705623458135241,0.006273617695094096,0.015754212380656885,0.06274232671849034,-0.007716880345409627,-0.030000000000000027,2023-01-11,-1.797203551279214e-05,55641.0,Train
2023-01-11,55641,55655,55855,55472,7340,55642.0,55792.0,-1.797203551279214e-05,55548.857142857145,54425.5,0.007034895795380329,0.0062842319371289165,0.011360331539915558,0.06116260441698129,0.0008114802398320187,0.06000000000000005,2023-01-12,0.0028755773620172675,55801.0,Train
2023-01-12,55801,55700,55920,55550,8850,55641.0,55642.0,0.0028755773620172675,55609.0,54507.566666666666,0.006728984825910306,0.005590200680118346,0.0076020223907546924,0.046157595755450975,-0.0007226713392205486,-0.06000000000000005,2023-01-13,0.007580509309869088,56224.0,Train
2023-01-13,56224,55845,56253,55800,11810,55801.0,55641.0,0.007580509309869088,55685.57142857143,54603.5,0.006990192416219374,0.005690905108023801,0.009625053871570088,0.05394968694934943,-0.006155054784647951,-0.09000000000000008,2023-01-16,0.0033793397837222905,56414.0,Train
2023-01-16,56414,56295,56460,56262,5510,56224.0,55801.0,0.0033793397837222905,55877.42857142857,54707.3,0.004316019801747573,0.005675956530948781,0.024386700804416073,0.05842401500938088,-0.002131101691650983,0.09000000000000008,2023-01-17,-0.0019144184067784176,56306.0,Train
2023-01-17,56306,56230,56430,56230,6770,56414.0,56224.0,-0.0019144184067784176,55974.28571428572,54802.63333333333,0.00354977646827526,0.005715965107961169,0.01218810670885162,0.05351195599296488,-0.002131101691650983,0.09000000000000008,2023-01-18,-0.0015273683088835588,56220.0,Train
2023-01-18,56220,56289,56492,56073,9600,56306.0,56414.0,-0.0015273683088835588,56035.42857142857,54887.8,0.0036954443566238147,0.005728713311608783,0.007671350731287552,0.04761017422901337,0.0003759420579303452,0.050000000000000044,2023-01-19,0.003966559943080705,56443.0,Train
2023-01-19,56443,56299,56470,56187,7670,56220.0,56306.0,0.003966559943080705,56149.857142857145,54977.86666666667,0.0034034084512043527,0.005745290453712556,0.014395600445706425,0.05027818611488444,-0.0011458568383578838,-0.1100000000000001,2023-01-20,0.0022323405913931005,56569.0,Train
2023-01-20,56569,56540,56768,56507,6480,56443.0,56220.0,0.0022323405913931005,56282.42857142857,55065.166666666664,0.0032796711267650967,0.0057309959240774986,0.016678348699699752,0.04854494902687678,0.004494627358272663,-0.06000000000000005,2023-01-23,0.00240414361222574,56705.0,Train
2023-01-23,56705,56610,56799,56385,8710,56569.0,56443.0,0.00240414361222574,56411.57142857143,55162.3,0.003272399876498053,0.005667602565150601,0.0162004265156539,0.05417263110929338,-0.002191275529697556,0.06000000000000005,2023-01-24,0.0031037827352085046,56881.0,Train
2023-01-24,56881,56815,57000,56633,9070,56705.0,56569.0,0.0031037827352085046,56505.42857142857,55245.8,0.0023866950262183225,0.0054090417636056595,0.011685401252134353,0.04606811828747981,-0.001719333113249788,-0.010000000000000009,2023-01-25,-0.00028128900687396374,56865.0,Train
2023-01-25,56865,56895,56929,56650,6580,56881.0,56705.0,-0.00028128900687396374,56569.857142857145,55329.96666666667,0.0023488130588539043,0.005404197915559766,0.007994469457935915,0.04646669120353342,-0.00039951856334474734,-0.050000000000000044,2023-01-27,-0.0013364987250505944,56789.0,Train
2023-01-27,56789,56730,56895,56500,10210,56865.0,56881.0,-0.0013364987250505944,56638.857142857145,55429.76666666667,0.0022307240390519287,0.004979423940619944,0.008578126665009123,0.055655730086439315,0.00044045235465506316,-0.010000000000000009,2023-01-30,-0.0006163165401750215,56754.0,Train
2023-01-30,56754,56760,57001,56588,4850,56789.0,56865.0,-0.0006163165401750215,56715.142857142855,55523.0,0.00206383904785486,0.004993497937371017,0.009498399146211423,0.05183757436477188,-0.0008292654237487262,0.030000000000000027,2023-01-31,0.0019381893787222548,56864.0,Train
2023-01-31,56864,56700,56935,56460,1040,56754.0,56789.0,0.0019381893787222548,56775.28571428572,55620.3,0.0017550680770602816,0.004980407561080201,0.007458852293464213,0.05411066827324129,-0.0002270389994138977,0.07000000000000006,2023-02-01,0.012925576814856399,57599.0,Train
2023-02-01,57599,56879,58100,56800,640,56864.0,56754.0,0.012925576814856399,56922.42857142857,55722.23333333333,0.004856090176371693,0.005111081981828501,0.01820785235729816,0.056067912212830695,0.0007140736429445127,0.020000000000000018,2023-02-02,0.00192711679022195,57710.0,Train
2023-02-02,57710,58299,58895,57700,210,57599.0,56864.0,0.00192711679022195,57066.0,55823.1,0.004862493681086493,0.005108956408269782,0.01772330482320772,0.055336112939799564,-0.0029778063913155073,-0.14000000000000012,2023-02-03,-0.004955813550511223,57424.0,Train
2023-02-03,57424,57962,57990,57202,90,57710.0,57599.0,-0.004955813550511223,57143.57142857143,55935.03333333333,0.005600265140184813,0.004658975211964712,0.009546245670786435,0.06210927385047915,-0.002392394915444296,0.040000000000000036,2023-02-06,-0.008672332125940319,56926.0,Train
2023-02-06,56926,56690,57076,56665,10030,57424.0,57710.0,-0.008672332125940319,57152.28571428572,56029.1,0.0067856130939525795,0.00504857975634764,0.001072716081948366,0.052158805263936125,0.009864621297070109,0.13000000000000012,2023-02-07,0.00437409970839342,57175.0,Train
2023-02-07,57175,57000,57269,56888,9070,56926.0,57424.0,0.00437409970839342,57207.42857142857,56127.26666666667,0.006915935422334898,0.00507100448655167,0.0067970909859302875,0.05430573483311818,0.008631113007752544,0.06999999999999984,2023-02-08,-0.0008220376038478028,57128.0,Train
2023-02-08,57128,57188,57303,56930,7560,57175.0,56926.0,-0.0008220376038478028,57260.857142857145,56213.333333333336,0.0069243242869404635,0.00503303721776825,0.006589843887655489,0.0473361933047336,-0.0016052629395807427,-0.019999999999999796,2023-02-09,-0.005794006441674826,56797.0,Train
2023-02-09,56797,57117,57281,56690,9660,57128.0,57175.0,-0.005794006441674826,57251.28571428572,56295.76666666667,0.007346029330170661,0.005108753182585866,-0.0011782498593134738,0.04552315735218326,-0.0016942603710088378,-0.07000000000000006,2023-02-10,-0.0015141644805183319,56711.0,Train
2023-02-10,56711,56740,56800,56465,10530,56797.0,57128.0,-0.0015141644805183319,57124.42857142857,56364.73333333333,0.004564775242537617,0.005069063565828967,-0.015416934321776377,0.037864646242816935,-0.0013775182365103333,0.050000000000000044,2023-02-13,-0.003967484262312415,56486.0,Train
2023-02-13,56486,56759,56839,56466,7870,56711.0,56797.0,-0.003967484262312415,56949.57142857143,56421.63333333333,0.004204243011075685,0.005150952757370182,-0.021209495754635266,0.031161576516548273,0.0013652491579714265,0.06999999999999984,2023-02-14,0.0034167758382608326,56679.0,Train
2023-02-14,56679,56560,56949,56367,16320,56486.0,56711.0,0.0034167758382608326,56843.142857142855,56477.066666666666,0.00472988473715522,0.005133563535745336,-0.012973669545834454,0.030227570161407646,-0.0013242673871480815,0.0,2023-02-15,-0.009315619541629183,56151.0,Train
2023-02-15,56151,56634,56634,56103,10490,56679.0,56486.0,-0.009315619541629183,56732.42857142857,56502.76666666667,0.0048880405542229685,0.0053525595859683075,-0.013614165759055608,0.01392199349945833,-0.0004992382241454374,0.050000000000000044,2023-02-16,0.0013891115029118772,56229.0,Train
2023-02-16,56229,56235,56280,55929,8920,56151.0,56679.0,0.0013891115029118772,56597.28571428572,56520.8,0.00434479956254575,0.005269389291914442,-0.016545693047660737,0.009714839821864718,0.004442854534038032,0.0,2023-02-17,5.335325188071671e-05,56232.0,Train
2023-02-17,56232,56348,56348,55737,9200,56229.0,56151.0,5.335325188071671e-05,56469.28571428572,56559.5,0.0044089877578463565,0.004809710812068063,-0.015684077860243617,0.021081876123549614,7.803698787189894e-05,0.030000000000000027,2023-02-20,-0.0005335040546308178,56202.0,Train
2023-02-20,56202,56194,56339,56181,3510,56232.0,56229.0,-0.0005335040546308178,56384.28571428572,56578.63333333333,0.004144095054349639,0.0044726242254883,-0.010475905417539622,0.010318544617818448,0.0007263514495068346,-0.030000000000000027,2023-02-21,-0.0008006832497063909,56157.0,Train
2023-02-21,56157,56181,56285,56000,6390,56202.0,56232.0,-0.0008006832497063909,56305.142857142855,56590.8,0.0041523379094967235,0.0044498979609531265,-0.009768827916982636,0.006542156581588854,0.0007263514495068346,-0.030000000000000027,2023-02-22,-0.0017273002475203247,56060.0,Train
2023-02-22,56060,56103,56350,55963,6300,56157.0,56202.0,-0.0017273002475203247,56244.28571428572,56604.73333333333,0.004004639872543369,0.0044316038945816155,-0.007541691746627444,0.007512310844326242,0.0006055447995314545,0.07000000000000006,2023-02-23,-0.007670353193007462,55630.0,Train
2023-02-23,55630,56000,56000,55566,6190,56060.0,56157.0,-0.007670353193007462,56094.42857142857,56604.36666666667,0.004123256012828457,0.004662321731437713,-0.018507736551456433,-0.00019769594363872045,0.0017682813598438596,-0.010000000000000009,2023-02-24,-0.0017077116663670733,55535.0,Train
2023-02-24,55535,55794,55794,55486,6660,55630.0,56060.0,-0.0017077116663670733,56006.42857142857,56595.5,0.002895853315462493,0.00464001719391402,-0.010970419048636715,-0.004766939660579506,0.002074663043109437,-0.030000000000000027,2023-02-27,-0.001584586296929813,55447.0,Train
2023-02-27,55447,55503,55540,55341,2610,55535.0,55630.0,-0.001584586296929813,55894.71428571428,56569.6,0.0025913439299062382,0.004409555055661226,-0.013907414323569678,-0.013819721115537864,0.003951619296785225,0.08000000000000007,2023-02-28,0.0048154093097914075,55714.0,Train
2023-02-28,55714,55549,55999,55325,380,55447.0,55535.0,0.0048154093097914075,55820.71428571428,56546.26666666667,0.003634202775421453,0.004460112870620981,-0.009211836676625396,-0.012408267451341826,-0.0014312965325607996,-0.010000000000000009,2023-03-01,0.005976953727967915,56047.0,Train
2023-03-01,56047,55990,56144,55799,110,55714.0,55447.0,0.005976953727967915,55798.57142857143,56537.63333333333,0.004578176816861109,0.004598667289555515,-0.002757908971210976,-0.0045998650232657035,-0.0004942579581708184,-0.07000000000000006,2023-03-02,-0.002355166199796588,55915.0,Train
2023-03-02,55915,55935,56050,55100,170,56047.0,55714.0,-0.002355166199796588,55764.0,56527.46666666667,0.004638971232529226,0.004609727693223755,-0.004309347009277542,-0.005425115617218035,-0.0057642492918315025,0.08000000000000007,2023-03-03,-0.0006438343914870748,55879.0,Train
2023-03-03,55879,55999,56029,55710,60,55915.0,56047.0,-0.0006438343914870748,55738.142857142855,56508.666666666664,0.004613387606074596,0.0045434048125024065,-0.0032286835533357205,-0.009992381694807095,0.00410744172282107,0.030000000000000027,2023-03-06,-0.002272767945024068,55752.0,Train
2023-03-06,55752,55605,55986,55605,6390,55879.0,55915.0,-0.002272767945024068,55755.57142857143,56481.433333333334,0.0035297972294807962,0.004530406906196386,0.0021930612978608988,-0.014442539199915116,-0.002938986313900327,-0.15000000000000013,2023-03-07,-0.012107188979767591,55077.0,Train
2023-03-07,55077,55655,55677,55050,7900,55752.0,55879.0,-0.012107188979767591,55690.142857142855,56427.166666666664,0.005910380310475627,0.0049661440651953565,-0.008247051409021378,-0.028709990300679,-0.0023945511541372255,0.040000000000000036,2023-03-08,-0.0022150807051944943,54955.0,Train
2023-03-08,54955,55010,55140,54888,7210,55077.0,55752.0,-0.0022150807051944943,55619.857142857145,56362.96666666667,0.005922590726193481,0.0049107471753154445,-0.008873338503435746,-0.03386016420245774,0.00811138315972948,0.10000000000000009,2023-03-09,0.0057683559275771845,55272.0,Train
2023-03-09,55272,54987,55395,54819,9130,54955.0,55077.0,0.0057683559275771845,55556.71428571428,56309.86666666667,0.006093917121590208,0.005068721556397321,-0.007933374017302652,-0.02801371669744135,-9.220968152257036e-05,0.06999999999999984,2023-03-10,0.014998552612534466,56101.0,Train
2023-03-10,56101,55257,56147,55253,13840,55272.0,54955.0,0.014998552612534466,55564.42857142857,56286.933333333334,0.008373085900255624,0.0058423665156041105,0.0009634770817350535,-0.012115022275440701,-4.36389625123601e-05,-0.030000000000000027,2023-03-13,0.025632341669489023,57539.0,Train
2023-03-13,57539,56216,57600,56216,18780,56101.0,55272.0,0.025632341669489023,55796.42857142857,56313.1,0.012588636906474347,0.007529243203221927,0.02904408477152831,0.013831624202699455,-0.001677291433709649,-0.18999999999999995,2023-03-14,-0.0021203010132258004,57417.0,Train
2023-03-14,57417,57001,57678,57000,11660,57539.0,56101.0,-0.0021203010132258004,56016.142857142855,56331.53333333333,0.012694576548150843,0.007538691142953215,0.02752375668855911,0.009724957794034816,-0.0029065811298220057,-0.1299999999999999,2023-03-15,0.0147343121375203,58263.0,Train
2023-03-15,58263,57420,58557,57015,20000,57417.0,57539.0,0.0147343121375203,56374.857142857145,56353.666666666664,0.012929341936478886,0.007649157242210376,0.045038743004735204,0.01152797791628335,0.001029037213261308,0.020000000000000018,2023-03-16,-0.005509500025745351,57942.0,Train
2023-03-16,57942,58186,58430,57800,14100,58263.0,57417.0,-0.005509500025745351,56784.142857142855,56361.4,0.011520376376129491,0.0077184891765045794,0.052018083773625934,0.004020100502512669,0.009038616161257229,-0.1100000000000001,2023-03-17,0.022246384315349754,59231.0,Train
2023-03-17,59231,58250,59295,58066,16730,57942.0,58263.0,0.022246384315349754,57395.0,56421.63333333333,0.011848860143734987,0.00863936869096712,0.07780911654990441,0.031467679019225425,-0.0031595007366436167,0.1200000000000001,2023-03-20,0.0032584288632642178,59424.0,Train
2023-03-20,59424,59317,60320,59120,24580,59231.0,57942.0,0.0032584288632642178,57988.142857142855,56504.9,0.012063294769154447,0.008447965916857937,0.075119409465914,0.043881530407897884,-0.0012963956422046286,-0.050000000000000044,2023-03-21,-0.015212708669897657,58520.0,Train
2023-03-21,58520,59472,59632,58474,16820,59424.0,59231.0,-0.015212708669897657,58333.71428571428,56549.73333333333,0.015173518058475886,0.008957061652123427,0.04311866098643513,0.023524267599475346,-0.004525999820671034,0.040000000000000036,2023-03-22,0.002802460697197473,58684.0,Train
2023-03-22,58684,58515,58772,58380,10090,58520.0,59424.0,0.002802460697197473,58497.28571428572,56601.6,0.012506420939084679,0.008958679240678592,0.019899546394619216,0.027237081641226624,-0.0009775720349942674,0.030000000000000027,2023-03-23,0.012814395746711282,59436.0,Train
2023-03-23,59436,58769,59490,58769,13200,58684.0,58520.0,0.012814395746711282,58785.71428571428,56689.566666666666,0.012780990185589296,0.009119494059125528,0.03516380166152877,0.04646372167544066,-0.002267241707321399,-0.16000000000000014,2023-03-24,-0.0035332121946295425,59226.0,Train
2023-03-24,59226,59410,59892,59141,15160,59436.0,58684.0,-0.0035332121946295425,58923.28571428572,56773.4,0.012323470569048789,0.009150323306669348,0.01652850007723594,0.04434765742095892,-0.007154599877136514,-0.010000000000000009,2023-03-27,-0.01232566778104216,58496.0,Train
2023-03-27,58496,59257,59257,58401,12460,59226.0,59436.0,-0.01232566778104216,59002.42857142857,56840.4,0.013285233135076659,0.009444657100536165,0.009561285423354438,0.03558403852281988,0.005854271965209934,-0.030000000000000027,2023-03-28,0.008376641137855634,58986.0,Train
2023-03-28,58986,58657,59051,58463,8910,58496.0,59226.0,0.008376641137855634,58967.42857142857,56917.3,0.010381039764512696,0.00952768223758065,-0.004136347520723893,0.04070290583814118,-0.001707623622154486,0.13000000000000012,2023-03-29,0.0001864849286270509,58997.0,Train
2023-03-29,58997,58899,59089,58665,8700,58986.0,58496.0,0.0001864849286270509,58906.42857142857,57012.166666666664,0.01025762079868742,0.009315634617155144,-0.007185648896068875,0.050684760734448275,-0.004492986101929053,-0.050000000000000044,2023-03-30,0.006644405647744822,59389.0,Train
2023-03-30,59389,59044,59456,58891,2690,58997.0,58986.0,0.006644405647744822,59030.57142857143,57117.5,0.008354878951283434,0.009359070135525354,0.014849624060150335,0.056198758647672875,0.00010023907018230638,0.0,2023-03-31,-0.0012628601256124972,59314.0,Train
2023-03-31,59314,59312,59670,59247,890,59389.0,58997.0,-0.0012628601256124972,59120.57142857143,57220.23333333333,0.00844182847358443,0.009370939548396493,0.010735464521845817,0.054808649879072524,-0.0026560691179345897,-0.030000000000000027,2023-04-03,0.00482179586606879,59600.0,Train
2023-04-03,59600,59750,59760,59031,290,59314.0,59389.0,0.00482179586606879,59144.0,57333.5,0.007099219463675601,0.009375519479374579,0.0027592704758059305,0.0604604818333867,-0.00039863392508687756,-0.050000000000000044,2023-04-04,0.014010067114093916,60435.0,Train
2023-04-04,60435,59558,60625,59558,160,59600.0,59314.0,0.014010067114093916,59316.71428571428,57476.1,0.008442465464777628,0.009609924636947325,0.020413331982575222,0.07617928308136124,-0.00033344448149386086,-0.020000000000000018,2023-04-05,-0.0011417225117895669,60366.0,Train
2023-04-05,60366,60599,60949,60100,350,60435.0,59600.0,-0.0011417225117895669,59583.857142857145,57619.63333333333,0.0056835311332965105,0.009601644677155364,0.03196799781181614,0.07681056011416332,-0.0014951341095069681,-0.039999999999999813,2023-04-06,-0.0014909054765928076,60276.0,Train
2023-04-06,60276,60500,60580,60075,10850,60366.0,60435.0,-0.0014909054765928076,59768.142857142855,57774.5,0.005790049682658259,0.009440557072169209,0.02186959617536366,0.0835160884414885,0.0012866999043159577,-0.030000000000000027,2023-04-10,-0.0067854535801977756,59867.0,Train
2023-04-10,59867,60012,60200,59730,10300,60276.0,60366.0,-0.0067854535801977756,59892.42857142857,57918.9,0.006874732436619784,0.009567347961895038,0.014746512534535627,0.07800486179886557,0.00039813188139525835,0.07999999999999985,2023-04-11,0.006915328979237412,60281.0,Train
2023-04-11,60281,59980,60350,59961,9790,59867.0,60276.0,0.006915328979237412,60019.857142857145,58080.03333333333,0.0069051862437064186,0.009566515813123956,0.015019616427284443,0.08718235432034205,0.003687328609598195,0.0,2023-04-12,0.0020404439209700254,60404.0,Train
2023-04-12,60404,60390,60822,60151,14070,60281.0,59867.0,0.0020404439209700254,60175.57142857143,58236.36666666667,0.006743883680180547,0.009560112333683366,0.01837677445459751,0.08417991887137877,-0.0022538540904947224,0.0,2023-04-13,0.009651678696775079,60987.0,Train
2023-04-13,60987,60498,61142,60461,14930,60404.0,60281.0,0.009651678696775079,60373.71428571428,58401.03333333333,0.0072353654657805406,0.009626306467404623,0.023271812080536858,0.08814031081056961,-0.004365621193258673,0.0,2023-04-14,-0.013806220997917618,60145.0,Train
2023-04-14,60145,60986,60986,59918,14070,60987.0,60404.0,-0.013806220997917618,60332.28571428572,58542.03333333333,0.007982016153219215,0.010057760002391511,-0.004798543890129903,0.07565054099973167,-0.0051385259195146915,0.020000000000000018,2023-04-17,-0.001562889683265456,60051.0,Train
2023-04-17,60051,60050,60444,59764,13500,60145.0,60987.0,-0.001562889683265456,60287.28571428572,58681.1,0.007987841626516896,0.010069004309981994,-0.0052181691680747155,0.07466132178457019,0.003929336143219775,0.06000000000000005,2023-04-18,0.004662703368803145,60331.0,Train
2023-04-18,60331,60050,60499,60007,11380,60051.0,60145.0,0.004662703368803145,60295.142857142855,58833.73333333333,0.008223947162084284,0.010036352956936286,0.0009124693078506052,0.08213158272348964,0.003550493998234927,0.06000000000000005,2023-04-19,-0.002635461039929732,60172.0,Train
2023-04-19,60172,60323,60384,59627,17270,60331.0,60051.0,-0.002635461039929732,60338.71428571428,59003.566666666666,0.007777317429521493,0.009698325926407075,0.005094626421901838,0.09250685404070658,-0.0014570916685040514,0.020000000000000018,2023-04-20,0.003606328524895286,60389.0,Train
2023-04-20,60389,59932,60549,59932,10300,60172.0,60331.0,0.003606328524895286,60354.142857142855,59184.7,0.007433234496311528,0.009648518960995119,0.0017916092964616048,0.09888090255663728,0.0016632397155784684,0.020000000000000018,2023-04-21,-0.009587838844822727,59810.0,Train
2023-04-21,59810,60311,60373,59565,17110,60389.0,60172.0,-0.009587838844822727,60269.28571428572,59335.96666666667,0.008230683136142353,0.009910939019271037,-0.009833785841997233,0.08210305398755247,-0.0015347476593211562,-0.040000000000000036,2023-04-24,0.001972914228389966,59928.0,Train
2023-04-24,59928,59652,59978,59575,8500,59810.0,60389.0,0.001972914228389966,60118.0,59463.53333333333,0.006922908264946035,0.009634164489482625,-0.017364356338235964,0.06821625282971788,0.0016101423859489206,0.010000000000000009,2023-04-25,0.0032539046856228104,60123.0,Train
2023-04-25,60123,59980,60195,59701,11510,59928.0,59810.0,0.0032539046856228104,60114.857142857145,59549.666666666664,0.005008818636317604,0.008568450074181742,-0.000365782691828076,0.044908670640782855,-0.0009035157490840939,-0.050000000000000044,2023-04-26,-0.004557324152154707,59849.0,Train
2023-04-26,59849,60085,60300,59805,10020,60123.0,59928.0,-0.004557324152154707,60086.0,59630.73333333333,0.005280890324044678,0.008615387756381605,-0.003363807430350918,0.04235679328421904,0.0034319346934117423,-0.09000000000000008,2023-04-27,0.001069357884008193,59913.0,Train
2023-04-27,59913,60100,60248,59605,9710,59849.0,60123.0,0.001069357884008193,60026.28571428572,59685.73333333333,0.0048564831312839455,0.008240225211297273,-0.00692844474648191,0.028319859945419967,-0.0024261576918896965,0.030000000000000027,2023-04-28,0.0024034850533272145,60057.0,Train
2023-04-28,60057,59888,60124,59741,7030,59913.0,59849.0,0.0024034850533272145,60009.857142857145,59756.23333333333,0.0049433253523881535,0.008152037480913248,-0.0019111879279398725,0.036502019260640006,0.0008967271971491719,0.08000000000000007,2023-05-01,-0.001298766172136423,59979.0,Train
2023-05-01,59979,60170,60449,59900,1490,60057.0,59913.0,-0.001298766172136423,59951.28571428572,59781.166666666664,0.004641934335925692,0.007127752301527478,-0.006789315935021301,0.012628522226536765,-0.0017164895193662044,0.0,2023-05-02,0.013471381650244307,60787.0,Train
2023-05-02,60787,60050,60861,59900,710,59979.0,60057.0,0.013471381650244307,60090.857142857145,59826.6,0.005587326256724759,0.007500979588255166,0.01633506102658422,0.022936860527732916,0.001834349900356358,0.10000000000000009,2023-05-03,0.004704953361738484,61073.0,Train
2023-05-03,61073,60925,61146,60700,190,60787.0,59979.0,0.004704953361738484,60254.42857142857,59911.7,0.005653200036772353,0.006893161203088598,0.019106260846349032,0.04362611073137379,0.0013981505900280133,-0.1200000000000001,2023-05-04,0.009988047091185948,61683.0,Train
2023-05-04,61683,61374,61898,61150,180,61073.0,60787.0,0.009988047091185948,60477.28571428572,60011.666666666664,0.006295496310320512,0.007064580439536542,0.025946809041464958,0.05110421920796138,-0.004073220996484439,-0.06000000000000005,2023-05-05,-0.014331339266896892,60799.0,Train
2023-05-05,60799,61899,61899,60200,110,61683.0,61073.0,-0.014331339266896892,60613.0,60057.1,0.008951407312769362,0.007323882956553142,0.01587328109074515,0.022932229625143075,-0.000644710144866778,0.0,2023-05-08,0.0019243737561474017,60916.0,Train
2023-05-08,60916,60750,61042,60750,9010,60799.0,61683.0,0.0019243737561474017,60756.28571428572,60113.433333333334,0.008937850469468723,0.007280653652445621,0.01674094103116186,0.028534765136933204,-0.004130318824996926,0.050000000000000044,2023-05-09,0.007272309409678934,61359.0,Train
2023-05-09,61359,60916,61390,60906,11890,60916.0,60799.0,0.007272309409678934,60942.28571428572,60208.86666666667,0.009124851448824986,0.006917267828363687,0.02167940456566253,0.048943517505470435,0.0001779767668623755,0.06000000000000005,2023-05-10,-0.0024772242050881133,61207.0,Train
2023-05-10,61207,61265,61571,60957,16020,61359.0,60916.0,-0.0024772242050881133,61117.71428571428,60282.9,0.00922989526176607,0.006834891441852712,0.020473832508044465,0.03765300240735092,0.002091487393306668,0.010000000000000009,2023-05-11,-0.005244498178312962,60886.0,Train
2023-05-11,60886,61228,61450,60801,18620,61207.0,61359.0,-0.005244498178312962,61131.857142857145,60345.86666666667,0.00833700758195311,0.006935365105996206,0.0016286377021401677,0.0320185772157906,-0.00199875614249323,-0.040000000000000036,2023-05-12,-0.0007062378871990349,60843.0,Train
2023-05-12,60843,60849,61031,60532,14970,60886.0,61207.0,-0.0007062378871990349,61099.0,60394.333333333336,0.008104040942551466,0.006861244297984717,-0.0037659849688078673,0.024482648301874077,0.003743262296519667,-0.030000000000000027,2023-05-15,0.002366747201814512,60987.0,Train
2023-05-15,60987,60740,61081,60740,7710,60843.0,60886.0,0.002366747201814512,60999.57142857143,60450.1,0.006877643311003463,0.006855077853453335,-0.01128349788434413,0.02820581987389148,0.0028295316402628945,0.050000000000000044,2023-05-16,-0.01159263449587622,60280.0,Train
2023-05-16,60280,60938,60980,60200,14190,60987.0,60843.0,-0.01159263449587622,60925.42857142857,60472.76666666667,0.0060622173728260825,0.007182659468824587,-0.008536324610602164,0.011409395973154268,-0.0017282819135255867,0.030000000000000027,2023-05-17,-0.0015096217650961696,60189.0,Train
2023-05-17,60189,60389,60420,60010,9460,60280.0,60987.0,-0.0015096217650961696,60821.57142857143,60464.566666666666,0.005903337006329801,0.006712341101248982,-0.011934467135071292,-0.0040704889550756684,0.00011329229075340841,0.040000000000000036,2023-05-18,-0.0071607768861420285,59758.0,Train
2023-05-18,59758,60148,60170,59621,12490,60189.0,60280.0,-0.0071607768861420285,60592.857142857145,60444.3,0.004631259531661155,0.006832987200307952,-0.02609234179175024,-0.010071894775204537,0.003630816375678192,0.0,2023-05-19,0.010559255664513545,60389.0,Train
2023-05-19,60389,59748,60492,59748,12690,59758.0,60189.0,0.010559255664513545,60476.0,60448.066666666666,0.007162683739900073,0.007110028719381473,-0.013364484454392422,0.0018747096688565001,0.0040265201869456035,0.06999999999999984,2023-05-22,-0.0019539982447134285,60271.0,Train
2023-05-22,60271,60485,60510,60140,7430,60389.0,59758.0,-0.0019539982447134285,60388.142857142855,60461.53333333333,0.007012883459955044,0.0070029075003103965,-0.010100844200637282,0.006748292047371596,-0.0026105725272840274,0.040000000000000036,2023-05-23,-0.0008461780956015019,60220.0,Train
2023-05-23,60220,60033,60271,59774,11250,60271.0,60389.0,-0.0008461780956015019,60299.142857142855,60459.5,0.007010681546453585,0.006890562686128848,-0.010239468796739093,-0.0010119274730014949,0.0026082215752689653,0.020000000000000018,2023-05-24,-0.005014945200929932,59918.0,Train
2023-05-24,59918,60288,60395,59797,10440,60220.0,60271.0,-0.005014945200929932,60146.42857142857,60443.3,0.006895433198435089,0.006938375952513637,-0.01752832570875762,-0.008045824779815858,0.0019394191735193633,-0.040000000000000036,2023-05-25,-0.007093027137087371,59493.0,Train
2023-05-25,59493,59752,60000,59411,11030,59918.0,60220.0,-0.007093027137087371,60034.0,60393.5,0.0060667651245018585,0.00678655869250438,-0.013055739880557415,-0.024497023955925012,0.0012865648717923506,0.040000000000000036,2023-05-26,-0.0010589481115425015,59430.0,Train
2023-05-26,59430,59570,59690,59301,9040,59493.0,59918.0,-0.0010589481115425015,59925.57142857143,60369.666666666664,0.0060734894859944474,0.006327982573073005,-0.012610277625479727,-0.011887937484412636,0.0030387996865746114,0.10000000000000009,2023-05-29,-0.001211509338717831,59358.0,Train
2023-05-29,59358,59450,59599,59250,8790,59430.0,59493.0,-0.001211509338717831,59868.42857142857,60346.566666666666,0.005594974559578777,0.006326040981918251,-0.006693664446601244,-0.0115401908377879,-0.00174526424326793,-0.010000000000000009,2023-05-30,0.008204454327976007,59845.0,Train
2023-05-30,59845,58900,59946,58900,3450,59358.0,59430.0,0.008204454327976007,59790.71428571428,60330.36666666667,0.004802637737502745,0.006454889246033347,-0.009008263094272162,-0.008055560159785147,-0.00174526424326793,-0.010000000000000009,2023-05-31,0.006800902331021819,60252.0,Train
2023-05-31,60252,59868,60368,59834,320,59845.0,59358.0,0.006800902331021819,59788.0,60333.03333333333,0.005661630046815082,0.0065636094048969786,-0.00031524281993000614,0.0013295220368276794,-0.0006283656524391779,-0.10000000000000009,2023-06-01,-0.0036347341167097813,60033.0,Train
2023-06-01,60033,60100,60718,59696,350,60252.0,59845.0,-0.0036347341167097813,59761.28571428572,60321.166666666664,0.005824289024324577,0.006562035678372522,-0.0031052806376619113,-0.0058951133484574925,0.0034142206104121886,-0.010000000000000009,2023-06-02,-0.006279879399663568,59656.0,Train
2023-06-02,59656,60449,60449,59601,60,60033.0,60252.0,-0.006279879399663568,59723.857142857145,60316.03333333333,0.006007018603564495,0.006424791939648707,-0.004372642611569111,-0.002574820264169886,-0.0075814566383006765,-0.010000000000000009,2023-06-05,0.0024976532117473305,59805.0,Train
2023-06-05,59805,59588,60200,59200,40,59656.0,60033.0,0.0024976532117473305,59768.42857142857,60311.933333333334,0.0053385524023402695,0.006431245241213133,0.005244314457163002,-0.002052462955546619,-0.0003681826852511838,0.06000000000000005,2023-06-06,0.0016219379650530552,59902.0,Train
2023-06-06,59902,59773,59998,59701,8000,59805.0,59656.0,0.0016219379650530552,59835.857142857145,60304.566666666666,0.005282203743611669,0.006409212857801661,0.007942116776038954,-0.0036757979475409153,-8.332993070014894e-07,-0.010000000000000009,2023-06-07,-0.006527327969016006,59511.0,Train
2023-06-07,59511,59900,60025,59410,14680,59902.0,59805.0,-0.006527327969016006,59857.71428571428,60293.3,0.006009161408683749,0.006466263428325101,0.002577580107146371,-0.005647546324917707,-0.00027498900043998464,0.0,2023-06-08,0.005007477609181521,59809.0,Train
2023-06-08,59809,59550,59950,59410,14350,59511.0,59902.0,0.005007477609181521,59852.57142857143,60289.833333333336,0.005406978649633348,0.006531901240947842,-0.000601554014537542,-0.0017358503162919758,-0.0009402209519238092,0.08000000000000007,2023-06-09,-0.0005350365329632734,59777.0,Train
2023-06-09,59777,59805,60040,59676,7820,59809.0,59511.0,-0.0005350365329632734,59784.71428571428,60280.5,0.004484811915551054,0.006516051336482283,-0.007883555732589809,-0.004662237541002701,-0.002401154690094165,-0.050000000000000044,2023-06-12,-0.003044649279823397,59595.0,Train
2023-06-12,59595,59680,59850,59484,9120,59777.0,59809.0,-0.003044649279823397,59722.142857142855,60267.7,0.0044349660363206984,0.006534571437842188,-0.00729598720703617,-0.006402240784274538,-0.0011624872879089088,0.020000000000000018,2023-06-13,-0.00625891433845116,59222.0,Train
2023-06-13,59222,59680,59800,59151,15370,59595.0,59777.0,-0.00625891433845116,59660.142857142855,60215.53333333333,0.004430840581767296,0.0060895748553138115,-0.0072750435832104055,-0.025745636402520256,0.0017198042069057617,0.010000000000000009,2023-06-14,0.0004559116544526898,59249.0,Train
2023-06-14,59249,59294,59390,59105,11390,59222.0,59595.0,0.0004559116544526898,59580.71428571428,60154.73333333333,0.004221874007306464,0.006004714727795607,-0.00929688153164454,-0.02986589818741503,-0.0037421345797643557,0.07999999999999985,2023-06-15,0.0,59249.0,Train
2023-06-15,59249,59100,59275,58600,16410,59249.0,59222.0,0.0,59487.42857142857,60073.6,0.004075088855768083,0.005640749852316635,-0.010901138526259513,-0.03945981875070925,-0.00347260967581986,-0.019999999999999796,2023-06-16,0.0,59249.0,Train
2023-06-16,59249,59250,59427,59156,9350,59249.0,59249.0,0.0,59450.0,60021.933333333334,0.003446694330612565,0.0050803467653008786,-0.00440254742820656,-0.025493840359216424,-0.001885060955075124,-0.1100000000000001,2023-06-19,-0.0034768519299903655,59043.0,Train
2023-06-19,59043,59126,59260,59005,6090,59249.0,59249.0,-0.0034768519299903655,59340.57142857143,59959.5,0.002496749494671214,0.0050744133580350225,-0.012807437007808176,-0.0307472585199291,-0.0011277742022283155,0.040000000000000036,2023-06-20,-0.005453652422810484,58721.0,Train
2023-06-20,58721,59064,59238,58555,11770,59043.0,59249.0,-0.005453652422810484,59189.71428571428,59871.566666666666,0.0027486585482050557,0.004884998470138141,-0.017665657359854148,-0.042992877980410404,-0.0011277742022283155,0.040000000000000036,2023-06-21,-0.0015497011290679374,58630.0,Train
2023-06-21,58630,58702,58762,58326,9890,58721.0,59043.0,-0.0015497011290679374,59051.857142857145,59785.666666666664,0.002760939128205309,0.004881221108009764,-0.01619263361020218,-0.04210302743150296,0.0043878316207615065,-0.030000000000000027,2023-06-22,-0.00828927170390581,58144.0,Train
2023-06-22,58144,58553,58644,58111,10480,58630.0,58721.0,-0.00828927170390581,58897.857142857145,59694.26666666667,0.003297471134297954,0.004993811616222193,-0.018202694944446374,-0.04503498341162171,-0.001774033530074437,-0.010000000000000009,2023-06-23,0.0007567418822234107,58188.0,Train
2023-06-23,58188,58111,58594,58046,10120,58144.0,58630.0,0.0007567418822234107,58746.28571428572,59605.76666666667,0.0033457895938169002,0.005009179951598584,-0.017907475231649483,-0.04363690153345501,0.00023751968802376844,0.050000000000000044,2023-06-26,0.001168625833505299,58256.0,Train
2023-06-26,58256,58282,58495,58211,7600,58188.0,58144.0,0.001168625833505299,58604.42857142857,59514.73333333333,0.003520198012233547,0.004982205806357385,-0.016759776536312887,-0.04478003508944528,0.0033413273692435297,-0.030000000000000027,2023-06-27,-0.004136912936006598,58015.0,Train
2023-06-27,58015,58350,58391,57930,8400,58256.0,58188.0,-0.004136912936006598,58428.142857142855,59439.23333333333,0.0033938824972654857,0.004636050978936493,-0.02082735573596184,-0.03757465162574647,-0.0006370014771048815,0.010000000000000009,2023-06-28,-0.0037748858053952006,57796.0,Train
2023-06-28,57796,58080,58080,57690,10090,58015.0,58256.0,-0.0037748858053952006,58250.0,59359.46666666667,0.0034027591133240463,0.00465855820400195,-0.021120200531815847,-0.039758095333034316,-0.0015217159446773154,0.030000000000000027,2023-06-29,-0.0037718873278427267,57578.0,Train
2023-06-29,57578,57600,57811,57375,6460,57796.0,58015.0,-0.0037718873278427267,58086.71428571428,59286.8,0.003260318424910941,0.0045524490005274,-0.019464927368403107,-0.03648047123397702,0.0037285030728819724,-0.040000000000000036,2023-06-30,0.007676543124109925,58020.0,Train
2023-06-30,58020,57743,58059,57673,440,57578.0,57796.0,0.007676543124109925,57999.57142857143,59207.833333333336,0.005160831868898197,0.004319536936703576,-0.01040422991642509,-0.03922899865869611,0.001582058385328322,0.11999999999999988,2023-07-03,0.0017063081695967153,58119.0,Train
2023-07-03,58119,57979,58205,57830,70,58020.0,57578.0,0.0017063081695967153,57996.0,59136.1,0.004269073917135633,0.004352697774464072,-0.00042996697853603383,-0.035705397288911755,-0.0013921540739748606,-0.05999999999999983,2023-07-04,0.001290455788984568,58194.0,Train
2023-07-04,58194,58171,58239,58124,20,58119.0,58020.0,0.001290455788984568,57996.857142857145,59068.566666666666,0.004290670741038514,0.004376138917515079,0.00010311404413276826,-0.033643307871139116,-0.0012458047295339503,0.020000000000000018,2023-07-05,0.0019589648417361882,58308.0,Train
2023-07-05,58308,58186,58450,58148,120,58194.0,58119.0,0.0019589648417361882,58004.28571428572,59014.9,0.0043360124111990785,0.004347835637038156,0.0008926119198022775,-0.02687005574284851,-0.0012458047295339503,0.020000000000000018,2023-07-06,0.001320573506208511,58385.0,Train
2023-07-06,58385,58469,58637,58150,13960,58308.0,58194.0,0.001320573506208511,58057.142857142855,58977.96666666667,0.0039094307998936975,0.00420343431437247,0.006377660949754338,-0.01862403980300198,0.0011441810758825444,0.07999999999999985,2023-07-07,0.0062002226599298105,58747.0,Train
2023-07-07,58747,58396,58898,58313,13140,58385.0,58308.0,0.0062002226599298105,58193.0,58955.2,0.0037287778284504376,0.004382303723148023,0.016454425911827775,-0.01149251219922598,0.003946432416716439,0.09000000000000008,2023-07-10,-0.001906480330910565,58635.0,Train
2023-07-10,58635,58690,58720,58390,9830,58747.0,58385.0,-0.001906480330910565,58344.0,58931.1,0.003255825485712006,0.00438870516860038,0.018357706068290014,-0.012180329525927402,-0.006202673525884439,0.010000000000000009,2023-07-11,0.0017395753389612967,58737.0,Train
2023-07-11,58737,58601,58840,58553,8870,58635.0,58747.0,0.0017395753389612967,58446.42857142857,58894.166666666664,0.002366963395428552,0.004100970073342852,0.012357807652533692,-0.018514495780767026,-0.001018676291883902,-0.030000000000000027,2023-07-12,0.0064014164836474485,59113.0,Train
2023-07-12,59113,58790,59168,58688,13170,58737.0,58635.0,0.0064014164836474485,58588.42857142857,58856.2,0.0029444788437895573,0.004076637372838145,0.01710284072334356,-0.018903936798778442,-0.001852804594686508,-0.010000000000000009,2023-07-13,0.001218006191531451,59185.0,Train
2023-07-13,59185,59150,59325,59050,9300,59113.0,58737.0,0.001218006191531451,58730.0,58827.933333333334,0.0029492723107874476,0.004049400959896883,0.017029247001409065,-0.014125564272983171,-0.009229844088991856,-0.1499999999999999,2023-07-14,0.0007434316127397089,59229.0,Train
2023-07-14,59229,59207,59320,59083,7720,59185.0,59113.0,0.0007434316127397089,58861.57142857143,58813.7,0.0030158971885802773,0.0039020394997668615,0.015795431158674544,-0.007157704170577928,-0.0038711816284634493,-0.08000000000000007,2023-07-17,-0.002836448361444588,59061.0,Train
2023-07-17,59061,59095,59180,58861,8540,59229.0,59185.0,-0.002836448361444588,58958.142857142855,58788.9,0.0035840794082037117,0.0038948886268349177,0.011578316348377138,-0.01244043140205664,-0.0011674038321225488,0.07000000000000006,2023-07-18,0.009684902050422384,59633.0,Train
2023-07-18,59633,59135,59767,59112,15280,59061.0,59229.0,0.009684902050422384,59084.71428571428,58779.933333333334,0.004456913767349337,0.004297326961212003,0.015081621189167116,-0.004490668091215677,0.0006869076596185408,-0.030000000000000027,2023-07-19,0.0008384619254440118,59683.0,Train
2023-07-19,59683,59650,59739,59505,7000,59633.0,59061.0,0.0008384619254440118,59234.42857142857,58785.666666666664,0.0041508550150192915,0.004126911773297671,0.01787328387481879,0.0028902219757691583,-0.0008563376241284004,0.010000000000000009,2023-07-20,-0.0037531625420974546,59459.0,Train
2023-07-20,59459,59750,59842,59338,9930,59683.0,59633.0,-0.0037531625420974546,59337.57142857143,58774.0,0.004796621051359423,0.004077666205302981,0.012292081652110154,-0.005851962079285733,0.0027327167203297087,-0.040000000000000036,2023-07-21,-0.004002758203131562,59221.0,Train
2023-07-21,59221,59460,59500,59110,7400,59459.0,59683.0,-0.004002758203131562,59353.0,58755.46666666667,0.004728965758851094,0.0041365796236772084,0.0018270092872971766,-0.009301236261438306,0.002117665505998456,-0.030000000000000027,2023-07-24,-0.003512267607774233,59013.0,Train
2023-07-24,59013,59188,59234,58967,8039,59221.0,59459.0,-0.003512267607774233,59328.42857142857,58736.066666666666,0.004905648522882211,0.0041481310206682165,-0.0029061417588915894,-0.009765919959728198,0.0029516636379021133,-0.010000000000000009,2023-07-25,0.0018131598122448356,59120.0,Train
2023-07-25,59120,59057,59191,58870,8850,59013.0,59221.0,0.0018131598122448356,59312.857142857145,58732.666666666664,0.0049637193154572976,0.0040090009801979085,-0.0018403147106991202,-0.0017223329168214452,-0.001097151306831079,-0.010000000000000009,2023-07-26,0.003839648173207033,59347.0,Train
2023-07-26,59347,59199,59460,59097,9910,59120.0,59013.0,0.003839648173207033,59353.71428571428,58735.933333333334,0.005025500515987308,0.004070839541398239,0.004842451025211192,0.0016540363550439086,0.000374323925155684,0.040000000000000036,2023-07-27,-0.007902674103156038,58878.0,Train
2023-07-27,58878,59455,59538,58711,13670,59347.0,59120.0,-0.007902674103156038,59245.857142857145,58723.566666666666,0.004095986060960386,0.004322946026642323,-0.012660775074203934,-0.006261709058380749,-0.0008187923449278767,-0.020000000000000018,2023-07-28,0.006963551751078434,59288.0,Train
2023-07-28,59288,58989,59335,58910,10910,58878.0,59347.0,0.006963551751078434,59189.42857142857,58724.86666666667,0.0052485033681390425,0.0045166844615323115,-0.006618300018430667,0.0006582389576195169,0.0011362092391302703,0.1399999999999999,2023-07-31,0.005734718661449145,59628.0,Train
2023-07-31,59628,59064,59702,59064,4230,59288.0,58878.0,0.005734718661449145,59213.57142857143,58744.36666666667,0.005612331786443285,0.004582564972171114,0.0028422946904589352,0.009908033128398053,-0.0008974178455525283,-0.05999999999999983,2023-08-01,-0.009726973904876868,59048.0,Train
2023-08-01,59048,59528,59528,59029,780,59628.0,59288.0,-0.009726973904876868,59188.857142857145,58755.26666666667,0.006679547377655625,0.0048286361442863805,-0.0029212610391583516,0.005568706255002498,0.0003064828335654912,0.020000000000000018,2023-08-02,0.001168540848123456,59117.0,Train
2023-08-02,59117,59241,59399,59041,130,59048.0,59628.0,0.001168540848123456,59203.71428571428,58771.5,0.00654891823492721,0.004820237504803785,0.001762323555826617,0.008306327818522918,0.006362874827815501,0.07999999999999985,2023-08-03,-0.0006597087132297341,59078.0,Train
2023-08-03,59078,59099,59860,58950,160,59117.0,59048.0,-0.0006597087132297341,59197.71428571428,58802.63333333333,0.006518427639812997,0.004545590566989866,-0.0007104194857916468,0.016063566318106792,0.004663762146443817,0.040000000000000036,2023-08-04,0.0007786316395272941,59124.0,Train
2023-08-04,59124,59074,59249,59037,20,59078.0,59117.0,0.0007786316395272941,59165.857142857145,58833.833333333336,0.006310763667611449,0.0045456280951525286,-0.0037575614605624974,0.01608579088471851,0.002262295302148498,0.1100000000000001,2023-08-07,0.0013023476084161878,59201.0,Train
2023-08-07,59201,59325,59380,59135,8380,59124.0,59078.0,0.0013023476084161878,59212.0,58865.333333333336,0.005411056021015151,0.004546329201451169,0.0054859200380448225,0.016221505081021714,-0.00481840727057703,-0.16000000000000014,2023-08-08,-0.0034458877383828357,58997.0,Train
2023-08-08,58997,59161,59215,58950,9730,59201.0,59124.0,-0.0034458877383828357,59170.42857142857,58898.066666666666,0.0048325320483081635,0.0045234753160964215,-0.004908244501416803,0.016926656899077797,0.002187323789565765,0.010000000000000009,2023-08-09,-0.004712104005288431,58719.0,Train
2023-08-09,58719,59051,59097,58702,9960,58997.0,59201.0,-0.004712104005288431,59040.57142857143,58928.833333333336,0.004069703479924356,0.00455762148919357,-0.015244515999194963,0.015969963319260927,0.004701005786822199,-0.020000000000000018,2023-08-10,-0.0019414499565728605,58605.0,Train
2023-08-10,58605,58680,58879,58508,7820,58719.0,58997.0,-0.0019414499565728605,58977.28571428572,58963.066666666666,0.002376762864702349,0.0045099325023798065,-0.007502370952445436,0.017836673729549446,-0.0013766218352115889,0.0,2023-08-11,0.0004095213718966484,58629.0,Train
2023-08-11,58629,58582,58741,58487,6650,58605.0,58719.0,0.0004095213718966484,58907.57142857143,58983.36666666667,0.0022724938598465325,0.004307306677162358,-0.008254816719386993,0.010496380558428164,-0.002660785429709711,0.10000000000000009,2023-08-14,0.0005799177881253836,58663.0,Evaluation
2023-08-14,58663,58744,58744,58525,4960,58629.0,58605.0,0.0005799177881253836,58848.28571428572,59001.5,0.0023662740188540895,0.004300043267383958,-0.0070246115305189205,0.009360105989435485,0.003933429619975559,0.040000000000000036,2023-08-16,-0.004261629988237869,58413.0,Evaluation
2023-08-16,58413,58598,58619,58401,5670,58663.0,58629.0,-0.004261629988237869,58746.71428571428,59008.8,0.0024966391943541735,0.004375628763081343,-0.012025573371219789,0.003763274564388075,0.0011676278914822813,0.05999999999999983,2023-08-17,-0.0066081180559122155,58027.0,Evaluation
2023-08-17,58027,58385,58390,58007,8380,58413.0,58663.0,-0.0066081180559122155,58579.0,58999.433333333334,0.002681815815674787,0.004529310178134237,-0.019830746102261765,-0.004819235782396958,0.0011845670216208415,0.07000000000000006,2023-08-18,0.0012235683388768237,58098.0,Evaluation
2023-08-18,58098,58169,58265,58055,4990,58027.0,58413.0,0.0012235683388768237,58450.57142857143,58989.86666666667,0.0030636729848737398,0.00452825781462502,-0.015238062952353526,-0.004915646141988472,0.0014050090108355118,0.010000000000000009,2023-08-21,0.0011360115666632087,58164.0,Evaluation
2023-08-21,58164,58110,58320,57992,8850,58098.0,58027.0,0.0011360115666632087,58371.28571428572,58970.433333333334,0.0030577549545236166,0.004375000161300968,-0.009451795841209809,-0.009923911008221653,-0.0007641618861605748,-0.030000000000000027,2023-08-22,0.0009799876212090997,58221.0,Evaluation
2023-08-22,58221,58164,58328,58073,6850,58164.0,58098.0,0.0009799876212090997,58316.42857142857,58956.63333333333,0.0031614640690824612,0.004370716140152981,-0.006552341950345486,-0.007060629316960831,0.0002540850819672258,0.06000000000000005,2023-08-23,0.0035897700142559774,58430.0,Evaluation
2023-08-23,58430,58290,58456,58160,7780,58221.0,58164.0,0.0035897700142559774,58288.0,58946.4,0.0035866932832779954,0.004412277392657228,-0.0033942247010865234,-0.005226688458722761,-0.0008907321519441291,-0.010000000000000009,2023-08-24,0.0001026869758684601,58436.0,Evaluation
2023-08-24,58436,58448,58533,58261,7110,58430.0,58221.0,0.0001026869758684601,58255.57142857143,58923.833333333336,0.0035676721601706164,0.00423534283632897,-0.0038695600293200405,-0.011452641550927845,-0.0026978432209938674,-0.1499999999999999,2023-08-25,-0.0027893764118009923,58273.0,Evaluation
2023-08-25,58273,58383,58520,58171,9060,58436.0,58430.0,-0.0027893764118009923,58235.57142857143,58893.433333333334,0.003348967655565854,0.00424654135919574,-0.0023967267560303096,-0.01540930979133226,0.0017053970359250936,0.06999999999999984,2023-08-28,0.0038439757692241283,58497.0,Evaluation
2023-08-28,58497,58300,58600,58206,8810,58273.0,58436.0,0.0038439757692241283,58302.71428571428,58869.03333333333,0.002230838961102429,0.0043152430602270775,0.00809967773622633,-0.012358810717722712,0.002314626141718623,0.010000000000000009,2023-08-29,0.005914833239311523,58843.0,Evaluation
2023-08-29,58843,58620,58880,58430,11850,58497.0,58273.0,0.005914833239311523,58409.142857142855,58861.76666666667,0.0028683617245627018,0.004439251078035067,0.012823160866122674,-0.0036910990332029714,-0.0016446262955995827,-0.020000000000000018,2023-08-30,0.004656458712166245,59117.0,Evaluation
2023-08-30,59117,58832,59164,58830,5370,58843.0,58497.0,0.004656458712166245,58545.28571428572,58844.566666666666,0.0030313372943288753,0.0041414649697658675,0.016384705316003112,-0.00865292707058174,-0.00040393797972826384,-0.06999999999999984,2023-08-31,-6.766243212608103e-05,59113.0,Evaluation
2023-08-31,59113,59138,59379,59001,200,59117.0,58843.0,-6.766243212608103e-05,58672.71428571428,58825.566666666666,0.00313315600393784,0.00413631752184297,0.015320932309647706,-0.009550458254444338,-0.003934582166830625,0.030000000000000027,2023-09-01,-0.00011841726862116264,59106.0,Evaluation
2023-09-01,59106,59082,59507,59051,400,59113.0,59117.0,-0.00011841726862116264,58769.28571428572,58813.8,0.0031680967622870503,0.004084946153503503,0.011569399281191162,-0.005936864057585867,0.0036003562791699917,-0.010000000000000009,2023-09-04,0.004720332961120732,59385.0,Evaluation
2023-09-04,59385,59125,59540,59101,90,59106.0,59113.0,0.004720332961120732,58904.857142857145,58819.26666666667,0.0032715336057278794,0.004114572104102327,0.016239989047847292,0.0027692879215144295,0.004441671865252683,0.06999999999999984,2023-09-05,-0.001414498610760262,59301.0,Evaluation
2023-09-05,59301,59550,59550,59150,30,59385.0,59106.0,-0.001414498610760262,59051.71428571428,58828.86666666667,0.002938811354496761,0.00406862830423779,0.01764110308376088,0.004880280616135435,0.004441671865252683,0.06999999999999984,2023-09-06,-0.0032039931872986926,59111.0,Evaluation
2023-09-06,59111,59208,59310,59021,6940,59301.0,59385.0,-0.0032039931872986926,59139.42857142857,58828.566666666666,0.0035478443826942613,0.004101749885109604,0.010496264765714525,-0.0001522327469553053,0.005593785970403831,0.06000000000000005,2023-09-07,-0.0016071458780937409,59016.0,Evaluation
2023-09-07,59016,59124,59125,58981,4270,59111.0,59301.0,-0.0016071458780937409,59164.142857142855,58817.53333333333,0.0030977436995225953,0.004046244416915308,0.0029400268511123873,-0.005577367010969336,0.0035624143056545154,0.020000000000000018,2023-09-08,-0.0018808458723058585,58905.0,Evaluation
2023-09-08,58905,59117,59200,58872,5870,59016.0,59111.0,-0.0018808458723058585,59133.857142857145,58818.433333333334,0.0025450620898308293,0.0037911739839554663,-0.003586108902684515,0.0004585753592174502,0.0007032250705891752,-0.050000000000000044,2023-09-11,0.0006111535523301015,58941.0,Evaluation
2023-09-11,58941,58932,59120,58902,4160,58905.0,59016.0,0.0006111535523301015,59109.28571428572,58806.86666666667,0.002577465624191119,0.003560496140124311,-0.0029096814575474417,-0.005852786398596654,-4.345943676564712e-05,-0.020000000000000018,2023-09-12,-0.005072869479649134,58642.0,Evaluation
2023-09-12,58642,58999,58999,58576,8320,58941.0,58905.0,-0.005072869479649134,59043.0,58774.0,0.0031085233521651622,0.0034863975056823983,-0.007850302845734736,-0.016535855638290742,-0.004993132290534885,0.010000000000000009,2023-09-13,-0.0005456839807645997,58610.0,Evaluation
2023-09-13,58610,58576,58726,58527,5100,58642.0,58941.0,-0.0005456839807645997,58932.28571428572,58759.4,0.001835958266860224,0.0030255409283367852,-0.0130504336111813,-0.007417694079393078,-0.00038981824415307287,-0.010000000000000009,2023-09-14,-3.4123869646851546e-05,58608.0,Evaluation
2023-09-14,58608,58500,58635,58385,6590,58610.0,58642.0,-3.4123869646851546e-05,58833.28571428572,58742.433333333334,0.0019631874906737242,0.003014129207396406,-0.011686143572620988,-0.00861004448804914,-0.0019490268469379846,-0.030000000000000027,2023-09-15,0.006552006552006606,58992.0,Evaluation
2023-09-15,58992,58690,59111,58677,8140,58608.0,58610.0,0.006552006552006606,58816.28571428572,58739.566666666666,0.003533107437093645,0.003260620527301378,-0.0020131616788753304,-0.0014557026304208298,0.0015249279459155218,0.050000000000000044,2023-09-18,0.00372931922972608,59212.0,Evaluation
2023-09-18,59212,59079,59225,59056,5050,58992.0,58608.0,0.00372931922972608,58844.28571428572,58742.5,0.003767599673431272,0.00333003735552188,0.003321133251999564,0.001488397266761421,-0.0003340495465586901,0.030000000000000027,2023-09-19,0.0008950888333445484,59265.0,Evaluation
2023-09-19,59265,59250,59350,59231,2650,59212.0,58992.0,0.0008950888333445484,58895.71428571428,58744.63333333333,0.0036209470842322204,0.003325603950415186,0.006111535523300127,0.0010810628198847372,-4.290464442779918e-05,-0.020000000000000018,2023-09-20,0.001653589808487288,59363.0,Evaluation
2023-09-20,59363,59167,59388,59100,6430,59265.0,59212.0,0.001653589808487288,58956.0,58756.833333333336,0.0036296452750610923,0.0032710915843294232,0.007159702074956309,0.006203705273149396,-0.00024176154225707958,0.040000000000000036,2023-09-21,-0.008591210012971029,58853.0,Evaluation
2023-09-21,58853,59300,59300,58726,9320,59363.0,59265.0,-0.008591210012971029,58986.142857142855,58761.3,0.004700485479541443,0.003538186730742923,0.0035981037481669365,0.0022820552121118887,-0.0016481725257810886,0.0,2023-09-22,0.0007306339523898142,58896.0,Evaluation
2023-09-22,58896,58800,58948,58721,5380,58853.0,59363.0,0.0007306339523898142,59027.0,58771.0,0.004676829955536771,0.003519072942244997,0.004879713359494886,0.00496544663424614,0.004860918217531207,0.10999999999999988,2023-09-25,-0.0032090464547677167,58707.0,Evaluation
2023-09-25,58707,58860,58948,58674,6480,58896.0,58853.0,-0.0032090464547677167,59041.142857142855,58773.6,0.004908668239374078,0.003572232481682298,0.0016891891891892552,0.001330399631581658,-0.0001826366813434399,-0.040000000000000036,2023-09-26,-0.00390072734086222,58478.0,Evaluation
2023-09-26,58478,58656,58700,58454,9340,58707.0,58896.0,-0.00390072734086222,58967.71428571428,58767.433333333334,0.004213191167227123,0.00364231417941233,-0.00871304583672361,-0.00315360619129601,0.00480290560566643,0.11000000000000032,2023-09-27,-0.012295222134819928,57759.0,Evaluation
2023-09-27,57759,58466,58478,57662,13130,58478.0,58707.0,-0.012295222134819928,58760.142857142855,58745.63333333333,0.005280300262629752,0.004209997800435087,-0.02453894480848473,-0.011196137846027465,0.0029472387754749807,0.04999999999999982,2023-09-28,-0.010613064630620284,57146.0,Evaluation
2023-09-28,57146,57675,57788,56674,6960,57759.0,58478.0,-0.010613064630620284,58457.42857142857,58716.26666666667,0.005461005651166286,0.0044701955237381385,-0.035754661267189736,-0.01518258741620282,0.004207416745731107,0.040000000000000036,2023-09-29,-0.00148741819199949,57061.0,Evaluation
2023-09-29,57061,57445,57727,56802,340,57146.0,57759.0,-0.00148741819199949,58128.57142857143,58681.7,0.004907386547978116,0.004461541831482311,-0.03877836362717513,-0.017849151433784294,-0.003701942035702288,-0.06999999999999984,2023-10-03,-0.011846970785650446,56385.0,Evaluation
2023-10-03,56385,56323,56490,56251,80,57061.0,57146.0,-0.011846970785650446,57776.0,58622.4,0.005368165629748616,0.004896739282372114,-0.041934990569724606,-0.030585929440891224,0.006105911565666089,0.09999999999999964,2023-10-04,-0.002766693269486531,56229.0,Evaluation
2023-10-04,56229,56280,56367,56205,140,56385.0,57061.0,-0.002766693269486531,57395.0,58556.0,0.004755477252675653,0.004891661062781256,-0.04528321108394462,-0.03421445870046891,0.0059347687406798855,0.11000000000000032,2023-10-05,-0.0020807768233473967,56112.0,Evaluation
2023-10-05,56112,55913,56336,55913,320,56229.0,56385.0,-0.0020807768233473967,57024.28571428572,58478.73333333333,0.004905851509172729,0.004811164910889954,-0.044202565281823314,-0.03967140167722061,-0.0015365376039707668,-0.050000000000000266,2023-10-06,0.008376104932991124,56582.0,Evaluation
2023-10-06,56582,56486,56641,56160,11220,56112.0,56229.0,0.008376104932991124,56753.42857142857,58416.933333333334,0.0074791843467596235,0.005123526239278301,-0.03242244946817607,-0.031727017591895446,0.0024653180640576977,0.010000000000000231,2023-10-09,0.01212399703085798,57268.0,Evaluation
2023-10-09,57268,56720,57300,56720,9880,56582.0,56112.0,0.01212399703085798,56683.28571428572,58383.433333333334,0.008892935208116634,0.0056468499887467345,-0.008500839695978146,-0.017246409143170882,-0.004382591346359432,0.06000000000000005,2023-10-10,0.0016763288398407017,57364.0,Evaluation
2023-10-10,57364,57320,57450,57230,7420,57268.0,56582.0,0.0016763288398407017,56714.42857142857,58345.666666666664,0.007876424262530555,0.005602189985175623,0.0038147901865397404,-0.019368514624681588,-0.004382591346359432,0.06000000000000005,2023-10-11,0.0047416498152150766,57636.0,Evaluation
2023-10-11,57636,57387,57742,57340,8000,57364.0,57268.0,0.0047416498152150766,56796.57142857143,58305.433333333334,0.007956620617444274,0.005558807788214931,0.010076935209687887,-0.020512210458338287,-0.0034704348298384424,-0.13000000000000034,2023-10-12,-0.00039905614546464907,57613.0,Evaluation
2023-10-12,57613,57721,57900,57575,8260,57636.0,57364.0,-0.00039905614546464907,56972.0,58255.3,0.005590072690229371,0.005467468326569602,0.021778841890573775,-0.02544107447942212,-0.0012893705431300528,-0.08000000000000007,2023-10-13,0.023952927290715742,58993.0,Evaluation
2023-10-13,58993,57665,59019,57634,23770,57613.0,57636.0,0.023952927290715742,57366.857142857145,58251.3,0.009001351391654788,0.007100178222768272,0.04915612939942027,-0.002030010319219122,0.003587204334619898,0.10000000000000009,2023-10-16,0.0,58993.0,Evaluation
2023-10-16,58993,58880,58993,58600,7880,58993.0,57613.0,0.0,57778.42857142857,58247.53333333333,0.008683594549689264,0.007100168046521127,0.051343741089250106,-0.0019118194430345348,0.0031271786972009163,-0.06999999999999984,2023-10-17,-0.0012035326225144916,58922.0,Evaluation
2023-10-17,58922,58850,59100,58700,7160,58993.0,58993.0,-0.0012035326225144916,58112.71428571428,58232.1,0.009208257490868437,0.0070453896533778345,0.04135590823936952,-0.00779658162835728,-0.002240374641774623,0.040000000000000036,2023-10-18,0.01286446488578119,59680.0,Evaluation
2023-10-18,59680,59127,59846,59127,16040,58922.0,58993.0,0.01286446488578119,58457.28571428572,58244.73333333333,0.009296285921577628,0.007434666254583309,0.04211776210099871,0.006391123252559083,-0.0016080312361892446,0.08999999999999986,2023-10-19,0.00427278820375343,59935.0,Evaluation
2023-10-19,59935,59600,59978,59481,12200,59680.0,58922.0,0.00427278820375343,58824.57142857143,58272.2,0.009148078605168636,0.007440587666734182,0.04481905027543398,0.013939875826834314,0.005641641257892793,0.050000000000000266,2023-10-20,0.007841828647701776,60405.0,Evaluation
2023-10-20,60405,59978,60740,59935,17320,59935.0,59680.0,0.007841828647701776,59220.142857142855,58318.5,0.00913405112892033,0.007548047216449789,0.04804288986050387,0.023535990239935023,-0.00013568652535889125,0.020000000000000018,2023-10-23,-4.966476285073185e-05,60402.0,Evaluation
2023-10-23,60402,60100,60525,60100,10990,60405.0,59935.0,-4.966476285073185e-05,59618.57142857143,58368.4,0.009089246483838291,0.007532983002631369,0.048409213198410184,0.02541380188439013,-0.0015024475355014388,-0.03000000000000025,2023-10-24,-0.0008443429025528637,60351.0,Evaluation
2023-10-24,60351,60400,60401,59958,7290,60402.0,60405.0,-0.0008443429025528637,59812.57142857143,58415.4,0.0053636792933459175,0.0075393533243648956,0.023019680301052725,0.023922227312057842,-0.0026486101672976714,-0.009999999999999787,2023-10-25,0.0049874898510380294,60652.0,Evaluation
2023-10-25,60652,60282,60680,60180,14340,60351.0,60402.0,0.0049874898510380294,60049.57142857143,58482.4,0.005185390999112723,0.007491993304646234,0.02812198057396631,0.03427577504177903,0.002895738802737746,-0.020000000000000018,2023-10-26,0.0013684627052694687,60735.0,Evaluation
2023-10-26,60735,60673,60880,60410,10480,60652.0,60351.0,0.0013684627052694687,60308.57142857143,58553.23333333333,0.004836133716088812,0.007485192925739462,0.030769491870608512,0.03625661149974402,0.0011767883948443636,0.08999999999999986,2023-10-27,0.0035728986581049504,60952.0,Evaluation
2023-10-27,60952,60759,61056,60588,7890,60735.0,60652.0,0.0035728986581049504,60490.28571428572,58631.36666666667,0.003057225689695781,0.007493404485207413,0.021313672922252058,0.03999453999454006,0.0017715900929904382,-0.08000000000000007,2023-10-30,0.002050794067463002,61077.0,Evaluation
2023-10-30,61077,60952,61280,60952,4350,60952.0,60735.0,0.002050794067463002,60653.42857142857,58700.86666666667,0.0030207708394402234,0.007430140409578361,0.019053975139734725,0.035343775427176594,-0.0031159682080924567,-0.020000000000000018,2023-10-31,-0.0032418095191315555,60879.0,Evaluation
2023-10-31,60879,61021,61688,60800,360,61077.0,60952.0,-0.0032418095191315555,60721.142857142855,58756.433333333334,0.002773518817036078,0.007456786080204461,0.007847032530419629,0.028153077078970412,-0.001718168581135715,0.020000000000000018,2023-11-01,-0.0020039750981455384,60757.0,Evaluation
2023-11-01,60757,60729,61478,60621,200,60879.0,61077.0,-0.0020039750981455384,60771.857142857145,58806.166666666664,0.003000057322402512,0.007476317250631729,0.005877288831495742,0.025175061165949586,0.003474664445301645,0.020000000000000018,2023-11-02,0.0007900324242473555,60805.0,Evaluation
2023-11-02,60805,60828,60845,60666,190,60757.0,60879.0,0.0007900324242473555,60836.71428571428,58854.23333333333,0.00290922404848704,0.0074748028220529665,0.007522659110868135,0.024291225173929787,-0.0003569225203575721,-0.10000000000000009,2023-11-03,0.00039470438286315357,60829.0,Evaluation
2023-11-03,60829,60822,61590,60005,240,60805.0,60757.0,0.00039470438286315357,60862.0,58920.1,0.0023424309858123328,0.007261367203206296,0.0029182879377431803,0.03357517883540351,-0.007354259799890461,-0.08999999999999986,2023-11-06,-0.0001808347991911763,60818.0,Evaluation
2023-11-06,60818,60851,60980,60750,7710,60829.0,60805.0,-0.0001808347991911763,60873.857142857145,58984.166666666664,0.0023107170233667325,0.007264987723942834,0.0013665925742982754,0.032633795164357604,-0.009158394489664046,-0.08999999999999986,2023-11-07,-0.007448452760695834,60365.0,Evaluation
2023-11-07,60365,60746,60746,60200,11600,60818.0,60829.0,-0.007448452760695834,60790.0,59039.433333333334,0.0032080289952033233,0.007391746839058547,-0.00963052894080585,0.028241947297596548,-0.000887017027441761,0.06999999999999984,2023-11-08,-0.0053342168475110086,60043.0,Evaluation
2023-11-08,60043,60401,60460,59979,11790,60365.0,60818.0,-0.0053342168475110086,60642.28571428572,59091.6,0.0031055368036491246,0.007428759508519904,-0.016929449711020506,0.026762201169670652,0.003529022987560859,-0.06000000000000005,2023-11-09,0.0037972786169910844,60271.0,Evaluation
2023-11-09,60271,59959,60339,59801,11150,60043.0,60365.0,0.0037972786169910844,60555.42857142857,59175.333333333336,0.0038500430673976595,0.007011864986827259,-0.009987023439938292,0.04349105767066597,0.00012205341352289345,-0.040000000000000036,2023-11-10,-0.009523651507358455,59697.0,Evaluation
2023-11-10,59697,60231,60247,59672,11820,60271.0,60043.0,-0.009523651507358455,60404.0,59260.36666666667,0.00493439490736265,0.0069498175032145434,-0.01744654936879697,0.04464004479753614,0.00029076291273999466,0.14000000000000012,2023-11-12,0.0014741109268472385,59785.0,Evaluation
2023-11-12,59785,59600,59800,59600,1090,59697.0,60271.0,0.0014741109268472385,60258.28571428572,59351.166666666664,0.005016521299951613,0.0069272101548507395,-0.016774936271688135,0.04773838523685181,0.00029076291273999466,0.0,2023-11-13,0.000986869616124375,59844.0,Evaluation
2023-11-13,59844,59791,59915,59521,8340,59785.0,59697.0,0.000986869616124375,60117.57142857143,59466.46666666667,0.005076200977236217,0.006449302549851999,-0.016192934291209826,0.061346102686884896,0.00029076291273999466,0.0,2023-11-14,0.003993716997526819,60083.0,Evaluation
2023-11-14,60083,59853,60344,59757,7860,59844.0,59785.0,0.003993716997526819,60012.57142857143,59594.933333333334,0.005588546246578091,0.006394646173792083,-0.012085237922983327,0.0685411442494086,0.002442517324022786,0.029999999999999805,2023-11-15,0.0006158147895412025,60120.0,Evaluation
2023-11-15,60120,59814,60400,59500,9310,60083.0,59844.0,0.0006158147895412025,59977.57142857143,59728.53333333333,0.0050128944073321744,0.0063507366115346485,-0.004058643253540994,0.0714285714285714,-0.008792221285605084,-0.1599999999999997,2023-11-16,0.008882235528942184,60654.0,Evaluation
2023-11-16,60654,60099,60800,60093,13330,60120.0,60083.0,0.008882235528942184,60064.857142857145,59864.26666666667,0.005605792661485641,0.006368023620019958,0.010176040504305206,0.07196634972252669,-0.0022669962917181152,0.06000000000000005,2023-11-17,0.0003956870115737754,60678.0,Evaluation
2023-11-17,60678,60697,60957,60610,10030,60654.0,60120.0,0.0003956870115737754,60123.0,59977.933333333334,0.005516227268200456,0.006100979279133939,0.006752833037447559,0.05954459733184336,0.0008300646954901847,-0.040000000000000036,2023-11-20,-0.00034608919212897327,60657.0,Evaluation
2023-11-20,60657,60678,60745,60375,8930,60678.0,60654.0,-0.00034608919212897327,60260.142857142855,60087.7,0.0032162146344222016,0.006115237957393554,0.016081210111060784,0.0574053413290565,-0.0027043442810998908,-0.020000000000000018,2023-11-21,0.009149809585043744,61212.0,Evaluation
2023-11-21,61212,60738,61330,60738,14350,60657.0,60678.0,0.009149809585043744,60464.0,60206.9,0.004084514620188262,0.006238089055681097,0.023868863427281006,0.062044555486154396,-0.004918587610686864,-0.040000000000000036,2023-11-22,-0.0024014899039404014,61065.0,Evaluation
2023-11-22,61065,61058,61360,60977,8380,61212.0,60657.0,-0.0024014899039404014,60638.42857142857,60321.96666666667,0.004585764918160767,0.0062755460065586546,0.020403047924604012,0.05991703261416692,-0.00024282077913861944,0.040000000000000036,2023-11-23,0.00045852779824784307,61093.0,Evaluation
2023-11-23,61093,60950,61223,60950,5060,61065.0,61212.0,0.00045852779824784307,60782.71428571428,60391.96666666667,0.0046394005352664676,0.004706120593937858,0.01681007939017687,0.03559744376451435,0.003793748507994632,0.0,2023-11-24,0.0042394382335129155,61352.0,Evaluation
2023-11-24,61352,61128,61388,61101,6850,61093.0,61065.0,0.0042394382335129155,60958.71428571428,60470.6,0.0046100568517274225,0.004733122438369962,0.02049234863606131,0.03998779516213791,0.003793748507994632,0.0,2023-11-27,0.0033413743643238014,61557.0,Evaluation
2023-11-27,61557,61399,61685,61399,4380,61352.0,61093.0,0.0033413743643238014,61087.71428571428,60558.433333333334,0.003822329296505174,0.0047223337514764535,0.01488772381046588,0.0447201384881708,-0.0038921049186196877,0.04999999999999982,2023-11-28,0.01384083044982698,62409.0,Evaluation
2023-11-28,62409,61601,62512,61450,10550,61557.0,61352.0,0.01384083044982698,61335.0,60649.4,0.005719146174350001,0.004806189393375599,0.028527637694057084,0.045727211796246614,-0.0003119527828266966,-0.029999999999999805,2023-11-29,0.0009774231280745838,62470.0,Evaluation
2023-11-29,62470,62300,62676,62271,2620,62409.0,61557.0,0.0009774231280745838,61594.0,60733.9,0.005569892993077678,0.004778271945790732,0.02988937797780955,0.04229582047217817,-0.004848010784452406,-0.06000000000000005,2023-11-30,0.002705298543300705,62639.0,Evaluation
2023-11-30,62639,62609,62750,62365,360,62470.0,62409.0,0.002705298543300705,61797.857142857145,60808.36666666667,0.005136824708898651,0.004628912481857351,0.02331242240083653,0.036983693402864004,0.0018856028577545203,-0.06000000000000005,2023-12-01,0.0037835853062788694,62876.0,Evaluation
2023-12-01,62876,62634,62993,62409,210,62639.0,62470.0,0.0037835853062788694,62056.57142857143,60890.833333333336,0.004480981020949493,0.004645486812970777,0.029656922950954012,0.04095890864540919,0.0035679738665734817,0.08000000000000007,2023-12-04,-0.009129079457980804,62302.0,Evaluation
2023-12-04,62302,64342,64344,62254,180,62876.0,62639.0,-0.009129079457980804,62229.28571428572,60955.86666666667,0.006718910273101235,0.005012170525062739,0.019789501252189368,0.03232755049626346,-0.002503255895957568,-0.14000000000000012,2023-12-05,0.004783153028795173,62600.0,Evaluation
2023-12-05,62600,63303,63303,61941,80,62302.0,62876.0,0.004783153028795173,62407.57142857143,61020.8,0.0067411241980587355,0.005006803829855156,0.020341635154518256,0.03211765481764828,0.0044212888853316645,0.06999999999999984,2023-12-06,-0.0052875399361022035,62269.0,Evaluation
2023-12-06,62269,62169,62419,62055,10640,62600.0,62302.0,-0.0052875399361022035,62509.28571428572,61071.933333333334,0.007403456684492834,0.005138694375436576,0.01156651558717936,0.025257265168354248,0.0026445825485774677,-0.06000000000000005,2023-12-07,0.0003372464629269878,62290.0,Evaluation
2023-12-07,62290,62205,62578,62088,9880,62269.0,62600.0,0.0003372464629269878,62492.28571428572,61116.53333333333,0.005105578706838518,0.005113348634999865,-0.0019067762662436927,0.02195169969812305,-0.002135087543556624,-0.029999999999999805,2023-12-08,-0.011125381281104518,61597.0,Evaluation
2023-12-08,61597,62385,62386,61525,15530,62290.0,62269.0,-0.011125381281104518,62367.57142857143,61133.86666666667,0.006480319037724175,0.005544299921616291,-0.013974707859772728,0.008513843181557679,0.0005633293344415868,-0.010000000000000009,2023-12-11,-0.009919314252317513,60986.0,Evaluation
2023-12-11,60986,61595,61636,60957,13740,61597.0,62290.0,-0.009919314252317513,62131.42857142857,61137.433333333334,0.006708414007410335,0.005818545545645507,-0.026389310174172675,0.0017575847172259795,0.001321710462490966,0.050000000000000044,2023-12-12,-3.2794411832237635e-05,60984.0,Evaluation
2023-12-12,60984,60711,61400,60711,11020,60986.0,61597.0,-3.2794411832237635e-05,61861.142857142855,61145.0,0.006119147961245176,0.0058053751518748874,-0.030090972708187502,0.0037361950063368177,0.0013845563995571464,0.020000000000000018,2023-12-13,0.000131181949363679,60992.0,Evaluation
2023-12-13,60992,60946,61125,60758,9060,60984.0,60986.0,0.000131181949363679,61674.0,61151.23333333333,0.0059083701280689,0.005804079744069407,-0.021026612307791126,0.0030754049831427377,-0.0020359238852241113,0.0,2023-12-14,0.020281348373557107,62229.0,Evaluation
2023-12-14,62229,61350,62625,61350,18880,60992.0,60984.0,0.020281348373557107,61621.0,61197.9,0.010464906875490766,0.006873759610657809,-0.005926517571885004,0.0230153380788769,0.003939288226798121,-0.16000000000000014,2023-12-15,-0.003824583393594594,61991.0,Evaluation
2023-12-15,61991,62232,62365,61880,8440,62229.0,60992.0,-0.003824583393594594,61581.28571428572,61237.0,0.010374619449023622,0.006923364193117198,-0.004464500794938098,0.019287053175046864,-0.013113552569350095,-0.17999999999999994,2023-12-18,0.0010646706780017556,62057.0,Evaluation
2023-12-18,62057,62587,62587,61714,6480,61991.0,62229.0,0.0010646706780017556,61548.0,61293.4,0.010389125428807001,0.006751898406047112,-0.003740568309519965,0.028029487285678778,0.0014209451836315612,-0.010000000000000009,2023-12-19,0.002481589506421411,62211.0,Evaluation
2023-12-19,62211,61960,62377,61850,7840,62057.0,61991.0,0.002481589506421411,61635.71428571428,61365.666666666664,0.009281277631497243,0.006651341950448022,0.009968017922950878,0.036107456322968634,0.001436467225998106,0.050000000000000044,2023-12-20,-0.0009644596614746259,62151.0,Evaluation
2023-12-20,62151,62238,62332,62053,7000,62211.0,62057.0,-0.0009644596614746259,61802.142857142855,61428.333333333336,0.007977919939320947,0.006644144525146529,0.019102744892270263,0.031192447445703486,-0.003727789629239253,0.0,2023-12-21,0.0017055236440282062,62257.0,Evaluation
2023-12-21,62257,62197,62417,62111,7000,62151.0,62211.0,0.0017055236440282062,61984.0,61513.666666666664,0.007904162332897207,0.006337401754101132,0.02087432769250941,0.04288322696282898,0.0006721735228922832,-0.07000000000000006,2023-12-22,0.006424980323497698,62657.0,Evaluation
2023-12-22,62657,62355,62948,62355,12200,62257.0,62151.0,0.006424980323497698,62221.857142857145,61609.4,0.007883743979122016,0.0064029827627074855,0.027298662119622286,0.048038805720498345,-0.0018963808153517059,0.030000000000000027,2023-12-26,0.0010373940661059233,62722.0,Evaluation
2023-12-26,62722,63127,63250,62616,5660,62657.0,62257.0,0.0010373940661059233,62292.28571428572,61705.333333333336,0.0031395941166428814,0.006402826660731561,0.007922351315303056,0.04809170509992655,-0.0021313008729700877,0.010000000000000009,2023-12-27,0.009087720417078504,63292.0,Evaluation
2023-12-27,63292,62835,63317,62828,8280,62722.0,62657.0,0.009087720417078504,62478.142857142855,61812.3,0.0035129696489906307,0.006535041905541952,0.020986917455759757,0.053409450260472946,-0.0014698162729658293,0.0,2023-12-28,-0.002733362826265573,63119.0,Evaluation
2023-12-28,63119,63119,63471,62969,7810,63292.0,62722.0,-0.002733362826265573,62629.857142857145,61912.26666666667,0.004101514687747095,0.006583626538870301,0.01711329906376391,0.04988356620093137,-0.00348733045946803,-0.07000000000000006,2023-12-29,-0.002614109855986313,62954.0,Evaluation
2023-12-29,62954,62993,63107,62783,6770,63119.0,63292.0,-0.002614109855986313,62736.0,61988.933333333334,0.00452231967762241,0.006481626632132968,0.011943225474594588,0.03792000527582684,-0.0005275468060628175,0.040000000000000036,2024-01-01,0.00074657686564783,63001.0,Evaluation
2024-01-01,63001,63035,63188,62893,2410,62954.0,63119.0,0.00074657686564783,62857.42857142857,62066.36666666667,0.004398452950021995,0.006480326609526615,0.013676368843622777,0.03828405682454927,8.783012302981952e-05,0.040000000000000036,2024-01-02,0.0006031650291264956,63039.0,Evaluation
2024-01-02,63039,63072,63338,62894,680,63001.0,62954.0,0.0006031650291264956,62969.142857142855,62145.76666666667,0.004428325757625583,0.006474461633245806,0.012560836532438113,0.03926999357040417,8.783012302981952e-05,0.040000000000000036,2024-01-03,-0.011818080870572234,62294.0,Evaluation
2024-01-03,62294,63057,63122,62223,1250,63039.0,63001.0,-0.011818080870572234,62917.28571428572,62181.833333333336,0.006244058795089167,0.006725295269741839,-0.005793446861483975,0.017676272626282463,0.007159215272992681,0.020000000000000018,2024-01-04,0.0024079365588980384,62444.0,Evaluation
2024-01-04,62444,62518,62555,62218,60,62294.0,63039.0,0.0024079365588980384,62877.57142857143,62227.8,0.0063326092041347285,0.00670843265274646,-0.004432256624469888,0.02258249406370272,0.0035818312615389925,-0.030000000000000027,2024-01-05,0.0029306258407533203,62627.0,Evaluation
2024-01-05,62627,62465,62763,62250,80,62444.0,62294.0,0.0029306258407533203,62782.57142857143,62278.933333333334,0.005059610785160743,0.006719694823839515,-0.010506857106743372,0.02510925965331534,-0.0006265884015981271,0.06000000000000005,2024-01-08,-0.007776198764111286,62140.0,Evaluation
2024-01-08,62140,62530,62536,61977,14950,62627.0,62444.0,-0.007776198764111286,62642.71428571428,62305.2,0.005595643386480505,0.0068671004755235686,-0.015510385145518835,0.012843917068718236,-0.0019461498334737426,0.06000000000000005,2024-01-09,0.0011425812681042924,62211.0,Evaluation
2024-01-09,62211,62211,62489,62152,9520,62140.0,62627.0,0.0011425812681042924,62536.57142857143,62327.0,0.005729768760129092,0.006846860986983675,-0.011802268322902432,0.010624299429796702,-0.0011508694341140213,-0.040000000000000036,2024-01-10,-0.0026361897413640367,62047.0,Evaluation
2024-01-10,62047,62240,62390,62010,8400,62211.0,62140.0,-0.0026361897413640367,62400.28571428572,62314.933333333334,0.005632783702410425,0.00637395647334045,-0.01514261678386053,-0.005800445448573166,0.00348845204971715,0.010000000000000009,2024-01-11,-0.0034973487839863315,61830.0,Evaluation
2024-01-11,61830,62102,62462,61775,13130,62047.0,62211.0,-0.0034973487839863315,62227.57142857143,62293.6,0.005508935990864793,0.00639838616232214,-0.019178603721505705,-0.010244917560429001,0.0007922009984406841,0.020000000000000018,2024-01-12,0.008765971211386114,62372.0,Evaluation
2024-01-12,62372,62098,62669,62098,15330,61830.0,62047.0,0.008765971211386114,62238.71428571428,62284.7,0.0053530236058994445,0.006590120701782837,0.0012521270106269355,-0.00426252015517492,0.0010871616397269968,-0.06000000000000005,2024-01-15,0.0031264028730839666,62567.0,Evaluation
2024-01-15,62567,62521,62644,62448,4990,62372.0,61830.0,0.0031264028730839666,62256.28571428572,62274.4,0.005409207169032803,0.006577773178828493,0.001969764909358851,-0.0049144347604809235,-0.0029826943672449646,-0.07000000000000006,2024-01-16,-0.008023398916361613,62065.0,Evaluation
2024-01-16,62065,62500,62530,62013,11280,62567.0,62372.0,-0.008023398916361613,62176.0,62266.5,0.006064049684947843,0.006528602788203146,-0.008973765308892379,-0.0038040512343102684,-0.0029826943672449646,-0.07000000000000006,2024-01-17,-0.008120518810924016,61561.0,Evaluation
2024-01-17,61561,62091,62115,61515,13550,62065.0,62567.0,-0.008120518810924016,62093.28571428572,62231.86666666667,0.006126682567360565,0.006619779327154324,-0.009317669777920812,-0.016597444089456848,0.00871634848662306,0.08000000000000007,2024-01-18,0.0037361316417861,61791.0,Evaluation
2024-01-18,61791,61600,61830,61512,8140,61561.0,62065.0,0.0037361316417861,62033.28571428572,62215.933333333334,0.006373885791387786,0.006601446226314865,-0.0067512176303226035,-0.00767637187043313,0.003850686579988105,0.030000000000000027,2024-01-19,0.003722224919486594,62021.0,Evaluation
2024-01-19,62021,61874,62246,61850,10620,61791.0,61561.0,0.003722224919486594,62029.57142857143,62206.96666666667,0.006544303246834174,0.006640392271175516,-0.0004190371814914995,-0.004318510194252667,-0.0012450409037658705,0.0,2024-01-22,-0.0021444349494526005,61888.0,Evaluation
2024-01-22,61888,62021,62030,61755,3840,62021.0,61791.0,-0.0021444349494526005,62037.857142857145,62216.666666666664,0.006444447301143822,0.00632208643986217,0.0009380559598899385,0.004724256051431119,-0.002029125771882634,0.010000000000000009,2024-01-23,0.0018581954498448905,62003.0,Evaluation
2024-01-23,62003,61917,62239,61873,8770,61888.0,62021.0,0.0018581954498448905,61985.142857142855,62250.566666666666,0.00533972597762257,0.006032602423839759,-0.005916116205989863,0.016675958416685788,-0.0002188252729927731,-0.010000000000000009,2024-01-24,0.0011128493782559534,62072.0,Evaluation
2024-01-24,62072,62124,62294,61950,11110,62003.0,61888.0,0.0011128493782559534,61914.42857142857,62286.833333333336,0.005141303613150368,0.006032287923088227,-0.007911518851790866,0.017840745113472334,0.003998580640668159,0.050000000000000044,2024-01-25,-0.0005799716458306792,62036.0,Evaluation
2024-01-25,62036,62047,62195,61933,8610,62072.0,62003.0,-0.0005799716458306792,61910.28571428572,62321.63333333333,0.004150463637583091,0.006035619211534115,-0.0004672520744380959,0.017116998950682083,-0.005024768765673926,0.029999999999999805,2024-01-29,0.0031916951447545916,62234.0,Evaluation
2024-01-29,62234,62196,62370,62125,10910,62036.0,62072.0,0.0031916951447545916,62006.42857142857,62321.8,0.0022606893525373276,0.0047904088986452514,0.010932246064878637,8.034839062176502e-05,-0.001769412013960081,0.0,2024-01-30,0.0022013690265771935,62371.0,Evaluation
2024-01-30,62371,62280,62730,62254,3060,62234.0,62036.0,0.0022013690265771935,62089.28571428572,62334.46666666667,0.002081401065900797,0.004750080009907643,0.009386480231748928,0.006129922085464035,0.0019607469243632103,-0.07000000000000006,2024-01-31,0.007920347597441202,62865.0,Evaluation
2024-01-31,62865,62580,62982,62063,340,62371.0,62234.0,0.007920347597441202,62209.857142857145,62361.4,0.0031917417167788556,0.004952961820609583,0.013608293964947338,0.013020287799925923,-0.0020793719353466855,0.020000000000000018,2024-02-01,0.0034041199395529187,63079.0,Evaluation
2024-02-01,63079,62900,63400,62430,160,62865.0,62371.0,0.0034041199395529187,62380.0,62390.333333333336,0.0026526053329116285,0.004968892155353609,0.019244441571871773,0.01395251643600015,-0.001404614332207177,-0.07000000000000006,2024-02-02,-0.006975380078948601,62639.0,Evaluation
2024-02-02,62639,63360,63640,62453,230,63079.0,62865.0,-0.006975380078948601,62470.857142857145,62406.6,0.00455524042301783,0.005146895972548769,0.010257568182184817,0.007851844700809352,-0.0008270151644356183,-0.050000000000000044,2024-02-05,-0.0015485560114305574,62542.0,Evaluation
2024-02-05,62542,63441,63441,62400,80,62639.0,63079.0,-0.0015485560114305574,62538.0,62416.1,0.00469861971969508,0.0051499656140240315,0.007571852042788985,0.004577798480492223,0.004724370187852989,0.14000000000000012,2024-02-06,-0.0035176361485081964,62322.0,Evaluation
2024-02-06,62322,62081,62367,62015,7330,62542.0,62639.0,-0.0035176361485081964,62578.857142857145,62404.933333333334,0.004994281484918359,0.005052221466376735,0.0046102263202012495,-0.005346569417622904,0.0036972093100196,0.07999999999999985,2024-02-07,-0.0002727768685215626,62305.0,Evaluation
2024-02-07,62305,62243,62462,62191,5660,62322.0,62542.0,-0.0002727768685215626,62589.0,62391.03333333333,0.004872686062535527,0.005047117557001704,0.0011408554809269056,-0.006648384936704832,-0.0032155188753101305,-0.04999999999999982,2024-02-08,-0.0013803065564561567,62219.0,Evaluation
2024-02-08,62219,62255,62329,62005,7530,62305.0,62322.0,-0.0013803065564561567,62567.28571428572,62355.26666666667,0.004811873637109044,0.004734312742783162,-0.002437030029981857,-0.01695316943689562,-0.00044560627254897067,0.010000000000000009,2024-02-09,-0.001832237740883036,62105.0,Evaluation
2024-02-09,62105,62249,62300,61966,6310,62219.0,62305.0,-0.001832237740883036,62458.71428571428,62321.46666666667,0.0031453134092127694,0.00472288593423491,-0.012089397916169586,-0.016064893296788618,0.0014465914946375502,0.04999999999999982,2024-02-12,-0.004009339022623015,61856.0,Evaluation
2024-02-12,61856,62079,62079,61735,9080,62105.0,62219.0,-0.004009339022623015,62284.0,62284.86666666667,0.002247805689003682,0.004750914126523139,-0.019388385992168522,-0.01744130635066876,-0.0003369678509544949,0.010000000000000009,2024-02-13,-0.009522115882048654,61267.0,Evaluation
2024-02-13,61267,61965,62150,61153,14350,61856.0,62105.0,-0.009522115882048654,62088.0,62227.066666666666,0.003087303934077612,0.005014962011291724,-0.021903287089512946,-0.027523372644878696,-0.0008360941514719,0.010000000000000009,2024-02-14,-0.0015832340411641166,61170.0,Evaluation
2024-02-14,61170,61115,61211,60922,8990,61267.0,61856.0,-0.0015832340411641166,61892.0,62164.76666666667,0.0030843234743039446,0.005007980024767352,-0.021937258162514794,-0.02964831294912673,0.0048156986483962605,0.09000000000000008,2024-02-15,0.0022233120810855045,61306.0,Evaluation
2024-02-15,61306,61163,61420,61042,7050,61170.0,61267.0,0.0022233120810855045,61746.857142857145,62131.833333333336,0.0036791810029898325,0.004600742965867572,-0.01630242931869963,-0.01586027546794233,-0.0009874901456713436,-0.050000000000000044,2024-02-16,0.003131830489674803,61498.0,Evaluation
2024-02-16,61498,61331,61525,61135,7190,61306.0,61170.0,0.003131830489674803,61631.57142857143,62100.3,0.004187812381414042,0.004618506577954226,-0.012952411523954765,-0.0151495740183204,-0.0015494208411517274,-0.030000000000000027,2024-02-19,0.00232527887085765,61641.0,Evaluation
2024-02-19,61641,61588,61770,61512,5100,61498.0,61306.0,0.00232527887085765,61549.0,62067.433333333334,0.0044814570153523525,0.004604309140380411,-0.009289766791494514,-0.01574400817538757,-0.0005082000889351512,0.030000000000000027,2024-02-20,0.002741681672912444,61810.0,Evaluation
2024-02-20,61810,61623,61870,61554,6250,61641.0,61498.0,0.002741681672912444,61506.857142857145,62056.433333333334,0.00472196239887291,0.004429754099208604,-0.0047500201272039355,-0.005310588992597398,-0.0005082000889351512,0.030000000000000027,2024-02-21,-0.0010677883837566515,61744.0,Evaluation
2024-02-21,61744,61850,61899,61690,4510,61810.0,61641.0,-0.0010677883837566515,61490.857142857145,62040.86666666667,0.004501012742191731,0.004425584467891954,-0.0018106570098292973,-0.0075067110318111085,-0.0010779980272469514,-0.020000000000000018,2024-02-22,-0.0013442601710287327,61661.0,Evaluation
2024-02-22,61661,61800,61943,61622,6620,61744.0,61810.0,-0.0013442601710287327,61547.142857142855,62028.0,0.0021302770535582324,0.004407730117935915,0.006430868167202508,-0.006221090463680801,0.00014873586905950198,0.030000000000000027,2024-02-23,0.004038208916494979,61910.0,Evaluation
2024-02-23,61910,61657,61936,61493,8910,61661.0,61744.0,0.004038208916494979,61652.857142857145,62030.666666666664,0.0020893508413173554,0.004427930126110071,0.012097433382376899,0.0012938702895035625,0.0005295861874670127,0.040000000000000036,2024-02-26,-0.0023259570344047464,61766.0,Evaluation
2024-02-26,61766,61948,61948,61666,6150,61910.0,61661.0,-0.0023259570344047464,61718.57142857143,62010.46666666667,0.002561345927730572,0.004128219992987007,0.007503343881512414,-0.009715898159430525,-0.0005375633763273768,-0.06000000000000005,2024-02-27,0.0011818799987048934,61839.0,Evaluation
2024-02-27,61839,61888,61963,61744,11120,61766.0,61910.0,0.0011818799987048934,61767.28571428572,61986.2,0.00240090796190124,0.0040873515374837115,0.0055448957689681055,-0.011635526715361166,0.0001842413346673233,0.010000000000000009,2024-02-28,-0.0007600381636184705,61792.0,Evaluation
2024-02-28,61792,61726,61948,61516,6650,61839.0,61766.0,-0.0007600381636184705,61788.857142857145,61977.1,0.0023554403641151073,0.003825863149458099,0.002449668240294578,-0.004398614355917152,-0.0007806098173456233,0.020000000000000018,2024-02-29,0.008107845675815684,62293.0,Evaluation
2024-02-29,62293,61835,62335,61810,640,61792.0,61839.0,0.008107845675815684,61857.857142857145,62001.5,0.0037331377460633596,0.0038057773934845975,0.007814269535673768,0.011890645051249926,0.0013499806141792359,-0.050000000000000044,2024-03-01,0.013516767534072827,63135.0,Evaluation
2024-03-01,63135,62314,63190,62200,150,62293.0,61792.0,0.013516767534072827,62056.57142857143,62046.3,0.0058046880212878895,0.004463429754586853,0.022528504793988047,0.02175074039908731,0.00044911168350836306,-0.020000000000000018,2024-03-04,0.00744436524906944,63605.0,Evaluation
2024-03-04,63605,63153,64135,62620,90,63135.0,62293.0,0.00744436524906944,62334.28571428572,62099.1,0.005604465496491739,0.004599223606913313,0.03152722142034681,0.025539736540848956,-0.001413571607758235,-0.04999999999999982,2024-03-05,0.009244556245578073,64193.0,Evaluation
2024-03-05,64193,64059,64541,64050,10,63605.0,63135.0,0.009244556245578073,62660.42857142857,62175.933333333334,0.005878309835744226,0.004808699213581581,0.036876110482959135,0.03724470010341263,-0.0011494813285722882,0.009999999999999787,2024-03-06,0.013225741124421653,65042.0,Evaluation
2024-03-06,65042,64659,65127,64559,13400,64193.0,63605.0,0.013225741124421653,63128.42857142857,62277.23333333333,0.005484934472436748,0.0052842026727368,0.05303888870899853,0.04901375739883562,0.00010424250446749994,-0.06999999999999984,2024-03-07,0.003136434918975528,65246.0,Evaluation
2024-03-07,65246,65150,65419,65055,13400,65042.0,64193.0,0.003136434918975528,63615.142857142855,62383.03333333333,0.005154032040146244,0.005290552843397065,0.0550946813499571,0.05113416677406879,-0.0034719062643215892,0.0,2024-03-08,0.00921129264629239,65847.0,Evaluation
2024-03-08,65847,65375,66120,65315,16030,65246.0,65042.0,0.00921129264629239,64194.42857142857,62510.066666666666,0.003555452788590039,0.005446228490847312,0.06562338166752979,0.06143207170030296,-0.0022745214581176842,0.0,2024-03-11,0.0003796680182848178,65872.0,Evaluation
2024-03-11,65872,66000,66026,65750,8450,65847.0,65246.0,0.0003796680182848178,64705.71428571428,62631.333333333336,0.004878321015369194,0.005449272560506018,0.05745428860385604,0.05845679210720833,-0.0017963090383714686,0.0,2024-03-12,-0.008167354870051047,65334.0,Evaluation
2024-03-12,65334,65852,65867,65260,15980,65872.0,65847.0,-0.008167354870051047,65019.857142857145,62730.1,0.007159482513714365,0.005750633160515897,0.03483012592064627,0.0475060524923443,0.0005367784955199184,0.020000000000000018,2024-03-13,0.005862185079744009,65717.0,Evaluation
2024-03-13,65717,65490,65842,65300,8630,65334.0,65872.0,0.005862185079744009,65321.57142857143,62825.166666666664,0.007091338687093864,0.005684081162059315,0.03320493671881142,0.045367056390678506,0.0010613182005241306,0.030000000000000027,2024-03-14,-0.004291127105619519,65435.0,Evaluation
2024-03-14,65435,65620,65675,65280,8360,65717.0,65334.0,-0.004291127105619519,65499.0,62903.7,0.007480056082519815,0.005767998951506919,0.019347903977069203,0.037349989695461216,-0.0016859898075007873,0.029999999999999805,2024-03-15,-0.001039199205318253,65367.0,Evaluation
2024-03-15,65367,65484,65695,65349,7770,65435.0,65717.0,-0.001039199205318253,65545.42857142857,62994.63333333333,0.0059398368423141225,0.005575076696524432,0.004996771316995163,0.04355114225961465,0.002307355027583169,0.10000000000000009,2024-03-18,0.0009484908287056282,65429.0,Evaluation
2024-03-18,65429,65252,65548,65041,8910,65367.0,65435.0,0.0009484908287056282,65571.57142857143,63090.86666666667,0.0058488117461019395,0.0055475385232717335,0.0028047696410506973,0.04616097982155987,0.0013248392811104903,0.0,2024-03-19,3.0567485365784464e-05,65431.0,Evaluation
2024-03-19,65431,65452,65541,65222,8440,65429.0,65367.0,3.0567485365784464e-05,65512.142857142855,63194.5,0.004396609691169089,0.00547376136276955,-0.006317675824259239,0.049886075543146946,0.0014526541877386556,0.039999999999999813,2024-03-20,0.001910409438951044,65556.0,Evaluation
2024-03-20,65556,65455,65670,65400,7390,65431.0,65429.0,0.001910409438951044,65467.0,63302.86666666667,0.004507346102287909,0.005461975171345787,-0.004797182414379431,0.052178797849289804,0.002969101440428945,-0.029999999999999805,2024-03-21,0.005842333272316758,65939.0,Evaluation
2024-03-21,65939,65456,66785,65390,19090,65556.0,65431.0,0.005842333272316758,65553.42857142857,63426.86666666667,0.003657929068491375,0.005480156130681184,0.009260109590718546,0.05978881049197193,-3.555681979805492e-05,-0.040000000000000036,2024-03-22,-0.003836879540181082,65686.0,Evaluation
2024-03-22,65686,65733,66061,65600,11510,65939.0,65556.0,-0.003836879540181082,65549.0,63546.23333333333,0.003485000250191141,0.005539787030100468,-0.0004717196463623896,0.05766041381531273,-0.000994799423462922,-0.030000000000000027,2024-03-25,0.002679414182626516,65862.0,Evaluation
2024-03-25,65862,66250,66350,65800,4180,65686.0,65939.0,0.002679414182626516,65610.0,63679.76666666667,0.003043101142625944,0.005427840237448705,0.00652555971574853,0.06476332126228668,0.0031090501835133733,-0.05999999999999983,2024-03-26,0.0025052382253802907,66027.0,Evaluation
2024-03-26,66027,65800,66280,65711,13050,65862.0,65686.0,0.0025052382253802907,65704.28571428571,63838.433333333334,0.0029537050802938255,0.0049635043199139145,0.010096837853962981,0.07769272202001076,-0.001276569057682475,0.04999999999999982,2024-03-27,0.004058945582867679,66295.0,Evaluation
2024-03-27,66295,66028,66380,65960,8910,66027.0,65862.0,0.004058945582867679,65828.0,64009.26666666667,0.0030978966764530495,0.004909698583873837,0.01323572116339844,0.08378290011443523,0.00036933144398676454,0.0,2024-03-28,0.01956406968851354,67592.0,Evaluation
2024-03-28,67592,66370,67870,66370,14140,66295.0,66027.0,0.01956406968851354,66136.71428571429,64218.8,0.007213550548383326,0.00579326269335777,0.03302715838058412,0.1025348253025804,-0.0005393386865245597,-0.040000000000000036,2024-04-01,0.009927210320747948,68263.0,Evaluation
2024-04-01,68263,68211,69387,68000,3020,67592.0,66295.0,0.009927210320747948,66523.42857142857,64444.3,0.007336855445776692,0.005918949601730708,0.041292940386844945,0.11000357735210908,-0.00036674968095262717,0.0,2024-04-02,0.007895931910405274,68802.0,Evaluation
2024-04-02,68802,68550,69014,68500,610,68263.0,67592.0,0.007895931910405274,66932.42857142857,64683.0,0.0073788325646957946,0.005967949591376606,0.04341891748434157,0.11617267727648795,0.004098526596215013,0.10000000000000009,2024-04-03,0.013415307694543799,69725.0,Evaluation
2024-04-03,69725,70379,70379,69000,420,68802.0,68263.0,0.013415307694543799,67509.42857142857,64946.833333333336,0.00630439610298837,0.0062223664465132595,0.06148951070243269,0.12805371299142543,-0.0017413473716435535,0.020000000000000018,2024-04-04,-0.0016206525636428548,69612.0,Evaluation
2024-04-04,69612,69850,70200,69400,270,69725.0,68802.0,-0.0016206525636428548,68045.14285714286,65209.1,0.007130337704988623,0.006238822425566752,0.0569372323950077,0.12742938585125674,-0.00233876186589832,0.0,2024-04-05,0.015643854507843447,70701.0,Evaluation
2024-04-05,70701,69560,71499,69455,120,69612.0,69725.0,0.015643854507843447,68712.85714285714,65510.433333333334,0.007183073091066276,0.0065001935112678055,0.07078922259075826,0.14660806668720916,-0.0021360141067825467,-0.030000000000000027,2024-04-08,-0.001329542722168009,70607.0,Evaluation
2024-04-08,70607,70595,70776,70189,15270,70701.0,69612.0,-0.001329542722168009,69328.85714285714,65800.33333333333,0.008131999976467961,0.0065892012032167865,0.06504261256505006,0.1404781133904054,0.0016834863486894225,0.050000000000000044,2024-04-09,0.007407197586641656,71130.0,Evaluation
2024-04-09,71130,70700,71448,70673,21010,70607.0,70701.0,0.007407197586641656,69834.28571428571,66112.46666666666,0.006687359034451294,0.006484788022004636,0.052343472600307805,0.15160444257358408,-0.001890635772779814,0.020000000000000018,2024-04-10,-4.2176296921159206e-05,71127.0,Evaluation
2024-04-10,71127,71181,71479,70702,23200,71130.0,70607.0,-4.2176296921159206e-05,70243.42857142857,66422.06666666667,0.007092404421456382,0.00651171958836447,0.04195537846271047,0.15019647795080782,-0.0002575870143014525,-0.040000000000000036,2024-04-11,0.005440971782867177,71514.0,Evaluation
2024-04-11,71514,71209,71549,70983,8890,71127.0,71130.0,0.005440971782867177,70630.85714285714,66746.13333333333,0.0070383264244797085,0.006430479489430177,0.03941745879480241,0.15733428275504924,0.007190269152510753,0.1499999999999999,2024-04-12,0.0047962636686522675,71857.0,Evaluation
2024-04-12,71857,71774,73931,71721,41610,71514.0,71127.0,0.0047962636686522675,70935.42857142857,67064.93333333333,0.0061302623096996895,0.006401917084783719,0.030577267837934796,0.15353249963880367,0.0002911837937300543,0.010000000000000231,2024-04-15,0.006568601528034845,72329.0,Evaluation
2024-04-15,72329,71963,72410,71303,24040,71857.0,71514.0,0.006568601528034845,71323.57142857143,67371.4,0.005560787800495973,0.0061978232304879125,0.03903062690340753,0.14562445553179693,0.005595022042117259,-0.050000000000000266,2024-04-16,0.010784056187697955,73109.0,Evaluation
2024-04-16,73109,72500,73335,72427,24810,72329.0,71857.0,0.010784056187697955,71667.57142857143,67688.2,0.004226170275350296,0.006280847189002962,0.03405892420192069,0.14942221523465138,0.001116212890010182,0.0900000000000003,2024-04-17,-0.0056627774966145905,72695.0,Evaluation
2024-04-17,72695,73197,73379,72550,15890,73109.0,72329.0,-0.0056627774966145905,71965.85714285714,67971.6,0.005422338124051486,0.006492716865219083,0.029572138739784926,0.1324443475145265,0.00570471717377985,0.040000000000000036,2024-04-18,0.004415709471077722,73016.0,Evaluation
2024-04-18,73016,72666,73130,72639,13830,72695.0,73109.0,0.004415709471077722,72235.28571428571,68237.4,0.005240869809419326,0.006264451860262943,0.02651483199775062,0.12259770609759846,-0.0008341225144854469,-0.040000000000000036,2024-04-19,0.003149994521748578,73246.0,Evaluation
2024-04-19,73246,73171,73350,72821,18010,73016.0,72695.0,0.003149994521748578,72538.0,68504.06666666667,0.004987948837841021,0.006264396764529913,0.0297917808989554,0.12261288048309482,-0.00015444555265908821,0.040000000000000036,2024-04-22,-0.01788493569614724,71936.0,Evaluation
2024-04-22,71936,73001,73001,71808,20680,73246.0,73016.0,-0.01788493569614724,72598.28571428571,68707.03333333334,0.0096468690625003,0.007331886612421375,0.005900942472802484,0.09247194253344881,0.000860150713364094,-0.03000000000000025,2024-04-23,-0.004809830960854078,71590.0,Evaluation
2024-04-23,71590,71710,71770,71010,18480,71936.0,73246.0,-0.004809830960854078,72560.14285714286,68897.63333333333,0.009680272778315074,0.00745549007820956,-0.0037157131525112908,0.08680471216905516,-0.0003785309587148733,0.0,2024-04-24,0.0014247799972062491,71692.0,Evaluation
2024-04-24,71692,71750,71909,71394,10600,71590.0,71936.0,0.0014247799972062491,72469.14285714286,69109.56666666667,0.009240267630778539,0.007168858067674406,-0.008806979219953215,0.09731533351700494,-0.002748232785555804,-0.009999999999999787,2024-04-25,0.00046030240473138306,71725.0,Evaluation
2024-04-25,71725,71559,71987,71300,10770,71692.0,71590.0,0.00046030240473138306,72271.42857142857,69309.83333333333,0.007699229195683829,0.007165580073061305,-0.01893063781476978,0.09142231081759666,0.0013632359783479764,0.040000000000000036,2024-04-26,0.005325897525270129,72107.0,Evaluation
2024-04-26,72107,71782,72402,71636,10510,71725.0,71692.0,0.005325897525270129,72187.42857142857,69532.23333333334,0.008104287330612346,0.007044790705866915,-0.008088589311507022,0.10196378085122637,-0.00041988770445122725,0.03999999999999959,2024-04-29,0.0019831639091905107,72250.0,Evaluation
2024-04-29,72250,71953,72399,71805,4310,72107.0,71725.0,0.0019831639091905107,72078.0,69761.66666666667,0.00787573056703746,0.007002590039181343,-0.01049085132025862,0.10529778022549596,0.000884902440930535,-0.03999999999999959,2024-04-30,-0.017730103806228414,70969.0,Evaluation
2024-04-30,70969,72201,72201,70900,1990,72250.0,72107.0,-0.017730103806228414,71752.71428571429,69946.33333333333,0.009596571276963296,0.007986277392776051,-0.031087021816891047,0.08467193446331134,-0.003271325635171629,-0.020000000000000018,2024-05-01,0.004297651087094456,71274.0,Evaluation
2024-05-01,71274,71130,71439,71005,210,70969.0,72250.0,0.004297651087094456,71658.14285714286,70141.1,0.007945704413900774,0.00797427816054323,-0.009202624555160188,0.0893001788143235,0.0035937848086700086,0.05999999999999961,2024-05-02,-0.002174706063922338,71119.0,Evaluation
2024-05-02,71119,71871,71871,70800,380,71274.0,70969.0,-0.002174706063922338,71590.85714285714,70326.53333333334,0.007812601793104222,0.008026222240823415,-0.00657913116357034,0.0848587467203612,0.00025612817141573707,-0.029999999999999805,2024-05-03,-0.0017013737538491558,70998.0,Evaluation
2024-05-03,70998,71009,71275,70586,210,71119.0,71274.0,-0.0017013737538491558,71491.71428571429,70495.16666666667,0.007745547274143108,0.008044145392089516,-0.009680299057077457,0.07672242527184214,-0.004701796827750404,-0.040000000000000036,2024-05-06,0.004549423927434626,71321.0,Evaluation
2024-05-06,71321,70690,71475,70690,16430,70998.0,71119.0,0.004549423927434626,71434.0,70683.0,0.008054010376084157,0.007961690183778302,-0.005632624607877279,0.08578692567670432,-0.0024575623333855656,-0.06000000000000005,2024-05-07,-0.0025939064230731113,71136.0,Evaluation
2024-05-07,71136,71339,71365,70967,9590,71321.0,70998.0,-0.0025939064230731113,71295.28571428571,70858.8,0.0075968504588008355,0.008021924253080499,-0.013466098991776088,0.0800765236403389,-0.002015760925186738,-0.009999999999999787,2024-05-08,-9.840305892938606e-05,71129.0,Evaluation
2024-05-08,71129,71170,71290,70900,11770,71136.0,71321.0,-9.840305892938606e-05,71135.14285714286,71028.86666666667,0.007458541852968417,0.008037078801866916,-0.01551557093425604,0.07727141926787517,0.0016547530463617566,0.009999999999999787,2024-05-09,0.006424946224465433,71586.0,Evaluation
2024-05-09,71586,71002,71656,70910,18150,71129.0,71136.0,0.006424946224465433,71223.28571428571,71205.23333333334,0.003741371467414754,0.00806431052717822,0.008693936789302414,0.0798099404178294,0.0008157715839565149,0.020000000000000018,2024-05-10,0.014094934763780653,72595.0,Evaluation
2024-05-10,72595,71690,72751,71690,21550,71586.0,71129.0,0.014094934763780653,71412.0,71372.0,0.00613879377288036,0.007722010048203117,0.018534107809299316,0.07401763522310323,-0.00023896700782211067,-0.040000000000000036,2024-05-13,-0.010689441421585455,71819.0,Evaluation
2024-05-13,71819,72405,72405,71735,16920,72595.0,71586.0,-0.010689441421585455,71512.0,71490.53333333334,0.00785594239743179,0.007944314534490628,0.009842658080119193,0.052092641694622355,-0.0012229522099089785,0.03000000000000025,2024-05-14,0.005486013450479721,72213.0,Evaluation
2024-05-14,72213,71950,72257,71810,11480,71819.0,72595.0,0.005486013450479721,71685.57142857143,71604.23333333334,0.007848671366532434,0.007891771526250754,0.01711315811712999,0.04957704717886102,9.916894782580066e-05,-0.010000000000000231,2024-05-15,0.01091216262999728,73001.0,Evaluation
2024-05-15,73001,72270,73041,72200,21500,72213.0,71819.0,0.01091216262999728,71925.57142857143,71713.43333333333,0.008475298746060882,0.007775402961190943,0.023555474544664223,0.04698458228755831,-0.0008235942966299259,-0.029999999999999805,2024-05-16,-0.0014383364611443294,72896.0,Evaluation
2024-05-16,72896,72860,73194,72701,12280,73001.0,72213.0,-0.0014383364611443294,72177.0,71822.9,0.008350279608949088,0.007772901350327362,0.024741340530814115,0.047175774291788874,-0.004685644360167274,-0.07000000000000028,2024-05-17,0.009561567164179108,73593.0,Evaluation
2024-05-17,73593,72798,73650,72760,16470,72896.0,73001.0,0.009561567164179108,72529.0,71919.3,0.008448834386104656,0.0074663478490076636,0.034641285551603396,0.04090465481393468,-0.0010770116922101947,0.020000000000000018,2024-05-20,0.009375891728832908,74283.0,Evaluation
2024-05-20,74283,73929,74345,73542,12790,73593.0,72896.0,0.009375891728832908,72914.28571428571,72041.83333333333,0.008609270548586711,0.007587997323589862,0.0376749643785097,0.0520628266319203,9.734078182788153e-05,0.03000000000000025,2024-05-21,-0.004213615497489331,73970.0,Evaluation
2024-05-21,73970,73911,74285,73623,13670,74283.0,73593.0,-0.004213615497489331,73110.71428571429,72136.5,0.008276975102089783,0.007584333930796425,0.01894069839520629,0.039926894418670145,-5.361470329623419e-05,0.009999999999999787,2024-05-22,-0.012748411518183067,73027.0,Evaluation
2024-05-22,73027,73993,73993,72970,15630,73970.0,74283.0,-0.012748411518183067,73283.28571428571,72199.83333333333,0.008849444384850155,0.008006838005905233,0.016820061543602716,0.026712781362914217,0.0012406282660322177,-0.020000000000000018,2024-05-23,-0.01910252372410204,71632.0,Evaluation
2024-05-23,71632,72596,72726,71551,18390,73027.0,73970.0,-0.01910252372410204,73200.28571428571,72203.76666666666,0.011813061170494955,0.00874756472718924,-0.008045642751305149,0.0016500265682244386,0.001375028526280797,0.010000000000000231,2024-05-24,-0.0035179807907080862,71380.0,Evaluation
2024-05-24,71380,71773,71773,71280,11670,71632.0,73027.0,-0.0035179807907080862,72968.71428571429,72187.86666666667,0.010561650286285971,0.008725065108624674,-0.02220517527157162,-0.006638184171340322,0.001657805838438442,0.06999999999999984,2024-05-27,0.008699915942841141,72001.0,Evaluation
2024-05-27,72001,71847,72150,71552,11000,71380.0,71632.0,0.008699915942841141,72840.85714285714,72176.93333333333,0.01149053798395366,0.008790385484428944,-0.012277765583845524,-0.004534833884057621,-0.001071888832396839,-0.029999999999999805,2024-05-28,0.0019999722226080596,72145.0,Evaluation
2024-05-28,72145,71993,72390,71720,10070,72001.0,71380.0,0.0019999722226080596,72634.0,72144.8,0.010573519391570068,0.008558086950125507,-0.019675784381666728,-0.013185791079073694,-0.001071888832396839,-0.029999999999999805,2024-05-29,-0.0021068681128283417,71993.0,Evaluation
2024-05-29,71993,72149,72380,71850,9520,72145.0,72001.0,-0.0021068681128283417,72306.85714285714,72121.4,0.009169638680245156,0.008507254853021956,-0.030828049486423592,-0.009656785198431828,-0.0015392559605055256,0.06000000000000005,2024-05-30,-0.0019585237453640936,71852.0,Evaluation
2024-05-30,71852,71721,72111,71501,3440,71993.0,72145.0,-0.0019585237453640936,72004.28571428571,72082.6,0.009217875040050562,0.00846521508695118,-0.028633229687711204,-0.015941711405719317,0.006045458288725936,0.04999999999999982,2024-05-31,-0.0020737070645214795,71703.0,Evaluation
2024-05-31,71703,71846,72341,71612,300,71852.0,71993.0,-0.0020737070645214795,71815.14285714286,72031.16666666667,0.008395958020156065,0.008441222480156786,-0.018130280581154956,-0.021065996777981044,-0.0016698850153196165,-0.06000000000000005,2024-06-03,0.0016038380541958386,71818.0,Evaluation
2024-06-03,71818,72880,72880,71240,270,71703.0,71852.0,0.0016038380541958386,71841.71428571429,72027.23333333334,0.004207358718733497,0.007796370817019909,0.0025966048693322197,-0.0016403469750889688,0.001130697662596214,-0.029999999999999805,2024-06-04,-0.0005012670918154161,71782.0,Evaluation
2024-06-04,71782,72052,72300,71400,140,71818.0,71703.0,-0.0005012670918154161,71899.14285714286,72033.63333333333,0.0038838342560362686,0.007744706892015777,0.005631829644157982,0.0026819388182706128,0.0020712869989680804,-0.08000000000000007,2024-06-05,0.009793541556379015,72485.0,Evaluation
2024-06-05,72485,71890,72599,71425,140,71782.0,71818.0,0.009793541556379015,71968.28571428571,72060.06666666667,0.0042581191389948125,0.007941600749824938,0.00672212885932133,0.011061206271271606,0.003062503013872453,-0.06000000000000005,2024-06-06,0.006594467820928429,72963.0,Evaluation
2024-06-06,72963,72540,73125,72516,13140,72485.0,71782.0,0.006594467820928429,72085.14285714286,72101.33333333333,0.004767790860412746,0.008021840605039856,0.011338277080878756,0.017260369466713055,-0.0015620212897716756,-0.030000000000000027,2024-06-07,-0.022682729602675367,71308.0,Evaluation
2024-06-07,71308,73296,73333,71151,29730,72963.0,72485.0,-0.022682729602675367,71987.28571428571,72074.7,0.010430010606345786,0.009020763530459195,-0.009514813940244227,-0.011080754989113428,-0.0013269797174495501,0.010000000000000009,2024-06-10,-7.011835979131575e-05,71303.0,Evaluation
2024-06-10,71303,71306,71380,70684,14550,71308.0,72963.0,-7.011835979131575e-05,71908.85714285714,72043.13333333333,0.010435095847798424,0.009010376961784526,-0.007640705895451738,-0.013107266435986142,0.00962398863132119,0.1299999999999999,2024-06-11,0.0006030601797961666,71346.0,Evaluation
2024-06-11,71346,71199,71550,70871,12030,71303.0,71308.0,0.0006030601797961666,71857.85714285714,72055.7,0.010440287944815949,0.008395194501008712,-0.004978871176938182,0.005312178556834635,0.0029421525062929277,0.03000000000000025,2024-06-12,0.006307291228660361,71796.0,Evaluation
2024-06-12,71796,71400,71990,71290,16900,71346.0,71303.0,0.006307291228660361,71854.71428571429,72073.1,0.010757231630566176,0.008436843389120657,-0.00030632988944279127,0.007323848808822309,0.0009877938061131353,-0.040000000000000036,2024-06-13,-0.01066911805671622,71030.0,Evaluation
2024-06-13,71030,71622,71622,70875,18030,71796.0,71346.0,-0.01066911805671622,71747.28571428571,72070.13333333333,0.011498160943522113,0.008661538361574057,-0.010476163940820848,-0.0012514236701866022,-0.0016559855331039763,-0.03000000000000025,2024-06-14,0.009305927073067766,71691.0,Evaluation
2024-06-14,71691,71111,71743,71011,15740,71030.0,71796.0,0.009305927073067766,71633.85714285714,72093.23333333334,0.011419929081847892,0.008818923559659547,-0.010953990480789155,0.009760838333474187,0.0015666703006957938,-0.06000000000000005,2024-06-17,-0.00566319342734789,71285.0,Evaluation
2024-06-17,71285,71463,71586,71170,7550,71691.0,71030.0,-0.00566319342734789,71394.14285714286,72092.03333333334,0.010896839116624858,0.008848753376720194,-0.022997957869056895,-0.0005047601688142889,0.0011763899583545623,0.0,2024-06-18,0.0030581468752191032,71503.0,Evaluation
2024-06-18,71503,71482,71541,71032,13010,71285.0,71691.0,0.0030581468752191032,71422.0,72104.26666666666,0.006841376138637391,0.008851324258318409,0.0027346160318617585,0.005159131803868622,0.000560524573687271,0.03000000000000025,2024-06-19,0.00022376683495806127,71519.0,Evaluation
2024-06-19,71519,71534,71639,71405,6310,71503.0,71285.0,0.00022376683495806127,71452.85714285714,72117.26666666666,0.006838837962431759,0.008851133143381389,0.003029325554324558,0.005482995683898206,-0.0021040092080587547,-0.050000000000000266,2024-06-20,0.010332918525147061,72258.0,Evaluation
2024-06-20,72258,71570,72500,71570,17690,71519.0,71503.0,0.010332918525147061,71583.14285714286,72139.66666666667,0.007796349843431055,0.008973509606057695,0.012782776890085001,0.009387310367948931,-0.0021040092080587547,-0.050000000000000266,2024-06-21,-0.011472778100694692,71429.0,Evaluation
2024-06-21,71429,72348,72542,71383,19530,72258.0,71519.0,-0.011472778100694692,71530.71428571429,72100.8,0.00891525095581358,0.008836224263613527,-0.005111705387486731,-0.016061712239134884,0.0017293446558088732,-0.009999999999999787,2024-06-24,0.0011619930280417634,71512.0,Evaluation
2024-06-24,71512,71520,71597,71260,7670,71429.0,72258.0,0.0011619930280417634,71599.57142857143,72090.56666666667,0.007755906099605887,0.008627506427927943,0.006785865127410862,-0.004274634845932157,-0.0006715408399896594,0.020000000000000018,2024-06-25,-0.0043489204609016285,71201.0,Evaluation
2024-06-25,71201,71444,71593,71101,9040,71512.0,71429.0,-0.0043489204609016285,71529.57142857143,72056.83333333333,0.006996462973216796,0.008594459824927814,-0.006834888619212998,-0.014014097184717467,-0.003191559650177256,0.009999999999999787,2024-06-26,-0.00396061853063856,70919.0,Evaluation
2024-06-26,70919,71230,71240,70661,13460,71201.0,71512.0,-0.00396061853063856,71477.28571428571,71987.43333333333,0.006833334157761803,0.008342645421903005,-0.005134319983166158,-0.028520157258119738,0.0018526826311002775,-0.020000000000000018,2024-06-27,0.005414627955836915,71303.0,Evaluation
2024-06-27,71303,70821,71395,70665,10720,70919.0,71201.0,0.005414627955836915,71448.71428571429,71934.33333333333,0.007102927574701636,0.008421699469231292,-0.0027970854369746556,-0.021853050921861294,0.0025681429252624177,0.050000000000000266,2024-06-28,-0.0003926903496346279,71275.0,Evaluation
2024-06-28,71275,71199,71530,71150,9020,71303.0,70919.0,-0.0003926903496346279,71413.85714285714,71857.06666666667,0.007098036753123377,0.008196470935461138,-0.0034116808120918662,-0.03149756090932565,0.0006269113149846017,-0.03000000000000025,2024-07-01,0.0007576289021395954,71329.0,Evaluation
2024-07-01,71329,71262,71560,71061,3460,71275.0,71303.0,0.0007576289021395954,71281.14285714286,71758.6,0.005386184005219542,0.007966865162762496,-0.012856707907774934,-0.03976683763445199,-0.001026235765603234,0.050000000000000266,2024-07-02,0.0003925472108119443,71357.0,Evaluation
2024-07-02,71357,71358,71575,71267,180,71329.0,71275.0,0.0003925472108119443,71270.85714285714,71671.5,0.00331698679993239,0.007953567475848921,-0.0010079939520363235,-0.035325131810193366,0.0020642410492528462,0.08000000000000007,2024-07-03,0.011253275782333816,72160.0,Evaluation
2024-07-03,72160,71524,72250,71496,180,71357.0,71329.0,0.011253275782333816,71363.42857142857,71642.6,0.00547060437571481,0.007955620394796649,0.009061416265801592,-0.011872321196269908,-0.001405998552223231,-0.03000000000000025,2024-07-04,-0.00012472283813746987,72151.0,Evaluation
2024-07-04,72151,72234,72244,72050,70,72160.0,71357.0,-0.00012472283813746987,71499.14285714286,71659.9,0.004951706022769562,0.007125739814735209,0.013342509234420818,0.007245365199910703,-0.004142674048226991,-0.040000000000000036,2024-07-05,0.015301243226012007,73255.0,Evaluation
2024-07-05,73255,72225,76479,72201,70,72151.0,72160.0,0.015301243226012007,71832.85714285714,71722.4,0.006313209239878601,0.007594165065537593,0.032938986731341435,0.026267862146259535,-0.004142674048226991,-0.040000000000000036,2024-07-08,-0.012599822537710748,72332.0,Evaluation
2024-07-08,72332,72900,73040,72127,14590,73255.0,72151.0,-0.012599822537710748,71979.85714285714,71733.43333333333,0.00903713178720858,0.007831058612463361,0.014431370349073713,0.004597158372800392,-0.00242856496532462,-0.08999999999999986,2024-07-09,0.0007327324005972358,72385.0,Evaluation
2024-07-09,72385,72401,72606,72130,10680,72332.0,73255.0,0.0007327324005972358,72138.42857142857,71741.43333333333,0.00899564402941263,0.007824332655086506,0.015573482988425091,0.0033266338623605396,-0.0009605089887767537,0.009999999999999787,2024-07-10,0.0033708641293086483,72629.0,Evaluation
2024-07-10,72629,72491,72916,72466,11230,72385.0,72332.0,0.0033708641293086483,72324.14285714286,71762.63333333333,0.008977852159218699,0.007833990459540068,0.01822540621626545,0.008834192213131864,0.00040127239829557126,0.03000000000000025,2024-07-11,0.007930716380509129,73205.0,Evaluation
2024-07-11,73205,72671,73230,72671,16520,72629.0,72385.0,0.007930716380509129,72588.14285714286,71807.73333333334,0.009117431338699234,0.007941994686512433,0.025897949745645077,0.01883037354562145,-0.0017632696984209995,-0.03000000000000025,2024-07-12,-0.0006283723789358708,73159.0,Evaluation
2024-07-12,73159,73040,73180,72850,10750,73205.0,72629.0,-0.0006283723789358708,72730.85714285714,71856.26666666666,0.008565038113810512,0.007929259496174526,0.013844235033259489,0.020305984407904765,-0.00341344026885404,-0.05999999999999983,2024-07-15,0.0020776664525212762,73311.0,Evaluation
2024-07-15,73311,73093,73533,72923,14640,73159.0,73205.0,0.0020776664525212762,72896.57142857143,71906.03333333334,0.008514388272482675,0.007931591832356588,0.016077393244722904,0.020788660224456246,-0.0026765714471894686,-0.010000000000000009,2024-07-16,0.009739329704955502,74025.0,Evaluation
2024-07-16,74025,73519,74074,73367,16900,73311.0,73159.0,0.009739329704955502,73006.57142857143,71980.8,0.007268608270300406,0.008096029396327283,0.010511227902532339,0.031247387924549397,0.0015868945217427655,0.020000000000000018,2024-07-17,-0.0013644039175954026,73924.0,Evaluation
2024-07-17,73924,74236,74498,73860,12490,74025.0,73311.0,-0.0013644039175954026,73234.0,72028.76666666666,0.004241994055166646,0.00793558644416322,0.022009622297185283,0.01985238325170724,0.0007477492096445992,-0.050000000000000044,2024-07-18,0.0005546236675504357,73965.0,Evaluation
2024-07-18,73965,74289,74319,73869,11900,73924.0,74025.0,0.0005546236675504357,73459.71428571429,72062.16666666667,0.0042592174907809125,0.007856743203705854,0.02182772673896527,0.013732987952798092,-0.001698086149353295,-0.010000000000000009,2024-07-19,-0.014777259514635266,72872.0,Evaluation
2024-07-19,72872,73700,73700,72811,17590,73965.0,73924.0,-0.014777259514635266,73494.42857142857,72114.3,0.007970952577231467,0.007154064352126958,0.003345770973027351,0.021933022942727254,0.0022274278065264053,-0.010000000000000009,2024-07-22,-0.003169941815786559,72641.0,Evaluation
2024-07-22,72641,72999,73199,72470,11130,72872.0,73965.0,-0.003169941815786559,73413.85714285714,72158.9,0.007325393793129633,0.007188593526686612,-0.007704391776518049,0.0187649888503989,0.0029000520396871288,0.040000000000000036,2024-07-23,-0.05496895692515247,68648.0,Evaluation
2024-07-23,68648,72541,72740,68600,48270,72641.0,72872.0,-0.05496895692515247,72769.42857142857,72068.96666666666,0.02161716748863244,0.012440972822210497,-0.06166021952186329,-0.03781571496650127,0.0005700504275378826,0.030000000000000027,2024-07-24,0.005535485374664972,69028.0,Evaluation
2024-07-24,69028,69000,69349,68767,12010,68648.0,72641.0,0.005535485374664972,72157.57142857143,71976.7,0.02194535349765051,0.01242568560633448,-0.0584223377119395,-0.03855367987074487,0.0013561418373408962,0.0,2024-07-25,-0.02226632670800255,67491.0,Evaluation
2024-07-25,67491,68028,68210,66960,14710,69028.0,68648.0,-0.02226632670800255,71224.14285714286,71858.73333333334,0.020855390322085696,0.012900686838459269,-0.08826747720364747,-0.049824018020554695,0.001403744236503357,0.040000000000000036,2024-07-26,0.01010505104384296,68173.0,Evaluation
2024-07-26,68173,67976,68340,67670,11300,67491.0,69028.0,0.01010505104384296,70402.57142857143,71741.46666666666,0.02231429798293976,0.012924826773848853,-0.07779611492884586,-0.04907171053549264,-0.0002338991967303361,-0.010000000000000009,2024-07-29,0.0004840626054303243,68206.0,Evaluation
2024-07-29,68206,68391,68633,67980,11300,68173.0,67491.0,0.0004840626054303243,69579.85714285714,71638.83333333333,0.02230807386096075,0.012906792605006458,-0.0778611505441763,-0.04319281756330229,0.0011608647713969855,-0.06000000000000005,2024-07-30,0.006025862827317319,68617.0,Evaluation
2024-07-30,68617,68206,68711,68011,5730,68206.0,68173.0,0.006025862827317319,68972.0,71542.63333333333,0.023136985393414584,0.0129533363249273,-0.058390053792952035,-0.04036194285554451,0.0037777346529530575,-0.010000000000000009,2024-07-31,0.0067913199352929166,69083.0,Evaluation
2024-07-31,69083,68999,69226,68800,570,68617.0,68206.0,0.0067913199352929166,68463.71428571429,71461.43333333333,0.023803417891156732,0.013035030582284713,-0.04898060324059417,-0.03406087892727805,0.0011785157307280247,-0.020000000000000018,2024-08-01,0.004762387273280044,69412.0,Evaluation
2024-08-01,69412,68145,69849,68145,210,69083.0,68617.0,0.004762387273280044,68572.85714285714,71366.56666666667,0.010917886559936205,0.01290602598938351,0.011129239016431702,-0.03938664230950206,-0.005215411290939054,-0.04999999999999982,2024-08-02,-0.00044660865556389595,69381.0,Evaluation
2024-08-02,69381,69783,70313,69043,580,69412.0,69083.0,-0.00044660865556389595,68623.28571428571,71298.3,0.010795032417869643,0.012761231979329563,0.005113866836645942,-0.028671827969032226,0.001876456376837643,-0.06000000000000005,2024-08-05,-0.010665744223922968,68641.0,Evaluation
2024-08-05,68641,69849,70000,67924,110,69381.0,69412.0,-0.010665744223922968,68787.57142857143,71202.6,0.006829562453032123,0.012877870962758345,0.01703930894489636,-0.04014710817764855,-0.0032388977737016766,-0.030000000000000027,2024-08-06,0.0014714237846185085,68742.0,Evaluation
2024-08-06,68742,69200,69578,68533,15710,68641.0,69381.0,0.0014714237846185085,68868.85714285714,71120.63333333333,0.005934865673455866,0.012873928572656481,0.008346412802722414,-0.034536031797306244,0.0008957779377829489,-0.050000000000000044,2024-08-07,0.00014547147304422303,68752.0,Evaluation
2024-08-07,68752,68617,69044,68521,11560,68742.0,68641.0,0.00014547147304422303,68946.85714285714,71048.4,0.005943078131652974,0.012864167454727,0.008005160836290104,-0.030555986407027724,0.0006028546990703987,0.07000000000000006,2024-08-08,0.009367000232720413,69396.0,Evaluation
2024-08-08,69396,68949,69444,68608,14890,68752.0,68742.0,0.009367000232720413,69058.14285714286,70984.83333333333,0.0065069042021388065,0.012951559676343198,0.011352871737324577,-0.02674501774118898,-0.0006744669769969125,0.07000000000000006,2024-08-09,0.0029972909101390055,69604.0,Evaluation
2024-08-09,69604,69633,69698,69212,11110,69396.0,68752.0,0.0029972909101390055,69132.57142857143,70929.13333333333,0.006153985513480258,0.012970193263674497,0.007541652794464726,-0.023444405471764296,-0.0009970073594033346,0.020000000000000018,2024-08-12,0.010775242802137708,70354.0,Evaluation
2024-08-12,70354,69504,70388,69436,15900,69604.0,69396.0,0.010775242802137708,69267.14285714286,70896.63333333333,0.007099057566282523,0.013137085287925017,0.013571140436812179,-0.013669054662199143,-0.0042042470185489345,-0.030000000000000027,2024-08-13,2.8427665804464652e-05,70356.0,Evaluation
2024-08-13,70356,70437,70549,70191,12810,70354.0,69604.0,2.8427665804464652e-05,69406.42857142857,70863.26666666666,0.00707456693704815,0.013136521531345622,0.014052838673412005,-0.014028056112224463,0.0023818898278336054,-0.050000000000000044,2024-08-14,-0.006850872704531219,69874.0,Evaluation
2024-08-14,69874,70247,70630,69718,18580,70356.0,70354.0,-0.006850872704531219,69582.57142857143,70787.06666666667,0.006000069327350273,0.012998534587160219,0.017963025014204437,-0.03167960088691801,-0.001670177990008126,-0.030000000000000027,2024-08-16,0.01522740933680633,70938.0,Evaluation
2024-08-16,70938,69979,71038,69953,27670,69874.0,70356.0,0.01522740933680633,69896.28571428571,70746.63333333333,0.007617915754617617,0.013331658701507456,0.03194553548049228,-0.016811963798145535,0.0012635822843640732,0.030000000000000027,2024-08-19,0.0028193633877471314,71138.0,Evaluation
2024-08-19,71138,71037,71272,70803,15290,70938.0,69874.0,0.0028193633877471314,70237.14285714286,70676.06666666667,0.007426214232658241,0.01301322468843427,0.03470444496160119,-0.028899051259299702,-0.001527111116912172,0.010000000000000009,2024-08-20,0.00283955129466662,71340.0,Evaluation
2024-08-20,71340,71049,71777,70995,20810,71138.0,70938.0,0.00283955129466662,70514.85714285714,70643.0,0.00717885328881708,0.012838411780142674,0.028013141967836663,-0.013714538516839014,-0.004235391005676603,-0.020000000000000018,2024-08-21,0.0009391645640595137,71407.0,Evaluation
2024-08-21,71407,71400,71658,71061,15960,71340.0,71138.0,0.0009391645640595137,70772.42857142857,70610.4,0.007267250440221907,0.012839083255453196,0.02590368369633933,-0.01351108655108102,-0.0008697164724299489,-0.040000000000000036,2024-08-22,-0.008556584088394659,70796.0,Evaluation
2024-08-22,70796,71315,71427,70537,17530,71407.0,71340.0,-0.008556584088394659,70835.57142857143,70549.3,0.007777977366727018,0.012903706090082772,0.006282514142763818,-0.02523785264839118,0.0006627095706102093,-0.030000000000000027,2024-08-23,0.007048420814735223,71295.0,Evaluation
2024-08-23,71295,70918,71465,70845,15500,70796.0,71407.0,0.007048420814735223,70969.71428571429,70485.63333333333,0.008090027119308243,0.012884184191746249,0.01334640968787304,-0.02609111399494568,0.004177967805602645,0.040000000000000036,2024-08-26,0.002875376954905695,71500.0,Evaluation
2024-08-26,71500,71417,71775,71252,14690,71295.0,70796.0,0.002875376954905695,71202.0,70430.33333333333,0.007107366881315316,0.012901649686736327,0.02327045825342755,-0.02267663582060986,-0.007378888647348147,-0.08000000000000007,2024-08-27,0.0007132867132866316,71551.0,Evaluation
2024-08-27,71551,71695,71696,71245,11520,71500.0,71295.0,0.0007132867132866316,71289.57142857143,70371.66666666667,0.004792461990098082,0.012893989088307287,0.008641348783444691,-0.02400731131753764,0.0019315048530499368,-0.010000000000000009,2024-08-28,-0.0031166580481055695,71328.0,Evaluation
2024-08-28,71328,71490,71543,71062,11790,71551.0,71500.0,-0.0031166580481055695,71316.71428571429,70281.76666666666,0.0049875855699251185,0.012746928399061887,0.0026708650791420485,-0.03643363728470106,0.0014207731997308848,0.010000000000000009,2024-08-29,0.004738672050246695,71666.0,Evaluation
2024-08-29,71666,71403,71718,71281,14010,71328.0,71551.0,0.004738672050246695,71363.28571428571,70206.5,0.005190450441447218,0.012792107346327948,0.00456966638631906,-0.030544883934851996,0.00022237320624429735,0.010000000000000009,2024-08-30,-0.006572154159573573,71195.0,Evaluation
2024-08-30,71195,71463,71697,71129,7600,71666.0,71328.0,-0.006572154159573573,71333.0,70114.16666666667,0.00585743564018141,0.012829275259807125,-0.00296889660677524,-0.0374501453390117,0.002781098049703612,0.020000000000000018,2024-09-02,0.0005337453472855636,71233.0,Evaluation
2024-09-02,71233,71126,71379,71026,1090,71195.0,71666.0,0.0005337453472855636,71395.42857142857,70059.53333333334,0.004629170752423902,0.012572086086056639,0.006172665122323284,-0.02249149193105715,0.0007600220234584842,0.050000000000000044,2024-09-03,-0.005980374264736854,70807.0,Evaluation
2024-09-03,70807,71194,71365,70575,420,71233.0,71195.0,-0.005980374264736854,71325.71428571429,69998.4,0.004350606091447886,0.012601718391508471,-0.00684479977558039,-0.025247449787310194,0.0007600220234584842,0.050000000000000044,2024-09-04,0.003474232773595931,71053.0,Evaluation
2024-09-04,71053,71076,71105,70600,70,70807.0,71233.0,0.003474232773595931,71261.85714285714,70078.56666666667,0.004443774417660944,0.007363281610701626,-0.006251748251748235,0.035033795594918926,0.0037187454527320973,-0.030000000000000027,2024-09-05,0.011779938918835331,71890.0,Evaluation
2024-09-05,71890,71060,72510,71053,50,71053.0,70807.0,0.011779938918835331,71310.28571428571,70173.96666666666,0.006568589046113886,0.0075759911937476835,0.004737879274922863,0.04146143593903928,-0.0021721584185188103,-0.030000000000000027,2024-09-06,-0.006690777576853546,71409.0,Evaluation
2024-09-06,71409,71932,72138,71230,27360,71890.0,71053.0,-0.006690777576853546,71321.85714285714,70304.56666666667,0.007036411053269781,0.006330781383205772,0.0011355989232839647,0.058052184735742474,-0.0004987168855252744,0.0,2024-09-09,0.0022966292764217133,71573.0,Evaluation
2024-09-09,71573,71537,71640,71109,12550,71409.0,71890.0,0.0022966292764217133,71308.57142857143,70417.9,0.006830439443363759,0.006139526612126724,-0.001297686490106864,0.04987311692312213,0.0003740201366562168,-0.010000000000000009,2024-09-10,0.0034649937825717014,71821.0,Evaluation
2024-09-10,71821,71601,71901,71530,13030,71573.0,71409.0,0.0034649937825717014,71398.0,70538.4,0.006293824775567897,0.0061442633860232495,0.008792752300021078,0.05300120224027216,0.0017673599234606652,-0.030000000000000027,2024-09-11,0.0007936397432506404,71878.0,Evaluation
2024-09-11,71878,71921,72147,71601,18960,71821.0,71573.0,0.0007936397432506404,71490.14285714286,70647.1,0.006289534203083709,0.006092488321655521,0.009054792020552371,0.0475246658991213,0.0023754111131755185,-0.030000000000000027,2024-09-12,0.011171707615682092,72681.0,Evaluation
2024-09-12,72681,71850,72723,71837,27820,71878.0,71821.0,0.011171707615682092,71757.85714285714,70767.03333333334,0.006319030716292475,0.006271867351661399,0.026466309828124368,0.0520822778397001,-0.0018836311074725831,-0.019999999999999796,2024-09-13,0.009438505248964724,73367.0,Evaluation
2024-09-13,73367,72725,73450,72725,17690,72681.0,71878.0,0.009438505248964724,72088.42857142857,70898.86666666667,0.006667250344643824,0.006406922645392098,0.03256723854024468,0.05697862041145618,-0.0027130842171966263,0.019999999999999796,2024-09-16,0.0007496558398190079,73422.0,Evaluation
2024-09-16,73422,73415,73649,73306,12250,73367.0,72681.0,0.0007496558398190079,72307.28571428571,71033.56666666667,0.005955084082616869,0.006395728859756485,0.02131033523438597,0.05824361136334155,-0.00642915071017125,-0.04999999999999982,2024-09-17,-0.005447958377598039,73022.0,Evaluation
2024-09-17,73022,73389,73492,72907,16520,73422.0,73367.0,-0.005447958377598039,72537.71428571429,71179.6,0.005626346744045397,0.00610639317720043,0.022588189163830874,0.0638248277268687,-0.0012946436277641027,-0.040000000000000036,2024-09-18,9.586152118545854e-05,73029.0,Evaluation
2024-09-18,73029,73162,73255,72910,10650,73022.0,73422.0,9.586152118545854e-05,72745.71428571429,71322.5,0.005746079674249111,0.006116295996102441,0.020342866723485065,0.06236362049402122,0.0008683299093972252,-0.010000000000000009,2024-09-19,0.004491366443467593,73357.0,Evaluation
2024-09-19,73357,72949,73525,72750,19120,73029.0,73022.0,0.004491366443467593,72965.14285714286,71476.0,0.005776059483956,0.0061214239811778984,0.021386502554963105,0.06697986967651848,-0.0003396294995768878,0.050000000000000044,2024-09-20,0.008451817822429986,73977.0,Evaluation
2024-09-20,73977,73450,74050,73364,20000,73357.0,73029.0,0.008451817822429986,73265.0,71628.7,0.00600017522079228,0.006086561267615879,0.029202259383956042,0.06601245028531899,-0.002105102096217837,-0.020000000000000018,2024-09-23,0.002784649282885132,74183.0,Evaluation
2024-09-23,74183,74171,74299,73929,12790,73977.0,73357.0,0.002784649282885132,73479.57142857143,71781.33333333333,0.00513624567488293,0.006085665448200281,0.020665648518870094,0.06578644905465203,0.0008185916760850009,0.020000000000000018,2024-09-24,0.009476564711591529,74886.0,Evaluation
2024-09-24,74886,74273,74944,74217,15990,74183.0,73977.0,0.009476564711591529,73696.57142857143,71932.4,0.005144287992851321,0.006026481808094313,0.02070413128518278,0.06441709071268154,0.0002067456748147123,0.0,2024-09-25,0.0037523702694761685,75167.0,Evaluation
2024-09-25,75167,75000,75240,74838,10710,74886.0,74183.0,0.0037523702694761685,73945.85714285714,72092.76666666666,0.005055321488608495,0.006020677857093371,0.023766718422271182,0.06838080618568432,-0.0024804352785096073,-0.030000000000000027,2024-09-26,0.0022882381896311976,75339.0,Evaluation
2024-09-26,75339,75199,75643,75075,15810,75167.0,74886.0,0.0022882381896311976,74276.85714285714,72274.93333333333,0.003370687905856671,0.005771696301633018,0.03173016351236613,0.07821221055041927,0.002605484561513327,0.06000000000000005,2024-09-27,-0.006119008747129673,74878.0,Evaluation
2024-09-27,74878,75329,75380,74742,7530,75339.0,75167.0,-0.006119008747129673,74541.0,72406.26666666666,0.005094699277424974,0.0054596529556247215,0.02531870900601141,0.05554145873861671,-0.0030153641945674936,0.019999999999999796,2024-09-30,-0.0004540719570501617,74844.0,Evaluation
2024-09-30,74844,75169,75359,74620,1380,74878.0,75339.0,-0.0004540719570501617,74753.42857142857,72529.8,0.005288009351158715,0.005471643663211425,0.0202707308096024,0.05209592622789505,0.0002692468109530832,-0.029999999999999805,2024-10-01,0.010902677569344155,75660.0,Evaluation
2024-10-01,75660,74867,75736,74850,640,74844.0,74878.0,0.010902677569344155,74993.85714285714,72673.8,0.005776734375116978,0.0057214388676666145,0.02275031428687302,0.060555088309503846,0.0014474313254524418,0.029999999999999805,2024-10-03,0.0022072429288924056,75827.0,Evaluation
2024-10-03,75827,76000,76250,75150,230,75660.0,74844.0,0.0022072429288924056,75228.71428571429,72821.13333333333,0.005788315246022963,0.0057181868055757,0.022161411644177287,0.061898693405408434,-0.000950791408527274,0.030000000000000027,2024-10-04,-0.0008967781924644758,75759.0,Evaluation
2024-10-04,75759,75889,76109,75377,330,75827.0,75660.0,-0.0008967781924644758,75353.42857142857,72986.56666666667,0.005196443114572578,0.005391321064046645,0.011657719733995764,0.07010283066839929,0.004501844168577573,0.05999999999999983,2024-10-07,-0.0013463746881559047,75657.0,Evaluation
2024-10-07,75657,75671,75930,75452,12880,75759.0,75827.0,-0.0013463746881559047,75423.42857142857,73131.96666666666,0.005213010952327584,0.0053527455990445595,0.00651881809836774,0.061182411108773316,0.0008188687001360329,0.1100000000000001,2024-10-08,-0.011340655854712667,74799.0,Evaluation
2024-10-08,74799,75523,75697,74481,23990,75657.0,75759.0,-0.011340655854712667,75346.28571428571,73241.93333333333,0.006898332008817056,0.005875840254253779,-0.007167602436984777,0.046139860139860156,0.001672398148580001,0.010000000000000009,2024-10-09,-0.0038369496918407853,74512.0,Evaluation
2024-10-09,74512,74895,74936,74420,12360,74799.0,75657.0,-0.0038369496918407853,75294.0,73340.63333333333,0.006666490756784198,0.005955605482567278,-0.004887951067069074,0.04138306941901582,0.0019473289981302155,0.010000000000000009,2024-10-10,0.004321451578269242,74834.0,Evaluation
2024-10-10,74834,74639,74950,74267,11930,74512.0,74799.0,0.004321451578269242,75292.57142857143,73457.5,0.00693258995925387,0.005917097478920686,-0.00013361124472233143,0.0491532077164647,0.001790278202384643,0.0,2024-10-11,0.012080070556164335,75738.0,Evaluation
2024-10-11,75738,75177,75827,75177,15840,74834.0,74512.0,0.012080070556164335,75303.71428571429,73593.23333333334,0.007248251984542808,0.006195867579176314,0.0010309278350515427,0.0568191332012391,0.0017333688144978154,-0.010000000000000009,2024-10-14,-0.0024426311758958263,75553.0,Evaluation
2024-10-14,75553,75832,75928,75435,12870,75738.0,74834.0,-0.0024426311758958263,75264.57142857143,73738.5,0.007243468486977861,0.0060460819869791365,-0.003613488599047865,0.06121216377554606,-0.0009309875047828209,-0.010000000000000009,2024-10-15,0.0037721864121875726,75838.0,Evaluation
2024-10-15,75838,75639,75990,75275,14740,75553.0,75738.0,0.0037721864121875726,75275.85714285714,73892.0,0.0074132326950249496,0.0060479102140608455,0.001042780395728471,0.06464700349557084,-0.0009309875047828209,-0.010000000000000009,2024-10-16,0.004285450565679527,76163.0,Evaluation
2024-10-16,76163,75900,76350,75867,15640,75838.0,75553.0,0.004285450565679527,75348.14285714286,74070.53333333334,0.00752567914020587,0.0058620554427643926,0.006688079093804866,0.0756422387617044,0.004325075926671307,0.0,2024-10-17,0.004949910061315954,76540.0,Evaluation
2024-10-17,76540,76198,76635,76121,17750,76163.0,75838.0,0.004949910061315954,75596.85714285714,74253.43333333333,0.005259325334378383,0.005877117046526682,0.02327571224214231,0.07722404402347549,0.0033284107506614813,0.0,2024-10-18,0.00808727462764569,77159.0,Evaluation
2024-10-18,77159,76666,77260,76666,16379,76540.0,76163.0,0.00808727462764569,75975.0,74429.06666666667,0.004425909594663959,0.005712404809084997,0.03552447927850544,0.07329253025455551,0.0015227136096058747,0.040000000000000036,2024-10-21,0.004523127567749752,77508.0,Evaluation
2024-10-21,77508,77300,77947,77300,16329,77159.0,76540.0,0.004523127567749752,76357.0,74632.36666666667,0.004421352137179077,0.005459955143509535,0.03573242109201691,0.08540940217619619,-0.0015606846063481727,-0.020000000000000018,2024-10-22,0.009457088300562466,78241.0,Evaluation
2024-10-22,78241,77798,78300,77635,11660,77508.0,77159.0,0.009457088300562466,76714.57142857143,74854.63333333333,0.0037911497227329006,0.005594307917652169,0.03304813963928277,0.09316362315398274,0.004496503750448966,0.10999999999999988,2024-10-23,-0.009700796257716582,77482.0,Evaluation
2024-10-23,77482,78027,78497,77255,12950,78241.0,77508.0,-0.009700796257716582,76990.14285714286,75043.33333333333,0.0062519580027138545,0.006053243778070996,0.025531745926700378,0.07882095765862362,-0.0005221902748889784,-0.009999999999999787,2024-10-24,0.005033427118556588,77872.0,Evaluation
2024-10-24,77872,76786,78072,76786,10090,77482.0,78241.0,0.005033427118556588,77280.71428571429,75243.13333333333,0.006275041870370594,0.0060603166446953245,0.026820327540283184,0.08339130192826727,0.0022699012223224013,0.05999999999999983,2024-10-25,0.001759297308403518,78009.0,Evaluation
2024-10-25,78009,77702,78104,77411,4700,77872.0,77482.0,0.001759297308403518,77544.42857142857,75420.73333333334,0.0063153210755970786,0.005845987867926356,0.024237490645063975,0.0733066413505592,-0.001446752065671686,-0.020000000000000018,2024-10-28,0.001922855055185968,78159.0,Evaluation
2024-10-28,78159,77765,78304,77746,410,78009.0,77872.0,0.001922855055185968,77775.71428571429,75580.46666666666,0.006298649840489035,0.005691968711168129,0.02115233864645938,0.06531546880750194,0.0007854620452372174,0.050000000000000044,2024-10-29,0.009032868895456625,78865.0,Evaluation
2024-10-29,78865,78438,78926,78416,190,78159.0,78009.0,0.009032868895456625,78019.42857142857,75761.9,0.006434323578468971,0.005822267242022306,0.02211018805324061,0.07413309362316478,0.0015817286665247288,0.030000000000000027,2024-10-30,0.004970519241742188,79257.0,Evaluation
2024-10-30,79257,79119,79375,78888,130,78865.0,78159.0,0.004970519241742188,78269.28571428571,75969.73333333334,0.0064524693636177684,0.0056458747034728125,0.022565412602570056,0.08538522637013513,0.00042946102641194805,-0.010000000000000009,2024-10-31,-0.011746596515134322,78326.0,Evaluation
2024-10-31,78326,79264,79999,77803,90,79257.0,78865.0,-0.011746596515134322,78281.42857142857,76146.3,0.007855822265409661,0.006222429795092714,0.0010863869326822595,0.07253282942392758,-0.00036760819213654816,-0.030000000000000027,2024-11-01,0.0064218777928146675,78829.0,Evaluation
2024-11-01,78829,78600,78887,78550,3200,78326.0,79257.0,0.0064218777928146675,78473.85714285714,76328.7,0.006762973595639052,0.006255175548204944,0.017384682894091563,0.07459410826505986,-0.00013219533182229348,0.0,2024-11-04,-0.005429473924570938,78401.0,Evaluation
2024-11-04,78401,78450,78642,78226,13380,78829.0,78326.0,-0.005429473924570938,78549.42857142857,76476.16666666667,0.007244884893957969,0.006306797476405492,0.00679319909595244,0.05980237100720487,7.051349852726929e-05,0.09000000000000008,2024-11-05,0.0011351896021734031,78490.0,Evaluation
2024-11-05,78490,78246,78670,78157,12200,78401.0,78829.0,0.0011351896021734031,78618.14285714286,76619.73333333334,0.007237679190984276,0.006306524960561052,0.00616595521029617,0.058059124058072564,-0.001741079870136053,-0.010000000000000231,2024-11-06,-0.02294559816537134,76689.0,Evaluation
2024-11-06,76689,78355,78570,76412,47170,78490.0,78401.0,-0.02294559816537134,78408.14285714286,76679.83333333333,0.011500530397473277,0.0076076150583248275,-0.018807814838982084,0.024076596426568342,-0.00029777599058666837,-0.039999999999999813,2024-11-07,0.00908865678258941,77386.0,Evaluation
2024-11-07,77386,76459,77427,76311,21890,76689.0,78490.0,0.00908865678258941,78196.85714285714,76753.8,0.011509992528865495,0.007739743759391816,-0.018753566220756968,0.029520933388321957,0.00923541105326886,0.050000000000000044,2024-11-08,-0.0017832682914221687,77248.0,Evaluation
2024-11-08,77248,77455,77589,77031,16020,77386.0,76689.0,-0.0017832682914221687,77909.85714285714,76817.43333333333,0.011038782067699862,0.007752050948204234,-0.025347918795816105,0.02533880194852589,-0.007386429176594156,-0.06000000000000005,2024-11-11,-0.024155965202982577,75382.0,Evaluation
2024-11-11,75382,77019,77019,75348,27620,77248.0,77386.0,-0.024155965202982577,77489.28571428571,76834.23333333334,0.013323538496615044,0.008923261180082302,-0.03758649745933662,0.006730949010390175,0.006460428771789317,-0.030000000000000027,2024-11-12,-0.006155315592581756,74918.0,Evaluation
2024-11-12,74918,75502,75588,74644,26010,75382.0,77248.0,-0.006155315592581756,76930.57142857143,76836.7,0.012273196103816844,0.008999431755737152,-0.049613720838777575,0.0009887232109453414,0.006460428771789317,-0.030000000000000027,2024-11-13,-0.005392562535038281,74514.0,Evaluation
2024-11-13,74514,75097,75333,74363,18170,74918.0,75382.0,-0.005392562535038281,76375.28571428571,76798.5,0.012274080427948057,0.008813042430428943,-0.049578449254473744,-0.015146708961141897,0.009516559418574877,0.13000000000000012,2024-11-14,-0.004871567759078821,74151.0,Evaluation
2024-11-14,74151,74000,74878,73334,25710,74514.0,74918.0,-0.004871567759078821,75755.42857142857,76742.63333333333,0.011797161361629054,0.008833607634137175,-0.05528092750668878,-0.022102944861329132,0.0014277127725865757,0.009999999999999787,2024-11-15,-0.0025083950317594805,73965.0,Evaluation
2024-11-15,73965,74191,74300,73900,9820,74151.0,74514.0,-0.0025083950317594805,75366.28571428571,76682.83333333333,0.009860827410348447,0.008839701282728304,-0.035520087626647934,-0.023680354809329618,0.0003489364919830873,0.010000000000000231,2024-11-18,0.014520381261407422,75039.0,Evaluation
2024-11-18,75039,74366,75165,74305,18510,73965.0,74151.0,0.014520381261407422,75031.0,76662.23333333334,0.011276552194975902,0.009267740532015394,-0.030328483188173605,-0.008168444426821075,-0.0009188867848016757,0.0,2024-11-19,0.006876424259385061,75555.0,Evaluation
2024-11-19,75555,75255,75840,75255,21000,75039.0,73965.0,0.006876424259385061,74789.14285714286,76687.43333333333,0.012051554314693012,0.009110226191315789,-0.02191642502071256,0.010107086993141667,-0.0022090904505503994,-0.020000000000000018,2024-11-20,0.005995632320825894,76008.0,Evaluation
2024-11-20,76008,75484,76135,75380,13820,75555.0,75039.0,0.005995632320825894,74878.57142857143,76737.3,0.00796691617021018,0.009130295034495807,0.008304369743440176,0.020077302984754075,-0.0016200056080155623,-0.03000000000000025,2024-11-21,0.008959583201768151,76689.0,Evaluation
2024-11-21,76689,76250,76749,76051,20720,76008.0,75555.0,0.008959583201768151,75131.57142857143,76799.13333333333,0.007681415369901,0.009232371220433131,0.023639178835526797,0.02478819787796982,0.00380223323844886,0.010000000000000231,2024-11-22,0.011605314973464287,77579.0,Evaluation
2024-11-22,77579,77000,77637,76959,23290,76689.0,76008.0,0.011605314973464287,75569.42857142857,76860.5,0.007116159682805818,0.009212858442225372,0.04113320986660218,0.024307481053104096,0.0017709646910466503,0.029999999999999805,2024-11-25,-0.028383969888758576,75377.0,Evaluation
2024-11-25,75377,77100,77100,75260,32159,77579.0,76689.0,-0.028383969888758576,75744.57142857143,76854.63333333333,0.014602349453343088,0.010638854084110997,0.01653382961794181,-0.002329490556298275,0.0028834496285345956,-0.020000000000000018,2024-11-26,-0.0011143982912559247,75293.0,Evaluation
2024-11-26,75293,75556,75693,74857,22000,75377.0,77579.0,-0.0011143982912559247,75934.28571428571,76836.46666666666,0.014532992196532368,0.010616135149760631,0.017954437909822207,-0.007186370948600973,-0.003737314781691814,-0.08999999999999986,2024-11-27,0.006574316337508046,75788.0,Evaluation
2024-11-27,75788,75578,76164,75578,15790,75293.0,75377.0,0.006574316337508046,76041.28571428571,76823.96666666666,0.013738721539776027,0.01065751835467994,0.009981476298991154,-0.004923650591494577,0.0034276994018651585,0.040000000000000036,2024-11-28,-0.00035625692721807933,75761.0,Evaluation
2024-11-28,75761,75656,76091,75434,12130,75788.0,75293.0,-0.00035625692721807933,76070.71428571429,76798.0,0.013537652037487788,0.010614607381042862,0.0027264906359605323,-0.010177684870655845,-0.004783799118104781,-0.030000000000000027,2024-11-29,0.009556368052163977,76485.0,Evaluation
2024-11-29,76485,76605,76606,76022,5350,75761.0,75788.0,0.009556368052163977,76138.85714285714,76775.53333333334,0.013843387670730452,0.010657869648280542,0.006275655194190044,-0.008735209113648446,-0.004783799118104781,-0.030000000000000027,2024-12-02,-0.00875988755965218,75815.0,Evaluation
2024-12-02,75815,76100,76189,75587,1760,76485.0,75761.0,-0.00875988755965218,76014.0,76719.1,0.01376031318172611,0.010728971088343078,-0.011396680097536804,-0.02184290653867993,-0.001897958137682676,-0.07000000000000006,2024-12-03,0.0015696102354414432,75934.0,Evaluation
2024-12-03,75934,76095,76164,75828,180,75815.0,76485.0,0.0015696102354414432,75779.0,76642.2,0.012637756273217173,0.01056742434922486,-0.021204191856043497,-0.029485819455272844,0.004324544674584763,0.010000000000000009,2024-12-04,0.0013432717886585621,76036.0,Evaluation
2024-12-04,76036,76267,76373,75900,210,75934.0,75815.0,0.0013432717886585621,75873.14285714286,76594.0,0.005856942705546233,0.010443442924430033,0.008742719927829379,-0.018662399008802066,-0.001342749623998607,0.020000000000000018,2024-12-05,0.00416907780525011,76353.0,Evaluation
2024-12-05,76353,76265,76449,76195,50,76036.0,75934.0,0.00416907780525011,76024.57142857143,76543.36666666667,0.005840523529658498,0.010428619656899736,0.014078333975269919,-0.019506369426751546,-0.0015682536931941327,-0.050000000000000044,2024-12-06,-0.002200306471258462,76185.0,Evaluation
2024-12-06,76185,76141,76380,75894,14610,76353.0,76036.0,-0.002200306471258462,76081.28571428571,76482.56666666667,0.005636655031734189,0.010422740859923733,0.00523829630020578,-0.023381917471060998,-0.0025939313996657942,0.020000000000000018,2024-12-09,0.01068451794972769,76999.0,Evaluation
2024-12-09,76999,76261,77273,76160,21650,76185.0,76353.0,0.01068451794972769,76258.14285714286,76443.9,0.00671393183993152,0.010620671732818984,0.01634086139306512,-0.014841540961373578,0.0020517509487567587,-0.010000000000000009,2024-12-10,0.009688437512175518,77745.0,Evaluation
2024-12-10,77745,77135,77772,76920,20600,76999.0,76185.0,0.009688437512175518,76438.14285714286,76406.56666666667,0.006737742121433043,0.010641495580705573,0.016473818395763784,-0.014201483547834903,-0.000709617327607992,0.020000000000000018,2024-12-11,0.006971509421827671,78287.0,Evaluation
2024-12-11,78287,77899,78360,77590,30920,77745.0,76999.0,0.006971509421827671,76791.28571428571,76374.23333333334,0.004739144038230063,0.010682648817118804,0.03260568489085269,-0.01223866661619799,0.0028349556588920244,0.0,2024-12-12,-0.01133010589242145,77400.0,Evaluation
2024-12-12,77400,78050,78360,77130,25140,78287.0,77745.0,-0.01133010589242145,77000.71428571429,76343.36666666667,0.007699203208612334,0.01066759369067563,0.019306239629151678,-0.011822383372060319,-0.000856195404743354,0.030000000000000027,2024-12-13,-0.01043927648578813,76592.0,Evaluation
2024-12-13,76592,77517,77520,76520,19860,77400.0,78287.0,-0.01043927648578813,77080.14285714286,76268.8,0.009202074754477228,0.01074291207541873,0.00731232574043883,-0.028377881236600788,0.000845892298123152,0.040000000000000036,2024-12-16,-0.00138395654898682,76486.0,Evaluation
2024-12-16,76486,76500,76859,76350,13730,76592.0,77400.0,-0.00138395654898682,77099.14285714286,76204.96666666666,0.00913023340006421,0.010709471999019865,0.0017419092897463795,-0.024425708855754347,0.0027883764087601737,0.06999999999999984,2024-12-17,-0.0022487775540621646,76314.0,Evaluation
2024-12-17,76314,76563,76585,75932,15200,76486.0,76592.0,-0.0022487775540621646,77117.57142857143,76132.43333333333,0.009132450004833537,0.010706554897341758,0.0016932467021066877,-0.0277232768505542,-0.0003212640680672063,0.0,2024-12-18,-0.002607647351731024,76115.0,Evaluation
2024-12-18,76115,76265,76465,76011,11000,76314.0,76486.0,-0.002607647351731024,76991.28571428571,76113.3,0.007907666096202913,0.009872674856377241,-0.01148066858011143,-0.007484776173897201,0.001851201434445393,0.020000000000000018,2024-12-19,-0.01213952571766408,75191.0,Evaluation
2024-12-19,75191,75500,75931,75008,19350,76115.0,76314.0,-0.01213952571766408,76626.42857142857,76040.13333333333,0.00695029766690544,0.009944237925136264,-0.03285098720174928,-0.028364303620809994,0.0010783950031489908,0.0900000000000003,2024-12-20,0.007913181098801791,75786.0,Evaluation
2024-12-20,75786,75200,76025,75070,16059,75191.0,76115.0,0.007913181098801791,76269.14285714286,75991.4,0.0072186805089701775,0.010071658560935287,-0.031946555622261674,-0.01892605633802813,0.007793685140760953,0.09999999999999964,2024-12-23,-0.003694613780909406,75506.0,Evaluation
2024-12-23,75506,75680,75964,75352,14200,75786.0,75191.0,-0.003694613780909406,75998.57142857143,75995.53333333334,0.006581939741942826,0.009062865674356189,-0.024470284237726125,0.001644955029052042,-0.005780625420758856,-0.04999999999999982,2024-12-24,0.0007416629142054099,75562.0,Evaluation
2024-12-24,75562,75625,75688,75424,10820,75506.0,75786.0,0.0007416629142054099,75851.42857142857,76017.0,0.005947437782973227,0.008986005824210176,-0.013447879674117424,0.008596065031100775,0.003198767719890805,0.040000000000000036,2024-12-26,0.007305259257298635,76114.0,Evaluation
2024-12-26,76114,75868,76200,75760,9730,75562.0,75506.0,0.007305259257298635,75798.28571428571,76070.33333333333,0.0069066832469728105,0.009006453340484782,-0.004863635175064718,0.02147247497114635,0.0002774701271452962,-0.029999999999999805,2024-12-27,-0.004348740047823041,75783.0,Evaluation
2024-12-27,75783,76160,76445,75661,15260,76114.0,75562.0,-0.004348740047823041,75722.42857142857,76124.73333333334,0.007030883975658468,0.008995704149732546,-0.006958094189794761,0.022009143504470696,-3.7401324786245915e-05,-0.010000000000000231,2024-12-30,-0.0035100220366045543,75517.0,Evaluation
2024-12-30,75517,75443,76450,75336,10260,75783.0,76114.0,-0.0035100220366045543,75637.0,76176.46666666666,0.007073931629280855,0.009010120627917168,-0.007856532877882128,0.02098289731629821,0.0009124706135370531,0.04999999999999982,2024-12-31,0.009468066792907459,76232.0,Evaluation
2024-12-31,76232,75680,76970,75572,1920,75517.0,75783.0,0.009468066792907459,75785.71428571429,76216.23333333334,0.006104099032516698,0.008787988455412015,0.01384474205689501,0.01589839949892724,0.0028843908135463003,-0.03999999999999959,2025-01-01,-0.0002361213138839524,76214.0,Evaluation
2025-01-01,76214,76232,76302,76053,60,76232.0,75517.0,-0.0002361213138839524,75846.85714285714,76238.2,0.005534977384146561,0.008707375941005228,0.005647481065104376,0.008722122956786427,0.0035475720091133756,0.0,2025-01-02,0.008331802555960888,76849.0,Evaluation
2025-01-02,76849,76849,76849,76849,0,76214.0,76232.0,0.008331802555960888,76038.71428571429,76266.23333333334,0.00576265334287203,0.008770046588465833,0.01778666596032097,0.011064624776339294,0.0035475720091133756,0.0,2025-01-03,-0.0004684511184270823,76813.0,Evaluation
2025-01-03,76813,77246,78600,76613,60,76849.0,76214.0,-0.0004684511184270823,76217.42857142857,76270.36666666667,0.005843042784832667,0.008620551427386991,0.016555940816812775,0.0016169202884377398,0.0014101448434569175,-0.010000000000000231,2025-01-06,0.004374259565438132,77149.0,Evaluation
2025-01-06,77149,77309,77542,76545,27160,76813.0,76849.0,0.004374259565438132,76365.28571428571,76256.03333333334,0.005526293906788477,0.00838535859978008,0.013598024016606702,-0.00554273708091102,-4.8663755080835536e-05,0.029999999999999805,2025-01-07,0.0047311047453628685,77514.0,Evaluation
2025-01-07,77514,77189,77799,77100,21208,77149.0,76813.0,0.0047311047453628685,76612.57142857143,76327.26666666666,0.004823968245130109,0.0065107212879542365,0.022841534381061734,0.028350823195404384,-0.007072037449740498,0.020000000000000018,2025-01-08,0.0028768996568362404,77737.0,Evaluation
2025-01-08,77737,77450,78049,77361,21727,77514.0,77149.0,0.0028768996568362404,76929.71428571429,76408.73333333334,0.0038372322705996246,0.0065078016810836276,0.02939735423811851,0.03245985682599972,0.0005834850394434987,0.010000000000000231,2025-01-09,0.004257946666323731,78068.0,Evaluation
2025-01-09,78068,77849,78218,77765,14396,77737.0,77514.0,0.004257946666323731,77192.0,76484.73333333334,0.003061564059984736,0.006453956566101221,0.024084374016161147,0.030083918298411394,0.0036193852876458266,-0.020000000000000018,2025-01-10,0.004227084080545174,78398.0,Evaluation
2025-01-10,78398,78389,78728,78018,25071,78068.0,77737.0,0.004227084080545174,77504.0,76572.63333333333,0.002606721858015092,0.006474747454959388,0.028656152412942504,0.03480682673143165,0.0015819830568222226,0.020000000000000018,2025-01-13,-0.00304854715681524,78159.0,Evaluation
2025-01-13,78159,78203,78717,78090,17089,78398.0,78068.0,-0.00304854715681524,77691.14285714286,76628.43333333333,0.003007236728199309,0.006318284490968214,0.01704641569831744,0.021886644440086256,0.004514911894630824,0.04999999999999982,2025-01-14,-0.00010235545490600018,78151.0,Evaluation
2025-01-14,78151,78195,78415,77770,13273,78159.0,78398.0,-0.00010235545490600018,77882.28571428571,76706.3,0.0029512635724025043,0.00606187165790453,0.01741892648379828,0.030811844621776663,0.001346768679196586,0.0,2025-01-15,0.006487440979642045,78658.0,Evaluation
2025-01-15,78658,78323,78706,78228,16143,78151.0,78159.0,0.006487440979642045,78097.85714285714,76797.1,0.003269033986968372,0.006142924792053373,0.01955955359110284,0.035873258355940685,-0.00507607967622592,0.0,2025-01-16,0.006382059040402677,79160.0,Evaluation
2025-01-16,79160,78688,79190,78687,16603,78658.0,78151.0,0.006382059040402677,78333.0,76901.23333333334,0.0034859836602408366,0.006215608586591057,0.021234873700234802,0.0410858014624651,-0.001329404890354935,-0.09999999999999964,2025-01-17,-0.0019833249115714935,79003.0,Evaluation
2025-01-17,79003,79055,79149,78741,14402,79160.0,78658.0,-0.0019833249115714935,78513.85714285714,76989.56666666667,0.003967958109123149,0.006221282585289206,0.01628568120714724,0.034707215171636996,0.0017552929667545847,-0.050000000000000266,2025-01-20,-0.005987114413376737,78530.0,Evaluation
2025-01-20,78530,78890,79135,78430,17304,79003.0,79160.0,-0.005987114413376737,78579.85714285714,77067.73333333334,0.004910338384321015,0.006329222208775567,0.005917917712763288,0.030780337336746122,0.0003855187119501391,0.010000000000000231,2025-01-21,0.008264357570355374,79179.0,Evaluation
2025-01-21,79179,78855,79300,78782,14484,78530.0,79003.0,0.008264357570355374,78691.42857142857,77140.4,0.005565951723749583,0.006216345456152774,0.00996198882624566,0.02831205600072728,0.0003855187119501391,0.010000000000000231,2025-01-22,0.004496141653721253,79535.0,Evaluation
2025-01-22,79535,79267,79587,79257,14648,79179.0,78530.0,0.004496141653721253,78888.0,77200.06666666667,0.005277082012870976,0.006034267492945652,0.01760513824383625,0.02302398868094402,-0.008269626268188168,-0.010000000000000231,2025-01-23,0.0007418117809769864,79594.0,Evaluation
2025-01-23,79594,79400,79619,79251,14044,79535.0,79179.0,0.0007418117809769864,79094.14285714286,77243.63333333333,0.005216782845210609,0.005919840174194094,0.018464255095903992,0.01669498128680358,-0.0005832647406729397,0.010000000000000231,2025-01-24,0.004397316380631677,79944.0,Evaluation
2025-01-24,79944,79950,80221,79687,13556,79594.0,79535.0,0.004397316380631677,79277.85714285714,77328.43333333333,0.005015031646231133,0.005512094617489895,0.016349258816649392,0.03286821705426357,-0.0009661820692193901,0.029999999999999805,2025-01-27,-0.005428800160112046,79510.0,Evaluation
2025-01-27,79510,79944,80000,79431,18521,79944.0,79594.0,-0.005428800160112046,79327.85714285714,77425.7,0.005396900404849824,0.0052187111189936465,0.004421424962101961,0.03809797367871326,-0.005889271402521601,-0.029999999999999805,2025-01-28,0.00821280342095343,80163.0,Evaluation
2025-01-28,80163,79628,80199,79552,9023,79510.0,79944.0,0.00821280342095343,79493.57142857143,77548.26666666666,0.005920497616843071,0.005343668817917451,0.014682986722023283,0.04807415736213172,0.004943469027020697,-0.07000000000000028,2025-01-29,0.001833763706448055,80310.0,Evaluation
2025-01-29,80310,80247,80730,80195,11055,80163.0,79510.0,0.001833763706448055,79747.85714285714,77681.46666666666,0.004765378260540363,0.005294554717487309,0.02266649688017308,0.05236260712320151,0.0014872216046069031,0.0,2025-01-30,0.015303200099614056,81539.0,Evaluation
2025-01-30,81539,80509,81800,80380,3833,80310.0,80163.0,0.015303200099614056,80085.0,77862.26666666666,0.006452114933896697,0.005777938380549616,0.029805882872983913,0.07126059252446959,0.00046850018358046697,0.020000000000000018,2025-01-31,0.003642428776413631,81836.0,Evaluation
2025-01-31,81836,81890,82094,81551,1125,81539.0,80310.0,0.003642428776413631,80413.71428571429,78083.76666666666,0.006454144657248073,0.005094734061611718,0.02893065945810025,0.0883749384899788,-0.0018809148695124733,-0.009999999999999787,2025-02-01,-0.002113984065692409,81663.0,Evaluation
2025-02-01,81663,81200,82730,81003,13528,81836.0,81539.0,-0.002113984065692409,80709.28571428571,78279.66666666667,0.006783669697864576,0.00507927984352634,0.025994421690077152,0.07754730425144496,0.0029851585162887773,0.020000000000000018,2025-02-03,0.011780120740114919,82625.0,Evaluation
2025-02-03,82625,81243,83060,81202,25861,81663.0,81836.0,0.011780120740114919,81092.28571428571,78516.96666666666,0.007452482536472537,0.00521199013601326,0.03353597518262785,0.09428389796837333,0.0029851585162887773,0.020000000000000018,2025-02-04,0.0064992435703479234,83162.0,Evaluation
2025-02-04,83162,82661,83194,82309,21445,82625.0,81663.0,0.0064992435703479234,81614.0,78770.3,0.005950254175370263,0.005231136702140547,0.0459313293925292,0.10057965644106837,0.004873804120084646,-0.07000000000000028,2025-02-05,0.009788124383732999,83976.0,Evaluation
2025-02-05,83976,83324,84274,83276,29476,83162.0,82625.0,0.009788124383732999,82158.71428571429,79032.36666666667,0.006056825592599204,0.005317050816570632,0.04756558512031739,0.10329242977638797,-0.00775081520265819,-0.009999999999999787,2025-02-06,-0.0014289797084880984,83856.0,Evaluation
2025-02-06,83856,84043,84245,83371,26411,83976.0,83162.0,-0.0014289797084880984,82665.28571428571,79301.46666666666,0.006593359193877472,0.005197682851861902,0.044153903623459057,0.10652784925379044,-0.0010397452780187555,-0.07000000000000028,2025-02-07,0.006224957069261627,84378.0,Evaluation
2025-02-07,84378,84044,84690,83906,29656,83856.0,83976.0,0.006224957069261627,83070.85714285714,79596.83333333333,0.0052658514321097276,0.005053751411262117,0.034817694600129956,0.11733781797476062,0.0017706569481092949,0.020000000000000018,2025-02-10,0.011021830334921434,85308.0,Evaluation
2025-02-10,85308,84690,85427,84589,26703,84378.0,83856.0,0.011021830334921434,83566.85714285714,79899.36666666667,0.005690596301973654,0.005122215400743456,0.04242631604672753,0.11905761360058764,0.0017745474513990445,0.040000000000000036,2025-02-11,-0.0022858348572232234,85113.0,Evaluation
2025-02-11,85113,85498,85875,84436,36373,85308.0,84378.0,-0.0022858348572232234,84059.71428571429,80196.0,0.005731494742824049,0.0051906964884354595,0.04224679475405013,0.11676332432361503,0.001627355772674699,0.0,2025-02-12,-0.001045668699258595,85024.0,Evaluation
2025-02-12,85024,84631,85181,84180,28792,85113.0,85308.0,-0.001045668699258595,84402.42857142857,80468.5,0.0056030340126466726,0.005184559919956238,0.029034795763994037,0.10637744147614159,-0.0016013905667213724,0.010000000000000231,2025-02-13,0.004045916447120712,85368.0,Evaluation
2025-02-13,85368,85350,85580,85181,18828,85024.0,85113.0,0.004045916447120712,84717.57142857143,80753.66666666667,0.005504578490264928,0.005134026273373448,0.026526538563286017,0.11137437673310502,-0.0008050940496230341,0.08000000000000007,2025-02-14,-0.012147408865148535,84331.0,Evaluation
2025-02-14,84331,85500,85856,84285,35299,85368.0,85024.0,-0.012147408865148535,84768.28571428571,80993.06666666667,0.007413654183398886,0.005874107633190256,0.004227398304277319,0.09309258707177026,-0.0033951848688680286,-0.08000000000000007,2025-02-17,0.0050752392358681675,84759.0,Evaluation
2025-02-17,84759,84791,84895,84346,15711,84331.0,85368.0,0.0050752392358681675,84897.28571428571,81234.56666666667,0.007519947042297829,0.0058779635866411375,0.010768460217515763,0.09346698660887065,-0.005817358403228945,-0.040000000000000036,2025-02-18,0.011597588456683017,85742.0,Evaluation
2025-02-18,85742,84967,85775,84966,19944,84759.0,84331.0,0.011597588456683017,85092.14285714286,81501.4,0.008308759658138584,0.006083724281905795,0.016165351157884755,0.10297541711154268,-0.005817358403228945,-0.040000000000000036,2025-02-19,-0.00026824660026592007,85719.0,Evaluation
2025-02-19,85719,85730,86350,85610,25200,85742.0,84759.0,-0.00026824660026592007,85150.85714285714,81756.43333333333,0.00738298226082032,0.006114941762361084,0.004817836545224274,0.0980043039401548,0.001112866705308857,0.06000000000000005,2025-02-20,0.001294928778917237,85830.0,Evaluation
2025-02-20,85830,86280,86339,85400,20977,85719.0,85742.0,0.001294928778917237,85253.28571428571,82004.16666666667,0.0072638873937168735,0.00612038746588506,0.008424095026611678,0.09479833669226245,0.003465299087285434,-0.020000000000000018,2025-02-21,-0.00040778282651754427,85795.0,Evaluation
2025-02-21,85795,85630,85850,85325,17775,85830.0,85719.0,-0.00040778282651754427,85363.42857142857,82258.7,0.007234643549701064,0.006048342197539964,0.009068027850959837,0.0976982817078007,-0.004846878261230425,-0.03000000000000025,2025-02-24,0.002739087359403314,86030.0,Evaluation
2025-02-24,86030,85847,86240,85730,22067,85795.0,85830.0,0.002739087359403314,85458.0,82521.33333333333,0.007168926454615584,0.006018157464216019,0.007754662168494075,0.10081764788678327,0.00022185054825407668,-0.04999999999999982,2025-02-25,-0.0051261187957689636,85589.0,Evaluation
2025-02-25,85589,86177,86380,85130,23226,86030.0,85795.0,-0.0051261187957689636,85637.71428571429,82752.36666666667,0.005231653356991643,0.00617256346643612,0.014917408782061159,0.08811563985862847,0.0004034896744395944,-0.020000000000000018,2025-02-26,0.0028975686127890032,85837.0,Evaluation
2025-02-26,85837,85941,85941,85300,10503,85589.0,86030.0,0.0028975686127890032,85791.71428571429,82974.93333333333,0.005090107136485244,0.006136237568465597,0.012718413383829397,0.08434815563415876,0.0014395548151182602,-0.06000000000000005,2025-02-27,-0.008318091266004135,85123.0,Evaluation
2025-02-27,85123,85736,85875,84780,5943,85837.0,85589.0,-0.008318091266004135,85703.28571428571,83178.93333333333,0.004201169071680074,0.006406740767949356,-0.007219332415852153,0.0774654127058465,-0.0007301264296346588,-0.030000000000000027,2025-02-28,-0.010032541146341223,84269.0,Evaluation
2025-02-28,84269,84960,85000,84083,30763,85123.0,85837.0,-0.010032541146341223,85496.14285714286,83370.23333333334,0.00536662138264804,0.006630420821623968,-0.016915736301170048,0.07308035145804159,0.005406883287686792,0.030000000000000027,2025-03-03,0.012887301380104299,85355.0,Evaluation
2025-03-03,85355,84470,85399,84470,22181,84269.0,85123.0,0.012887301380104299,85428.28571428571,83576.1,0.007896854156642548,0.006822939433403301,-0.005534195502737926,0.07800047992523274,0.002423216618843149,-0.05999999999999983,2025-03-04,0.007638685490012342,86007.0,Evaluation
2025-03-04,86007,85391,86286,85346,27305,85355.0,84269.0,0.007638685490012342,85458.57142857143,83791.83333333333,0.008518798829315376,0.006878079591281207,0.00247100646890841,0.08137298044885899,-0.004135468757917149,-0.06000000000000005,2025-03-05,-0.001848686734800653,85848.0,Evaluation
2025-03-05,85848,86250,86250,85450,26706,86007.0,85355.0,-0.001848686734800653,85432.57142857143,84000.3,0.008483793184245799,0.006918793834533745,-0.0021155410903173077,0.0785737618413449,0.0019303326810176102,0.07000000000000006,2025-03-06,0.0017938682322244937,86002.0,Evaluation
2025-03-06,86002,86089,86148,85400,24359,85848.0,86007.0,0.0017938682322244937,85491.57142857143,84202.23333333334,0.008223024055645654,0.006911116128848018,0.004825386439846202,0.07577804463124194,-0.011661247251880114,0.06999999999999984,2025-03-07,-0.0012325294760586747,85896.0,Evaluation
2025-03-07,85896,85799,86315,85703,26919,86002.0,85848.0,-0.0012325294760586747,85500.0,84415.1,0.008188575995863742,0.006787285401668602,0.0006873492782832891,0.08031694126524958,-0.0031153165117309145,0.010000000000000009,2025-03-10,-0.005075905746484088,85460.0,Evaluation
2025-03-10,85460,85850,86110,85352,23266,85896.0,86002.0,-0.005075905746484088,85548.14285714286,84591.66666666667,0.007708940287104566,0.006841803812851526,0.0039589770097387955,0.06607786634731738,-0.0010189525168127211,0.040000000000000036,2025-03-11,0.007641001638193368,86113.0,Evaluation
2025-03-11,86113,85656,86171,85520,18913,85460.0,85896.0,0.007641001638193368,85811.57142857143,84785.1,0.006439744041476932,0.006914091596715718,0.021882305474136388,0.07225750217905613,0.0022749389989316082,-0.08000000000000007,2025-03-12,0.006363731376215043,86661.0,Evaluation
2025-03-12,86661,86197,86700,85845,26010,86113.0,85460.0,0.006363731376215043,85998.14285714286,84955.83333333333,0.0051282920562842,0.006517931466473346,0.015300802530607394,0.0628165663056941,-0.0017605410713720238,0.06000000000000005,2025-03-13,0.011920010154510052,87694.0,Evaluation
2025-03-13,87694,86746,87796,86530,26749,86661.0,86113.0,0.011920010154510052,86239.14285714286,85151.1,0.006058377482602912,0.006758294306551301,0.019614682525840976,0.07158218876777944,-0.001422499934547572,0.020000000000000018,2025-03-14,0.0026227564029466244,87924.0,Evaluation
2025-03-14,87924,87909,88248,87627,12655,87694.0,86661.0,0.0026227564029466244,86535.71428571429,85359.8,0.005713109120683001,0.006706038623661274,0.024182275649986096,0.07666874839278504,0.0010860722162546743,-0.010000000000000009,2025-03-17,0.0005914198626086886,87976.0,Evaluation
2025-03-17,87976,87701,88125,87679,17635,87924.0,87694.0,0.0005914198626086886,86817.71428571429,85538.16666666667,0.005788201059659836,0.006478662599802688,0.022952954582451612,0.06476248108925864,-0.0024515269862408484,0.029999999999999805,2025-03-18,0.0077748476857324444,88660.0,Evaluation
2025-03-18,88660,88299,88775,88241,22231,87976.0,87924.0,0.0077748476857324444,87212.57142857143,85721.43333333333,0.005621436202659061,0.006512532044272833,0.03217844835615158,0.06611192612010286,-0.002588822714174599,0.010000000000000231,2025-03-19,-0.0010827881795624217,88564.0,Evaluation
2025-03-19,88564,88776,88968,88405,19141,88660.0,87976.0,-0.0010827881795624217,87656.0,85874.36666666667,0.004590016422456168,0.006374235871687826,0.036321085888134874,0.05463465752119645,0.0009507947750955204,-0.030000000000000027,2025-03-20,0.0009258841064088141,88646.0,Evaluation
2025-03-20,88646,88850,89000,88320,18484,88564.0,88660.0,0.0009258841064088141,88017.85714285714,86034.03333333334,0.0046759228412405485,0.006347617505896702,0.02941483864224903,0.05712173249379893,0.0024910748438098373,-0.050000000000000044,2025-03-21,-0.009712790199219334,87785.0,Evaluation
2025-03-21,87785,88450,88483,87355,26283,88646.0,88564.0,-0.009712790199219334,88178.42857142857,86147.6,0.0068537376017799865,0.00663141386262346,0.012970078812845509,0.04037782360330899,0.0014658117687833538,-0.010000000000000009,2025-03-24,-0.005376772797174967,87313.0,Evaluation
2025-03-24,87313,87879,87930,87191,17733,87785.0,88646.0,-0.005376772797174967,88124.0,86214.43333333333,0.005632719189356871,0.006480099287636637,-0.004344652997924636,0.023503071224269645,0.0022455054173116107,-0.010000000000000009,2025-03-25,0.0028976212018829717,87566.0,Evaluation
2025-03-25,87566,86802,87949,86802,16920,87313.0,87785.0,0.0028976212018829717,88072.85714285714,86296.2,0.005659889078033002,0.0064642071326584845,-0.004071698284882408,0.02882050920540924,-0.0005725920839738663,0.06000000000000005,2025-03-26,-0.0006851974510654335,87506.0,Evaluation
2025-03-26,87506,87552,87844,87341,17163,87566.0,87313.0,-0.0006851974510654335,88005.71428571429,86378.93333333333,0.005636788772138286,0.006460669603049363,-0.005342366099845397,0.0291917576213776,-0.0011260297506410222,-0.020000000000000018,2025-03-27,0.008079445980847089,88213.0,Evaluation
2025-03-27,88213,87666,88375,87665,19889,87506.0,87566.0,0.008079445980847089,87941.85714285714,86473.76666666666,0.005714221443166355,0.006567761567688846,-0.0050417324610873004,0.03332630493861877,0.0014509712146033582,0.020000000000000018,2025-03-28,0.006189563896477734,88759.0,Evaluation
2025-03-28,88759,88280,88850,88280,16479,88213.0,87506.0,0.006189563896477734,87969.71428571429,86621.36666666667,0.0062688604305927206,0.006129662225805797,0.0022017975701187353,0.05250738162715973,0.0009997116521065497,0.010000000000000009,2025-03-31,0.015536452641422338,90138.0,Evaluation
2025-03-31,90138,88887,90298,88887,3264,88759.0,88213.0,0.015536452641422338,88182.85714285714,86800.66666666667,0.00852589084776545,0.00660586233243413,0.01683099068203875,0.06346228719074087,0.00044396047564698726,-0.09000000000000008,2025-04-01,0.003006501142692297,90409.0,Evaluation
2025-04-01,90409,90360,90920,90011,28184,90138.0,88759.0,0.003006501142692297,88557.71428571429,86956.23333333334,0.006661021274409479,0.00636043308658218,0.029891211482599545,0.054430734062653086,0.0022844721548314073,-0.04999999999999982,2025-04-02,-0.0004977380570518886,90364.0,Evaluation
2025-04-02,90364,90710,90749,90128,24651,90409.0,90138.0,-0.0004977380570518886,88993.57142857143,87111.06666666667,0.005668972621408699,0.006363128572297259,0.03494325014602628,0.05418868628892071,-0.0021600931278731306,-0.010000000000000009,2025-04-03,-0.006650878668496341,89763.0,Evaluation
2025-04-03,89763,90630,90937,88512,76839,90364.0,90409.0,-0.006650878668496341,89307.42857142857,87242.16666666667,0.007185984933487521,0.0065467407571237,0.025089646666514476,0.04582313876267041,-0.00041681892025713374,0.039999999999999813,2025-04-04,-0.020309036017067128,87940.0,Evaluation
2025-04-04,87940,89237,90407,87773,74078,89763.0,90364.0,-0.020309036017067128,89369.42857142857,87313.66666666667,0.011596349366586338,0.007661670376073141,0.004959659909034908,0.025001456961361468,-0.013051793345682294,-0.09999999999999987,2025-04-07,-0.012747327723447777,86819.0,Evaluation
2025-04-07,86819,88001,88569,86651,53976,87940.0,89763.0,-0.012747327723447777,89170.28571428571,87339.96666666666,0.01206900135967138,0.008042382290772997,-0.015802659471959912,0.009171219342089865,0.008669014107090645,0.050000000000000044,2025-04-08,0.007256476116979105,87449.0,Evaluation
2025-04-08,87449,87148,88145,87148,34767,86819.0,87940.0,0.007256476116979105,88983.14285714286,87401.96666666666,0.012198800457081762,0.008070108339218587,-0.014759066686195199,0.021731764595917635,0.008069919698218575,0.1299999999999999,2025-04-09,0.023327882537250266,89489.0,Evaluation
2025-04-09,89489,87650,90439,87650,67769,87449.0,86819.0,0.023327882537250266,88890.42857142857,87523.7,0.01425405979316015,0.009059139977608167,-0.00720007100224096,0.04254575532695681,0.00030434871739881686,0.08000000000000007,2025-04-10,0.024103521103152392,91646.0,Evaluation
2025-04-10,91646,90439,91948,90240,34870,89489.0,87449.0,0.024103521103152392,89067.14285714286,87741.13333333333,0.017162432844623283,0.009762760808200679,0.0136822661460696,0.07663028793628035,-0.0018822891410518183,0.029999999999999805,2025-04-11,0.01782947428147441,93280.0,Evaluation
2025-04-11,93280,91999,93484,91999,48636,91646.0,89489.0,0.01782947428147441,89483.71428571429,88041.5,0.01807906581072785,0.009853266813477994,0.03226948784914341,0.106931374526813,-0.012153710079919167,0.14000000000000012,2025-04-14,-0.004770583190394473,92835.0,Evaluation
2025-04-14,92835,93549,93549,92334,24038,93280.0,91646.0,-0.004770583190394473,89922.57142857143,88290.83333333333,0.017895569472281138,0.009796637108508038,0.03422345509842595,0.08763399917989578,-0.008575494248095339,0.06999999999999984,2025-04-15,0.002542144665266255,93071.0,Evaluation
2025-04-15,93071,92835,93165,92625,22481,92835.0,93280.0,0.002542144665266255,90655.57142857143,88526.3,0.014226892703398828,0.009754838462680101,0.05834659995451452,0.08213284965177259,-0.002874622126284976,-0.1299999999999999,2025-04-16,0.0224774634418885,95163.0,Evaluation
2025-04-16,95163,93550,95268,93550,46672,93071.0,92835.0,0.0224774634418885,91847.57142857143,88836.8,0.011552793151736103,0.010357796396703447,0.09610799479376642,0.1085057310595472,0.0009396748175234393,0.010000000000000231,2025-04-17,-0.003982640311885888,94784.0,Evaluation
2025-04-17,94784,95345,95476,93856,49630,95163.0,93071.0,-0.003982640311885888,92895.42857142857,89129.53333333334,0.013189964277037261,0.010443774742412613,0.08387746000526031,0.10211390432780632,-0.004068640124095024,-0.040000000000000036,2025-04-21,0.02126941255908177,96800.0,Evaluation
2025-04-21,96800,95550,96900,94037,35929,94784.0,95163.0,0.02126941255908177,93939.85714285714,89493.0,0.012906021864094787,0.010904974403703688,0.08169719183363311,0.12694421160473124,-0.0011638124970558827,-0.010000000000000231,2025-04-22,0.002654958677686059,97057.0,Evaluation
2025-04-22,97057,96964,99704,96303,80406,96800.0,94784.0,0.002654958677686059,94712.85714285714,89879.56666666667,0.011879526438206264,0.01077245191884307,0.059042402287061035,0.13570091270769957,-0.005464014343037782,0.0900000000000003,2025-04-23,-0.02603624674160543,94530.0,Evaluation
2025-04-23,94530,96000,96000,93896,68188,97057.0,96800.0,-0.02603624674160543,94891.42857142857,90160.13333333333,0.016628390199954886,0.012087445213941282,0.01340051457975977,0.09774366239708288,0.0008420914936495549,-0.06000000000000005,2025-04-24,0.013508938961176442,95807.0,Evaluation
2025-04-24,95807,95200,95997,95050,42952,94530.0,97057.0,0.013508938961176442,95316.0,90465.0,0.01681811358168918,0.012221908894379643,0.03201378790326914,0.10553766977071577,0.0049641595360139235,-0.03000000000000025,2025-04-25,-0.007682110910476325,95071.0,Evaluation
2025-04-25,95071,95977,96101,94268,36140,95807.0,94530.0,-0.007682110910476325,95601.71428571429,90710.9,0.01746166836940352,0.012275792381163882,0.021488970785744188,0.08412206080233542,-0.0008136544382776334,-0.08999999999999986,2025-04-28,0.011444078635966859,96159.0,Evaluation
2025-04-28,96159,94809,96262,94300,27164,95071.0,95807.0,0.011444078635966859,95744.0,90985.4,0.01585251268067092,0.012377405052631707,0.010466252640206841,0.0936604340111915,-0.0003197068784162038,0.0,2025-04-29,-0.006239665553926299,95559.0,Evaluation
2025-04-29,95559,95303,95856,95097,5766,96159.0,95071.0,-0.006239665553926299,95854.71428571429,91238.16666666667,0.016007105040370777,0.012486787894988373,0.008176485482781937,0.08619396198963347,-0.0013687504984302157,-0.040000000000000036,2025-04-30,-0.008800845550916203,94718.0,Evaluation
2025-04-30,94718,95350,95373,93707,61401,95559.0,96159.0,-0.008800845550916203,95557.28571428571,91440.1,0.013600783352368886,0.0126266134163332,-0.021508264462809956,0.06832844574780061,-0.0010039309764859894,-0.020000000000000018,2025-05-01,-0.024662682911379075,92382.0,Evaluation
2025-05-01,92382,94002,95155,91880,38519,94718.0,95559.0,-0.024662682911379075,94889.42857142857,91567.36666666667,0.015488682692418735,0.01354391826852655,-0.048167571633163986,0.04311006729596678,-1.8761052707039205e-05,-0.020000000000000018,2025-05-02,0.0033556320495333747,92692.0,Evaluation
2025-05-02,92692,92948,93446,92425,52253,92382.0,94718.0,0.0033556320495333747,94626.85714285714,91702.23333333334,0.013268894091893524,0.013547652641771506,-0.01944356289008775,0.04564221735893326,0.004473371448894259,0.06000000000000005,2025-05-05,0.021307124670953304,94667.0,Evaluation
2025-05-05,94667,93311,94842,92956,41560,92692.0,92382.0,0.021307124670953304,94464.0,91931.63333333333,0.015064858926332324,0.013836908037044482,-0.011898921790683303,0.07839608133507991,-0.005232234723750562,0.06000000000000005,2025-05-06,0.029503417241488528,97460.0,Evaluation
2025-05-06,97460,94978,97500,94978,49584,94667.0,92692.0,0.029503417241488528,94805.28571428571,92269.86666666667,0.018687903348368312,0.014587606016669486,0.025128588107835137,0.11621408037749248,-0.001917610505468681,0.020000000000000018,2025-05-07,-0.004052944797865776,97065.0,Evaluation
2025-05-07,97065,96666,97375,96518,37216,97460.0,94667.0,-0.004052944797865776,94934.71428571429,92586.5,0.0185350424601419,0.014657038204107999,0.009421894986428647,0.10847817646118352,-0.0017961529936292298,-0.040000000000000036,2025-05-08,-0.00939576572399936,96153.0,Evaluation
2025-05-08,96153,97200,97299,95364,71860,97065.0,97460.0,-0.00939576572399936,95019.57142857143,92874.73333333334,0.01879094622943449,0.014828944461932786,0.006216055002668419,0.09881608118300456,0.0006170022213718429,-0.03000000000000025,2025-05-09,0.0035048308425114083,96490.0,Evaluation
2025-05-09,96490,96081,96733,95831,36158,96153.0,97065.0,0.0035048308425114083,95272.71428571429,93150.63333333333,0.018286105577295583,0.014801087526626374,0.018708165290652223,0.09382970763946363,0.005239237780161554,0.07000000000000028,2025-05-12,-0.03670846719867349,92948.0,Evaluation
2025-05-12,92948,95840,95840,92460,68480,96490.0,96153.0,-0.03670846719867349,95353.57142857143,93290.26666666666,0.021572135825497864,0.01647033965273568,0.006126734645277132,0.04719521400646687,-0.001936348943602395,0.0,2025-05-13,0.0076494383956620116,93659.0,Evaluation
2025-05-13,93659,93000,94163,92910,42601,92948.0,96490.0,0.0076494383956620116,95491.71428571429,93407.63333333333,0.02170846265232218,0.01630346662999119,0.010432399775600842,0.03906232665468501,0.007894279340935562,0.08000000000000007,2025-05-14,-0.014456699302789922,92305.0,Evaluation
2025-05-14,92305,93439,93650,92076,50124,93659.0,92948.0,-0.014456699302789922,95154.28571428571,93470.83333333333,0.020495846282620512,0.01655421005169206,-0.0249506163710691,0.02097136347045092,-0.004275777960794036,0.009999999999999787,2025-05-15,0.009208601917555903,93155.0,Evaluation
2025-05-15,93155,91960,93417,90970,64255,92305.0,93659.0,0.009208601917555903,94539.28571428571,93563.86666666667,0.0160055962020124,0.016622185706871358,-0.0441719679868664,0.030886193616927127,-0.002307286291368671,-0.009999999999999787,2025-05-16,-0.007643175352906484,92443.0,Evaluation
2025-05-16,92443,92889,93549,91668,61604,93155.0,92305.0,-0.007643175352906484,93879.0,93653.2,0.015978283330725266,0.016639218941619873,-0.04761757585123372,0.029856399630137087,0.001164055150780996,-0.050000000000000266,2025-05-19,0.00942202221909727,93314.0,Evaluation
2025-05-19,93314,92871,93790,92871,39790,92443.0,93155.0,0.00942202221909727,93473.42857142857,93832.33333333333,0.017024292565661226,0.016198751609788425,-0.029525859827566503,0.061109847623379565,0.0020868378584792957,-0.020000000000000018,2025-05-20,0.015506783548020708,94761.0,Evaluation
2025-05-20,94761,93010,94800,92800,48431,93314.0,92443.0,0.015506783548020708,93226.42857142857,94097.06666666667,0.01846655876482873,0.016126573795513043,-0.017918955332158815,0.09147767193817025,-0.0053228268915292976,0.010000000000000231,2025-05-21,0.007513639577463316,95473.0,Evaluation
2025-05-21,95473,95000,95640,94922,37674,94761.0,93314.0,0.007513639577463316,93587.14285714286,94364.53333333334,0.010729398730202247,0.016128956123989843,0.027165727073202195,0.09175633797985117,-0.0008062500306325049,0.029999999999999805,2025-05-22,-0.00012568998565043454,95461.0,Evaluation
2025-05-22,95461,95900,96243,95120,47922,95473.0,94761.0,-0.00012568998565043454,93844.57142857143,94563.6,0.010677164076341901,0.01567451173541524,0.019240008968705702,0.06673445898378572,-0.004662364831887533,0.10000000000000009,2025-05-23,0.007846136118414782,96210.0,Evaluation
2025-05-23,96210,95529,96359,95440,36730,95461.0,95473.0,0.007846136118414782,94402.42857142857,94715.73333333334,0.007546891039472069,0.01516661013213271,0.042305400574183416,0.049800318617288175,0.0024090428223173532,-0.029999999999999805,2025-05-26,-0.004115996258185262,95814.0,Evaluation
2025-05-26,95814,95867,95991,95390,23656,96210.0,95461.0,-0.004115996258185262,94782.28571428571,94800.2,0.008239880458871682,0.014890186120000334,0.02854382480811557,0.027165523156089222,-0.005401379351031466,-0.020000000000000018,2025-05-27,-0.007921598096311655,95055.0,Evaluation
2025-05-27,95055,95782,96004,94905,29463,95814.0,96210.0,-0.007921598096311655,95155.42857142857,94874.2,0.008306180331642888,0.014943323492281939,0.028255249180576092,0.02391339473259002,-0.005401379351031466,-0.020000000000000018,2025-05-28,0.0012834674662036694,95177.0,Evaluation
2025-05-28,95177,94941,95750,94940,19680,95055.0,95814.0,0.0012834674662036694,95421.57142857143,94944.4,0.007987136237245479,0.014940309937426972,0.01996484986175706,0.02262788623738876,0.001863512151961011,-0.07000000000000028,2025-05-29,0.0012397953287033303,95295.0,Evaluation
2025-05-29,95295,94940,95600,94451,25080,95177.0,95055.0,0.0012397953287033303,95497.85714285714,94948.8,0.005718920310230095,0.014372782208446988,0.005635229683097487,0.0013870937234008451,0.0031157002842696624,0.040000000000000036,2025-05-30,-0.006117844587858801,94712.0,Evaluation
2025-05-30,94712,94820,95190,94418,7692,95295.0,95177.0,-0.006117844587858801,95389.14285714286,94946.4,0.005368751948271023,0.014399196875854866,-0.007970839923329143,-0.0007596218771100949,-0.003501141088362192,-0.040000000000000036,2025-06-02,0.028306867134048508,97393.0,Evaluation
2025-06-02,97393,95673,97478,95660,51925,94712.0,95295.0,0.028306867134048508,95665.14285714286,94966.16666666667,0.012402878433004522,0.014807907463009211,0.02023863148301408,0.006126033057851199,0.0016921448120583715,-0.040000000000000036,2025-06-03,-0.0018995204994198822,97208.0,Evaluation
2025-06-03,97208,97250,97429,96760,29688,97393.0,94712.0,-0.0018995204994198822,95807.71428571429,94971.2,0.012305866635009223,0.014806382677663349,0.01037314208502238,0.0015557868056914614,-0.004757430970850907,0.06000000000000005,2025-06-04,0.007869722656571376,97973.0,Evaluation
2025-06-04,97973,97397,98052,97150,39705,97208.0,97393.0,0.007869722656571376,96116.14285714286,95085.96666666666,0.012221396958516676,0.014010646501892878,0.022533241488717826,0.036422299799005575,0.002237018321105788,0.010000000000000231,2025-06-05,-0.005695446704704343,97415.0,Evaluation
2025-06-05,97415,97870,98658,97120,55501,97973.0,97208.0,-0.005695446704704343,96453.28571428571,95139.56666666667,0.011907118207246518,0.013871058185714014,0.024827731313450174,0.01678374231527968,-0.0033369230161238717,-0.08000000000000007,2025-06-06,-0.007904326849047849,96645.0,Evaluation
2025-06-06,96645,97597,98076,96460,46210,97415.0,97973.0,-0.007904326849047849,96663.0,95192.03333333334,0.012682281571238296,0.013875718493104315,0.01542389442827563,0.016556047585488676,-0.000778991837520393,0.04999999999999982,2025-06-09,0.0006001345129080793,96703.0,Evaluation
2025-06-09,96703,96408,96827,95856,33278,96645.0,97415.0,0.0006001345129080793,96864.14285714286,95210.16666666667,0.012693132564360457,0.013725008910375452,0.014775171834828793,0.005657296768893261,0.0016650187335276456,0.0900000000000003,2025-06-10,-0.002698985553705624,96442.0,Evaluation
2025-06-10,96442,96477,96950,95877,39304,96703.0,96645.0,-0.002698985553705624,97111.28571428571,95239.6,0.012383269949418789,0.01368217578960815,0.018265900836219373,0.009240364591508898,-0.0020691476630267935,-0.020000000000000018,2025-06-11,-0.0018145621202381168,96267.0,Evaluation
2025-06-11,96267,96668,97091,96190,41023,96442.0,96703.0,-0.0018145621202381168,96950.42857142857,95291.23333333334,0.005039182688220196,0.013579289822539345,-0.011561405850523121,0.01635380814628684,0.0011429960888360569,0.0,2025-06-12,0.01577903123604152,97786.0,Evaluation
2025-06-12,97786,96789,98000,96789,58023,96267.0,96442.0,0.01577903123604152,97033.0,95471.36666666667,0.008280361245838991,0.012975788211847382,0.005946012673853973,0.05849624385702845,-0.0038125214273617702,-0.040000000000000036,2025-06-13,0.018090524205919056,99555.0,Evaluation
2025-06-13,99555,98190,99890,98190,56997,97786.0,96267.0,0.018090524205919056,97259.0,95700.13333333333,0.010359215089447543,0.013304438098835258,0.016147305890398478,0.07404090967936816,-0.003439010838647616,-0.03000000000000025,2025-06-16,-0.009652955652654338,98594.0,Evaluation
2025-06-16,98594,99818,99929,98251,43351,99555.0,97786.0,-0.009652955652654338,97427.42857142857,95831.03333333334,0.010961131890080071,0.012989879088949264,0.012102858902633074,0.04148224830194258,0.0012665148291244321,0.020000000000000018,2025-06-17,0.003215205793456022,98911.0,Evaluation
2025-06-17,98911,98440,99090,98260,38156,98594.0,99555.0,0.003215205793456022,97751.14285714286,95879.4,0.010096888271616205,0.011869684159829821,0.023446634590511772,0.014888159244818455,-0.0013962243765817117,0.03000000000000025,2025-06-18,0.0013547532630344694,99045.0,Evaluation
2025-06-18,99045,98905,99250,98617,34285,98911.0,98594.0,0.0013547532630344694,98085.71428571429,95945.4,0.010066496165218772,0.011838217833574584,0.02421848339761956,0.020398701900788074,0.002898719586539311,-0.08000000000000007,2025-06-19,-0.001787066484931099,98868.0,Evaluation
2025-06-19,98868,98800,99040,98254,33811,99045.0,98911.0,-0.001787066484931099,98432.28571428571,96035.9,0.009978911617821246,0.01169417917106599,0.025155015449700446,0.028236248478986647,0.001872954438329355,-0.010000000000000231,2025-06-20,-0.0029736618521665203,98574.0,Evaluation
2025-06-20,98574,98680,98680,98017,32491,98868.0,99045.0,-0.0029736618521665203,98761.85714285714,96105.36666666667,0.010092659780464237,0.01170604378084999,0.023964598460531672,0.021598093066639068,0.001872954438329355,-0.010000000000000231,2025-06-23,0.0028202162842128065,98852.0,Evaluation
2025-06-23,98852,98573,99231,98350,37025,98574.0,98868.0,0.0028202162842128065,98914.14285714286,96302.16666666667,0.00851579354989402,0.00932309795273046,0.010901356022334552,0.06351938718423211,0.0025701873180348223,-0.020000000000000018,2025-06-24,-0.023580706510743288,96521.0,Evaluation
2025-06-24,96521,98111,98294,96265,46784,98852.0,98574.0,-0.023580706510743288,98480.71428571429,96397.56666666667,0.009553267320960498,0.010366832919298784,-0.030475616493395585,0.030557661303238337,0.0010624516691890573,-0.009999999999999787,2025-06-25,0.0024761450875974145,96760.0,Evaluation
2025-06-25,96760,96926,96999,96483,25767,96521.0,98852.0,0.0024761450875974145,98218.71428571429,96546.06666666667,0.009535743307122,0.009945530814079215,-0.018601537618922026,0.04826390769730793,-0.006642766242962228,-0.03000000000000025,2025-06-26,-0.003183133526250548,96452.0,Evaluation
2025-06-26,96452,97010,97079,96028,20511,96760.0,96521.0,-0.003183133526250548,97867.42857142857,96655.96666666666,0.009181090173842887,0.00987658301301127,-0.024860733386579903,0.035392625194568206,-0.0002567202123550105,0.0,2025-06-27,-0.016007962509849483,94908.0,Evaluation
2025-06-27,94908,95910,95910,94518,27196,96452.0,96760.0,-0.016007962509849483,97276.42857142857,96738.13333333333,0.00994749638497542,0.010246204933880149,-0.041768892927457224,0.026665080103415173,-0.005721593968766814,-0.029999999999999805,2025-06-30,0.008113120074177083,95678.0,Evaluation
2025-06-30,95678,95100,95765,94778,9095,94908.0,96452.0,0.008113120074177083,96820.71428571429,96816.93333333333,0.011268048737107223,0.010211517526421448,-0.03226524254561636,0.025333819148252168,0.00011617692659382506,0.020000000000000018,2025-07-01,0.016315140366646386,97239.0,Evaluation
2025-07-01,97239,96298,97623,96298,46217,95678.0,94908.0,0.016315140366646386,96630.0,96899.53333333334,0.013809477067950077,0.010252416471607788,-0.013543124961957531,0.02614999841707033,-0.0020909417594999757,-0.050000000000000044,2025-07-02,0.0011518012320159698,97351.0,Evaluation
2025-07-02,97351,97198,97459,96962,31271,97239.0,95678.0,0.0011518012320159698,96415.57142857143,96962.13333333333,0.013729322927909592,0.010176662658572665,-0.015184315947072369,0.019670482754286622,-0.0005460234086600568,0.020000000000000018,2025-07-03,-0.0056496594796150434,96801.0,Evaluation
2025-07-03,96801,97499,97795,96465,46469,97351.0,97239.0,-0.0056496594796150434,96455.57142857143,97006.8,0.010298003851811564,0.010241871944486154,0.00290092311517709,0.014037146059647343,-0.00033432877841788056,0.030000000000000027,2025-07-04,0.0017148583175794485,96967.0,Evaluation
2025-07-04,96967,96894,97100,96801,16898,96801.0,97351.0,0.0017148583175794485,96485.14285714286,97032.03333333334,0.010277153829711132,0.010151315242961268,0.0021393137660190575,0.007868204968298542,-0.0005490190161746566,0.020000000000000018,2025-07-07,0.002722575721637366,97231.0,Evaluation
2025-07-07,97231,96500,97289,96350,30663,96967.0,96801.0,0.002722575721637366,96596.42857142857,97079.26666666666,0.010180667260467523,0.010125227237442224,0.008076556214490216,0.014789070490742517,-0.0005490190161746566,0.020000000000000018,2025-07-08,-0.007672450144501242,96485.0,Evaluation
2025-07-08,96485,97001,97228,96051,38763,97231.0,96967.0,-0.007672450144501242,96821.71428571429,97126.93333333333,0.008110199884544268,0.010118148194155987,0.016616091372697817,0.015043921939929428,0.00320283264926835,0.029999999999999805,2025-07-09,-0.00035238638130274946,96451.0,Evaluation
2025-07-09,96451,96600,96600,95836,32799,96485.0,97231.0,-0.00035238638130274946,96932.14285714286,97169.4,0.007736246753112109,0.010118451271748782,0.008079182257154205,0.013385586853966736,0.0018140763968599316,0.020000000000000018,2025-07-10,0.002353526661206251,96678.0,Evaluation
2025-07-10,96678,96540,96944,96359,28271,96451.0,96485.0,0.002353526661206251,96852.0,97215.5,0.004152006691733644,0.010123329045366053,-0.005769290099651325,0.014512828584920534,-0.000884534088358313,-0.06000000000000005,2025-07-11,0.01118144769233953,97759.0,Evaluation
2025-07-11,97759,96938,97993,96938,44005,96678.0,96451.0,0.01118144769233953,96910.28571428571,97317.06666666667,0.006180445952833596,0.010223812716565204,0.004191020123059941,0.03217121378494814,0.0008619314447124715,0.0,2025-07-14,-0.00010229237205783281,97749.0,Evaluation
2025-07-14,97749,97799,98398,97501,30766,97759.0,96678.0,-0.00010229237205783281,97045.71428571429,97328.93333333333,0.005568828025802988,0.008839483055770203,0.009793287259429073,0.003655293501586332,0.0007268369740549563,0.050000000000000266,2025-07-15,-0.00547320177188515,97214.0,Evaluation
2025-07-15,97214,97779,98045,97027,36738,97749.0,97759.0,-0.00547320177188515,97081.0,97329.13333333333,0.006136294480325632,0.008892109949861702,0.0025472583456227493,6.172331495357675e-05,0.0024974691756434186,-0.020000000000000018,2025-07-16,0.005595901824839933,97758.0,Evaluation
2025-07-16,97758,97011,98239,96600,40993,97214.0,97749.0,0.005595901824839933,97156.28571428571,97321.96666666666,0.00640917941023325,0.008832564225903202,0.005420082072590038,-0.0021944821532463576,0.002408898951846039,0.04999999999999982,2025-07-17,-0.0031097199206202575,97454.0,Evaluation
2025-07-17,97454,97482,97634,96838,33760,97758.0,97214.0,-0.0031097199206202575,97294.71428571429,97323.26666666666,0.005583986832882466,0.008787931375439555,0.010043011867129525,0.00040034902222441104,-0.0007717169873163732,-0.040000000000000036,2025-07-18,0.0052434994971986,97965.0,Evaluation
2025-07-18,97965,96968,98100,96967,26856,97454.0,97758.0,0.0052434994971986,97511.0,97367.26666666666,0.005683965279533326,0.008704982048996305,0.01569708971394812,0.013658233742045667,0.001834450972657553,-0.009999999999999787,2025-07-21,0.012780074516408835,99217.0,Evaluation
2025-07-21,99217,97965,99348,97965,39403,97965.0,97454.0,0.012780074516408835,97873.71428571429,97451.06666666667,0.006944630340855869,0.008989723045648634,0.026262438196900995,0.02599712521845232,-0.002340879852518074,-0.010000000000000231,2025-07-22,0.00958505094893014,100168.0,Evaluation
2025-07-22,100168,99350,100238,98960,41357,99217.0,97965.0,0.00958505094893014,98217.85714285714,97575.26666666666,0.006680362110395237,0.00909946869056764,0.024642232428727873,0.03863461977146887,-0.002990295456811398,-0.04999999999999982,2025-07-23,-0.008625509144637,99304.0,Evaluation
2025-07-23,99304,100157,100421,99123,39711,100168.0,99217.0,-0.008625509144637,98440.0,97676.5,0.008077582461246652,0.009263459843379077,0.015908091131367152,0.03154767469641717,-0.0026259186756902864,-0.020000000000000018,2025-07-24,-0.006404575847901439,98668.0,Evaluation
2025-07-24,98668,99010,99011,98235,30887,99304.0,100168.0,-0.006404575847901439,98647.71428571429,97705.9,0.008232855249023804,0.008928793911890418,0.014956693480362881,0.009019696071012273,-0.0009299721760346324,0.06999999999999984,2025-07-25,-0.00837150849312851,97842.0,Evaluation
2025-07-25,97842,98490,98590,97682,30927,98668.0,99304.0,-0.00837150849312851,98659.71428571429,97648.8,0.008922782565906815,0.008406354404911024,0.0008592647149081589,-0.017206569233087277,-2.7598965289699073e-05,-0.04999999999999982,2025-07-28,-0.0034443286114347327,97505.0,Evaluation
2025-07-28,97505,97905,98100,97255,19205,97842.0,98668.0,-0.0034443286114347327,98667.0,97612.5,0.008944069216601926,0.008249331019456182,0.0005233238245736516,-0.011045296874049093,0.0035068380414564615,-0.020000000000000018,2025-07-29,0.0063586482744475425,98125.0,Evaluation
2025-07-29,98125,97577,98244,97523,19819,97505.0,97842.0,0.0063586482744475425,98689.85714285714,97586.3,0.009059945797080422,0.008315705097404966,0.001633236359924517,-0.007946537796605035,0.005243958238356772,0.020000000000000018,2025-07-30,-0.001243312101910865,98003.0,Evaluation
2025-07-30,98003,98455,98750,97706,7875,98125.0,97505.0,-0.001243312101910865,98516.42857142857,97551.56666666667,0.007189593833891037,0.008312134004952345,-0.012235806363828816,-0.010520470493210143,0.002922524497387835,-0.07000000000000006,2025-07-31,0.003622338091691102,98358.0,Evaluation
2025-07-31,98358,98571,98848,98164,31223,98003.0,98125.0,0.003622338091691102,98257.85714285714,97534.56666666667,0.005854044592887618,0.008337821857112843,-0.018069642999760438,-0.00515839300886034,0.0036108902067830684,0.050000000000000044,2025-08-01,0.008967242115537122,99240.0,Evaluation
2025-08-01,99240,98300,99463,97900,49842,98358.0,98003.0,0.008967242115537122,98248.71428571429,97556.76666666666,0.006562991958799387,0.008481595724088072,-0.0006444856199145921,0.006756345486639503,0.0026094649114281054,0.020000000000000018,2025-08-04,0.013774687625957238,100607.0,Evaluation
2025-08-04,100607,99423,100725,99366,45987,99240.0,98358.0,0.013774687625957238,98525.71428571429,97615.26666666666,0.0076589913931503426,0.008824520240607439,0.019651761462682993,0.017753813782219963,-0.004180051100467486,-0.08000000000000007,2025-08-05,0.001570467263709352,100765.0,Evaluation
2025-08-05,100765,100649,100990,99970,44304,100607.0,99240.0,0.001570467263709352,98943.28571428571,97756.73333333334,0.00597729729890196,0.007548027432202235,0.02987469593834957,0.04396970607432582,-0.0018669737864669411,-0.04999999999999982,2025-08-06,-0.000774078300997405,100687.0,Evaluation
2025-08-06,100687,100602,100800,100155,36400,100765.0,100607.0,-0.000774078300997405,99397.85714285714,97887.63333333333,0.0054695920141184734,0.007556303576319019,0.032634223885954494,0.04058495245969418,-0.000642223597956515,0.010000000000000009,2025-08-07,0.001469901774806992,100835.0,Evaluation
2025-08-07,100835,100711,101519,100380,54311,100687.0,100765.0,0.001469901774806992,99785.0,98033.73333333334,0.00552109854070694,0.007507548167955433,0.027617834394904506,0.045442292539294105,-0.003308295053602528,0.019999999999999796,2025-08-08,0.003738781177170525,101212.0,Evaluation
2025-08-08,101212,101200,101584,100885,44871,100835.0,100687.0,0.003738781177170525,100243.42857142857,98243.86666666667,0.005046408325365534,0.006745726244044796,0.03274389559503277,0.06642221941248372,-3.236294293662567e-05,0.0,2025-08-11,-0.014099118681579315,99785.0,Evaluation
2025-08-11,99785,100810,100810,99630,44871,101212.0,100835.0,-0.014099118681579315,100447.28571428571,98380.76666666666,0.008732045980083418,0.007269356017220327,0.014508225055409829,0.04292522837015822,-0.0014223558827362037,0.0,2025-08-12,-0.0016535551435586937,99620.0,Evaluation
2025-08-12,99620,99848,99848,99225,36544,99785.0,101212.0,-0.0016535551435586937,100501.57142857143,98460.13333333333,0.008247719864395368,0.006719887449801737,0.003829101168883575,0.024486060119910835,0.002960952490964619,-0.009999999999999787,2025-08-13,0.00036137321822926616,99656.0,Evaluation
2025-08-13,99656,99528,100000,99528,26569,99620.0,99785.0,0.00036137321822926616,100365.71428571429,98536.96666666666,0.005891643021209203,0.006720125707639483,-0.009452622580933712,0.02367720927365924,-0.0034435558442676983,0.039999999999999813,2025-08-14,-0.0029501485108773817,99362.0,Evaluation
2025-08-14,99362,99543,99932,99208,30352,99656.0,99620.0,-0.0029501485108773817,100165.28571428571,98622.33333333333,0.005765747054931394,0.006648446929730919,-0.013923485337170693,0.02645633826096838,-0.0011939444732677051,-0.039999999999999813,2025-08-18,-0.003441959702904507,99020.0,Evaluation
2025-08-18,99020,99539,99588,98951,19836,99362.0,99656.0,-0.003441959702904507,99927.14285714286,98690.76666666666,0.005760405188551556,0.006692957379766999,-0.016556258504076937,0.021172151350459467,-0.0025438353643677525,0.050000000000000044,2025-08-19,-0.006675419107251113,98359.0,Evaluation
2025-08-19,98359,99061,99400,98274,25645,99020.0,99362.0,-0.006675419107251113,99573.42857142857,98728.36666666667,0.005678070477925264,0.006814834558768883,-0.024554966033619285,0.011601238288200255,0.0018655832710781084,0.010000000000000009,2025-08-20,0.005530759767789384,98903.0,Evaluation
2025-08-20,98903,98393,99035,98145,23007,98359.0,99020.0,0.005530759767789384,99243.57142857143,98808.96666666666,0.006086207038846085,0.006700443256448302,-0.022813500375449602,0.025060890293828075,0.0013287746905745745,-0.010000000000000009,2025-08-21,0.001334641011900617,99035.0,Evaluation
2025-08-21,99035,98913,99185,98541,24372,98903.0,98359.0,0.001334641011900617,99136.42857142857,98895.1,0.003922659934595094,0.006697107871983362,-0.007516159743448436,0.026790805694083097,0.0004415087837883469,-0.010000000000000009,2025-08-22,0.008300095925682927,99857.0,Evaluation
2025-08-22,99857,98986,99975,98760,32483,99035.0,98903.0,0.008300095925682927,99170.28571428571,99001.06666666667,0.005254210756100946,0.006828229507576957,0.0023790403533427984,0.03288235172428067,0.0025551497528062406,0.0,2025-08-25,0.0026137376448320815,100118.0,Evaluation
2025-08-25,100118,99510,100275,99510,20910,99857.0,99035.0,0.0026137376448320815,99236.28571428571,99079.7,0.005323438980092583,0.006566246410514426,0.004635947659950235,0.02413077056843882,-0.006663952304303722,-0.08999999999999986,2025-08-26,0.00412513234383427,100531.0,Evaluation
2025-08-26,100531,100199,100650,100199,22638,100118.0,99857.0,0.00412513234383427,99403.28571428571,99172.43333333333,0.0051908770527395644,0.006591174842015278,0.011765061089752615,0.028460649213802647,0.0011972323977738064,0.020000000000000018,2025-08-27,0.004336970685659081,100967.0,Evaluation
2025-08-27,100967,100416,101048,100400,15905,100531.0,100118.0,0.004336970685659081,99681.42857142857,99297.53333333334,0.004722141651616992,0.006503938847224438,0.019662694405170766,0.03860555064085425,0.0008802422160845147,-0.030000000000000027,2025-08-28,0.005090772232511531,101481.0,Evaluation
2025-08-28,101481,100813,101520,100813,17097,100967.0,100531.0,0.005090772232511531,100127.42857142857,99421.63333333333,0.002220839456402885,0.0064930354605631105,0.031740867637938486,0.03808383968575457,0.00165937371917102,-0.030000000000000027,2025-08-29,0.01658438525438255,103164.0,Evaluation
2025-08-29,103164,101390,103422,101390,25604,101481.0,100967.0,0.01658438525438255,100736.14285714286,99611.96666666666,0.005125723268151167,0.007010245117295862,0.04308261630082,0.058591745849323695,-0.003875673625042819,0.0,2025-09-01,0.0071730448606102115,103904.0,Evaluation
2025-09-01,103904,103975,104948,102900,7715,103164.0,101481.0,0.0071730448606102115,101431.71428571429,99809.93333333333,0.004685717262619001,0.007050492219034274,0.049164436815267276,0.06062369213494612,-0.0004265775260997584,0.010000000000000009,2025-09-02,0.017237064983061323,105695.0,Evaluation
2025-09-02,105695,104799,105788,104457,51598,103904.0,103164.0,0.017237064983061323,102265.71428571429,100025.86666666667,0.006129357089730445,0.007327271530204717,0.05846360295222164,0.06529123033351136,-0.0004265775260997584,0.010000000000000009,2025-09-03,0.013103741898859989,107080.0,Evaluation
2025-09-03,107080,105694,107136,105694,44257,105695.0,103904.0,0.013103741898859989,103260.28571428571,100256.26666666666,0.005820229580264616,0.007477243438154339,0.06953794522463497,0.069004073157096,0.003955636969857235,0.050000000000000044,2025-09-04,-0.007190885319387386,106310.0,Evaluation
2025-09-04,106310,106501,106720,105500,44391,107080.0,105695.0,-0.007190885319387386,104085.85714285714,100489.8,0.008547664607160511,0.0074095473791212525,0.05748475594592706,0.07055103520502692,-0.0014790729816868131,-0.050000000000000044,2025-09-05,0.012181356410497557,107605.0,Evaluation
2025-09-05,107605,106661,107682,106410,50562,106310.0,107080.0,0.012181356410497557,105034.14285714286,100787.7,0.008494112868452504,0.007433479137215766,0.06574425307278609,0.09057647869623375,0.002138496927933442,-0.030000000000000027,2025-09-08,0.007323079782537878,108393.0,Evaluation
2025-09-08,108393,107391,108599,107010,44715,107605.0,106310.0,0.007323079782537878,106021.57142857143,101139.4,0.008356290642698707,0.007158519813695236,0.06811127206077994,0.10783712516097377,-0.005255753215598458,-0.06000000000000005,2025-09-09,0.004742003634921055,108907.0,Evaluation
2025-09-09,108907,108600,109749,108500,62124,108393.0,107605.0,0.004742003634921055,106842.0,101519.46666666666,0.007864292021297625,0.007041959685142659,0.05566864410065531,0.11693759294395156,-0.000258890085758412,-0.030000000000000027,2025-09-10,-0.00021118936340180916,108884.0,Evaluation
2025-09-10,108884,108674,109250,108594,32594,108907.0,108393.0,-0.00021118936340180916,107553.42857142857,101878.1,0.008436177163799113,0.007059112631744466,0.047928857406837055,0.10964585987261155,0.0004979304246313099,0.020000000000000018,2025-09-11,-0.00012857720142533946,108870.0,Evaluation
2025-09-11,108870,108601,109050,108455,38282,108884.0,108907.0,-0.00012857720142533946,108007.0,102240.33333333333,0.007313781080450087,0.007036190980357527,0.030039263919769077,0.11088436068283625,-0.00028795682977833525,-0.030000000000000027,2025-09-12,0.0033709929273444406,109237.0,Evaluation
2025-09-12,109237,109222,109570,109050,30033,108870.0,108884.0,0.0033709929273444406,108315.14285714286,102602.96666666666,0.006191301348543742,0.007036233312924511,0.020143817706387734,0.11060615303279864,-0.001406066983399401,-0.020000000000000018,2025-09-15,0.007396761170665567,110045.0,Evaluation
2025-09-15,110045,109210,110196,108800,39771,109237.0,108870.0,0.007396761170665567,108848.71428571429,102963.13333333333,0.004451159512476042,0.007000110613382777,0.03513310130749692,0.10887746876259574,0.000897848664564771,0.030000000000000027,2025-09-16,-4.543595801720368e-05,110040.0,Evaluation
2025-09-16,110040,110001,110550,109850,38451,110045.0,109237.0,-4.543595801720368e-05,109196.57142857143,103277.56666666667,0.0034221770475443424,0.00674913608931911,0.022629059987918865,0.09376087150993473,-0.004137060213507904,-0.020000000000000018,2025-09-17,-0.003162486368593287,109692.0,Evaluation
2025-09-17,109692,109820,109875,109063,38342,110040.0,110045.0,-0.003162486368593287,109382.14285714286,103575.13333333333,0.0036098291899419412,0.0068387615569512564,0.011984168719382238,0.08859226914107077,-0.0035930427451650315,-0.010000000000000009,2025-09-18,-0.0067552784159282675,108951.0,Evaluation
2025-09-18,108951,109199,109694,108589,53408,109692.0,110040.0,-0.0067552784159282675,109388.42857142857,103850.6,0.004504499826926962,0.007032678738369865,0.00040401443433379924,0.08207613693922755,0.0001964161605172432,0.010000000000000009,2025-09-19,0.0070123266422519315,109715.0,Evaluation
2025-09-19,109715,109279,109786,108990,34441,108951.0,109692.0,0.0070123266422519315,109507.14285714286,104146.6,0.005203489396592956,0.007073110202260513,0.007631975313177275,0.08806466008826308,0.004224635820279321,0.050000000000000044,2025-09-22,0.021464704005833335,112070.0,Evaluation
2025-09-22,112070,109811,112140,109811,52835,109715.0,108951.0,0.021464704005833335,109964.28571428571,104508.53333333334,0.009211693422310126,0.007848534135416104,0.029392853862404644,0.1072797691973284,0.001037926954010171,0.020000000000000018,2025-09-23,0.014678326046221102,113715.0,Evaluation
2025-09-23,113715,112098,114090,111909,66088,112070.0,109715.0,0.014678326046221102,110604.0,104972.86666666667,0.010002976966032332,0.007376344094949717,0.04099343628990182,0.13960014030164847,0.0002454381070211564,0.030000000000000027,2025-09-24,-0.01090445411775054,112475.0,Evaluation
2025-09-24,112475,113490,114150,112374,38769,113715.0,112070.0,-0.01090445411775054,110951.14285714286,105401.36666666667,0.011754011341975786,0.007817916691609835,0.022081875596347,0.12904035334270225,-0.0016275063597941397,-0.030000000000000027,2025-09-25,0.0011647032673927082,112606.0,Evaluation
2025-09-25,112606,112673,113247,112100,35111,112475.0,113715.0,0.0011647032673927082,111317.71428571429,105833.03333333334,0.011707404325649486,0.007806096132302034,0.0233187931661214,0.12994701774102912,0.004602065537425926,0.030000000000000027,2025-09-26,0.009395591709145057,113664.0,Evaluation
2025-09-26,113664,112643,113900,112500,10439,112606.0,112475.0,0.009395591709145057,111885.14285714286,106309.76666666666,0.011502286799775462,0.007746258694862452,0.03621048025380147,0.14393832652321814,0.003088939317154704,0.020000000000000018,2025-09-29,0.018211570945946054,115734.0,Evaluation
2025-09-29,115734,114499,115948,114499,53384,113664.0,112606.0,0.018211570945946054,112854.14285714286,106866.9,0.011057375266198051,0.007983828642216981,0.06225734504502034,0.1687941829933346,-0.0008876581504024816,0.020000000000000018,2025-09-30,0.007249382204019605,116573.0,Evaluation
2025-09-30,116573,115878,117242,114841,88813,115734.0,113664.0,0.007249382204019605,113833.85714285714,107474.03333333334,0.011051643876643907,0.00766543997842067,0.06250740555074508,0.18517878384286135,-0.0026562067971991343,-0.020000000000000018,2025-10-01,0.0033884347147281613,116968.0,Evaluation
2025-10-01,116968,116999,117700,116306,61451,116573.0,115734.0,0.0033884347147281613,114533.57142857143,108076.2,0.00960284358123442,0.007677112569175022,0.04370482734005532,0.1826537112119957,0.0001814927361278862,0.0,2025-10-03,0.0034368374256206202,117370.0,Evaluation
2025-10-03,117370,116433,117620,115900,51023,116968.0,116573.0,0.0034368374256206202,115055.71428571429,108687.36666666667,0.008853365499424242,0.007646028745753376,0.0321417579035308,0.1851365678800425,0.0023254226792797095,-0.010000000000000009,2025-10-06,0.018352219476867937,119524.0,Evaluation
2025-10-06,119524,117979,119793,117979,66826,117370.0,116968.0,0.018352219476867937,116062.71428571429,109342.93333333333,0.007058151505764427,0.007976730071203995,0.0626717048232941,0.19695164084641026,-0.0028356815932295554,0.040000000000000036,2025-10-07,0.006944212041096298,120354.0,Evaluation
2025-10-07,120354,119759,120495,119160,76339,119524.0,117370.0,0.006944212041096298,117169.57142857143,110017.46666666666,0.006323790895992299,0.007951711213065054,0.06880628030477953,0.20212149663397194,0.0015330411589491444,0.040000000000000036,2025-10-08,0.018179703208867082,122542.0,Evaluation
2025-10-08,122542,120759,122723,120759,76521,120354.0,119524.0,0.018179703208867082,118437.85714285714,110751.16666666667,0.007106864136537965,0.008235107283353959,0.07810740427927931,0.21894738936248515,0.0017975891353114726,-0.050000000000000044,2025-10-09,-0.02181292944459856,119869.0,Evaluation
2025-10-09,119869,122280,123108,119500,108115,122542.0,120354.0,-0.02181292944459856,119028.57142857143,111381.23333333334,0.013445705950269221,0.0097359909856318,0.03572848082672331,0.18720968237146796,0.002391931505439482,-0.010000000000000009,2025-10-10,0.007157813946891967,120727.0,Evaluation
2025-10-10,120727,119869,121669,119300,102118,119869.0,122542.0,0.007157813946891967,119622.0,112022.76666666666,0.013443316791030597,0.009738242007941949,0.03563432355691276,0.18965126476877447,0.002596529460176855,0.020000000000000018,2025-10-13,0.026812560570543376,123964.0,Evaluation
2025-10-13,123964,121700,124149,121700,70600,120727.0,119869.0,0.026812560570543376,120621.42857142857,112716.1,0.015678103843537655,0.010290365186662917,0.059811230421995765,0.20162072040634338,0.00021554180272231882,-0.050000000000000044,2025-10-14,0.014431609176857707,125753.0,Evaluation
2025-10-14,125753,124348,126472,123673,102840,123964.0,120727.0,0.014431609176857707,121819.0,113444.4,0.01564420127917845,0.010398983414387587,0.07142370282014143,0.2102806436710809,0.00021554180272231882,-0.050000000000000044,2025-10-15,0.007061461754391596,126641.0,Evaluation
2025-10-15,126641,125999,127150,125765,73228,125753.0,123964.0,0.007061461754391596,122835.71428571429,114142.6,0.015216878416835257,0.010198487787502352,0.05954452662226828,0.19817399120109758,0.0005441051287069509,-0.020000000000000018,2025-10-16,0.016534929446229807,128735.0,Evaluation
2025-10-16,128735,127199,128989,126955,78786,126641.0,125753.0,0.016534929446229807,124033.0,114864.43333333333,0.015493589474744825,0.01029854876274159,0.0696362397593766,0.20223197609264099,-0.002624147770877272,0.030000000000000027,2025-10-17,-0.021625820483939906,125951.0,Evaluation
2025-10-17,125951,129999,131698,124873,149474,128735.0,126641.0,-0.021625820483939906,124520.0,115519.13333333333,0.01883545170237222,0.011240362631603789,0.02781903347423742,0.1847521399680181,-0.0016084167189291954,-0.050000000000000044,2025-10-20,0.028122047462902255,129493.0,Evaluation
2025-10-20,129493,126573,129629,125524,93876,125951.0,128735.0,0.028122047462902255,125894.85714285714,116248.73333333334,0.016733262716387552,0.011912612108305541,0.08028764734835536,0.2034106221829841,0.00027347356173623716,0.040000000000000036,2025-10-21,-0.01643332072003889,127365.0,Evaluation
2025-10-21,127365,128067,128067,126091,11229,129493.0,125951.0,-0.01643332072003889,126843.14285714286,116881.13333333333,0.019783854242801078,0.012608727601587983,0.0549835579447846,0.17502975284381828,-0.0006785260988145803,-0.010000000000000009,2025-10-22,-0.04943273269736581,121069.0,Evaluation
2025-10-22,121069,126100,126100,119753,69875,127365.0,129493.0,-0.04943273269736581,126429.57142857143,117286.53333333334,0.027198794660007946,0.01610965959841798,-0.023353554257687703,0.11167326250837872,0.002226811439808518,-0.040000000000000036,2025-10-23,0.01846880704391718,123305.0,Evaluation
2025-10-23,123305,121360,123770,121360,53574,121069.0,127365.0,0.01846880704391718,126079.85714285714,117767.23333333334,0.027669963048418695,0.0163145047444815,-0.01946673240399832,0.13244370155394725,5.211370714564012e-05,-0.020000000000000018,2025-10-24,-0.006131138234459321,122549.0,Evaluation
2025-10-24,122549,122956,123258,120672,63689,123305.0,121069.0,-0.006131138234459321,125495.28571428571,118223.2,0.027359939189017714,0.016407039821286922,-0.03231181055108534,0.1256452649949482,0.0004739618746061325,0.030000000000000027,2025-10-27,-0.020783523325363706,120002.0,Evaluation
2025-10-27,120002,121759,121899,119270,69968,122549.0,123305.0,-0.020783523325363706,124247.71428571429,118582.03333333334,0.026222833759377315,0.017024316671730395,-0.06783702955684157,0.0985471955472963,-0.00015377861336340892,0.020000000000000018,2025-10-28,-0.010858152364127238,118699.0,Evaluation
2025-10-28,118699,118900,119500,116606,55062,120002.0,122549.0,-0.010858152364127238,123211.71428571429,118870.5,0.025716776430343365,0.017197430461266806,-0.0575779469793809,0.07864055613612608,-0.0011220950183776779,0.0,2025-10-29,0.006107886334341561,119424.0,Evaluation
2025-10-29,119424,117031,120730,117031,61325,118699.0,120002.0,0.006107886334341561,121773.28571428571,119183.3,0.02155041390003477,0.01720061262440648,-0.07775709883931947,0.08527808069792808,-0.001346867684116071,-0.020000000000000018,2025-10-30,0.006924906216505988,120251.0,Evaluation
2025-10-30,120251,117566,120499,117376,35582,119424.0,118699.0,0.006924906216505988,120757.0,119535.26666666666,0.022413247549485826,0.017177082573008626,-0.05585521925175674,0.09626043831819997,-0.0008695572884069858,0.07000000000000006,2025-10-31,0.007966669715844255,121209.0,Evaluation
2025-10-31,121209,121298,122294,120600,69402,120251.0,119424.0,0.007966669715844255,120777.0,119943.86666666667,0.013396888814735311,0.017092593568107838,0.0011563653784205652,0.11250929316848857,0.006239048478734022,0.040000000000000036,2025-11-03,0.0016995437632518762,121415.0,Evaluation
2025-11-03,121415,121489,122100,121125,63899,121209.0,120251.0,0.0016995437632518762,120507.0,120333.86666666667,0.010852051208994726,0.01708464255834128,-0.015327845586148192,0.10663993072961775,0.0008467784491175134,-0.010000000000000009,2025-11-04,-0.013054400197669125,119830.0,Evaluation
2025-11-04,119830,121126,121136,119215,73605,121415.0,121209.0,-0.013054400197669125,120118.57142857143,120592.53333333334,0.011566936469348007,0.016996997898249547,-0.022187043549926955,0.06924243776211303,0.0005379537491585484,0.010000000000000009,2025-11-05,0.005541183343069411,120494.0,Evaluation
2025-11-05,120494,120290,120688,119730,25685,119830.0,121415.0,0.005541183343069411,120188.85714285714,120818.5,0.008831411132890064,0.016850163033766446,0.004099931667805645,0.059613947148573265,0.0030950702833731913,-0.010000000000000009,2025-11-06,0.0007718226633690595,120587.0,Evaluation
2025-11-06,120587,120547,121527,120132,53890,120494.0,119830.0,0.0007718226633690595,120458.57142857143,121088.9,0.007268158337708446,0.016674059947382535,0.015905778481705823,0.07212269393198478,0.00017319627570544505,0.06000000000000005,2025-11-07,0.003889308134376046,121056.0,Evaluation
2025-11-07,121056,120751,121570,120523,55453,120587.0,120494.0,0.003889308134376046,120691.71428571429,121370.56666666667,0.007120267354578898,0.016674183155206003,0.013665594855305496,0.07504040637266218,-0.0012589435051154618,-0.040000000000000036,2025-11-10,0.023468477398889798,123897.0,Evaluation
2025-11-10,123897,121799,124100,121799,64150,121056.0,120587.0,0.023468477398889798,121212.57142857143,121711.66666666667,0.010824086159828106,0.01706673180608834,0.030319914179507856,0.09002850506756754,-0.002521060883455939,0.0,2025-11-11,0.0,123897.0,Evaluation
2025-11-11,123897,124299,125287,123401,58528,123897.0,121056.0,0.0,121596.57142857143,121983.76666666666,0.010796290964522018,0.01682997632526071,0.022176571046704563,0.07053242780859548,-0.0007381289748574771,0.010000000000000009,2025-11-12,0.019903629627836095,126363.0,Evaluation
2025-11-12,126363,124154,126590,123620,76031,123897.0,123897.0,0.019903629627836095,122303.42857142857,122310.1,0.012444645783612622,0.017111600370051074,0.04075279001770782,0.08398171103085628,-0.0007381289748574771,0.010000000000000009,2025-11-13,0.002413681219977315,126668.0,Evaluation
2025-11-13,126668,126541,127824,126150,80023,126363.0,123897.0,0.002413681219977315,123280.28571428571,122633.43333333333,0.009586164015766837,0.017111437524853886,0.05706417424684962,0.0829286642500513,-0.002082467699491497,-0.030000000000000027,2025-11-14,-0.02537341712192498,123454.0,Evaluation
2025-11-14,123454,127010,127096,121767,107420,126668.0,126363.0,-0.02537341712192498,123703.14285714286,122836.23333333334,0.015929380535342822,0.01786637735099886,0.024565538533039,0.05183607395416212,-0.0022578230719282333,0.020000000000000018,2025-11-17,-0.005386621737651254,122789.0,Evaluation
2025-11-17,122789,123189,123580,121961,66588,123454.0,126668.0,-0.005386621737651254,124017.71428571429,122945.06666666667,0.01627672738278916,0.01763409358644768,0.01826067486544991,0.027316689535156202,0.0016071539464697082,0.030000000000000027,2025-11-18,-0.001612522294342278,122591.0,Evaluation
2025-11-18,122591,122101,122945,120700,75507,122789.0,123454.0,-0.001612522294342278,124237.0,123019.63333333333,0.016342551232486957,0.01760465046022542,0.012680081945545929,0.01858683550193585,0.0012234782163009772,-0.010000000000000009,2025-11-19,0.0025532053739671934,122904.0,Evaluation
2025-11-19,122904,122734,124280,122202,72005,122591.0,122789.0,0.0025532053739671934,124095.14285714286,123031.7,0.013390825892704385,0.01730016498816554,-0.00801472190609942,0.002954089210229993,0.00080997666672733,0.0,2025-11-20,-0.0026524767298053975,122578.0,Evaluation
2025-11-20,122578,122904,123579,121901,70110,122904.0,122591.0,-0.0026524767298053975,123906.71428571429,123122.0,0.013392973421877027,0.01680436439375654,-0.010645939772553015,0.02259967130784446,0.002352063768895407,0.010000000000000009,2025-11-21,0.01036890796064549,123849.0,Evaluation
2025-11-21,123849,122361,124195,121500,76478,122578.0,122904.0,0.01036890796064549,123547.57142857143,123226.06666666667,0.01115750806810337,0.01685585916171978,-0.01989506421974785,0.02585999817770679,0.0015728679860871342,0.0,2025-11-24,-0.0018974719214527314,123614.0,Evaluation
2025-11-24,123614,122600,123783,122257,44401,123849.0,122578.0,-0.0018974719214527314,123111.28571428571,123214.4,0.010937755161571201,0.016138976492374845,-0.024110272523447107,-0.0028234003420347653,0.0014495981145363768,-0.040000000000000036,2025-11-25,0.010532787548335865,124916.0,Evaluation
2025-11-25,124916,124000,125162,124000,55048,123614.0,123849.0,0.010532787548335865,123320.14285714286,123186.5,0.006415799835915918,0.016034390075656203,0.011842467639768595,-0.0066559048293082235,0.0004250594713999245,-0.010000000000000009,2025-11-26,0.006068077748246914,125674.0,Evaluation
2025-11-26,125674,125302,125800,124961,44486,124916.0,123614.0,0.006068077748246914,123732.28571428571,123154.26666666666,0.005731077648827688,0.016020116500418877,0.023495589995846444,-0.007635757771969565,-0.002326170816071005,-0.020000000000000018,2025-11-27,-0.0016630329264605281,125465.0,Evaluation
2025-11-27,125465,125360,125719,125087,26081,125674.0,124916.0,-0.0016630329264605281,124142.85714285714,123045.26666666666,0.005738375520829483,0.015708842617989945,0.023443809088758538,-0.025401017594282815,-0.0032047092289541057,-0.020000000000000018,2025-11-28,0.01178017773881157,126943.0,Evaluation
2025-11-28,126943,125899,127099,125625,50902,125465.0,125674.0,0.01178017773881157,124719.85714285714,123078.33333333333,0.006534694485511633,0.015357115084335772,0.032863047581852545,0.00787607879254626,-0.0032047092289541057,-0.020000000000000018,2025-12-01,0.008594408514057461,128034.0,Evaluation
2025-12-01,128034,127279,128943,127279,25841,126943.0,125465.0,0.008594408514057461,125499.28571428571,123029.7,0.005779520018332634,0.014532253904882022,0.04451043417252687,-0.011267018294425224,-0.0015753395846547225,0.020000000000000018,2025-12-02,0.004936188824843368,128666.0,Evaluation
2025-12-02,128666,129325,129600,127912,60448,128034.0,126943.0,0.004936188824843368,126187.42857142857,123073.06666666667,0.005492631550368749,0.014233537197185793,0.038894137215480074,0.010214737172692612,-0.0005493475155862182,0.06000000000000005,2025-12-03,0.004966346975891156,129305.0,Evaluation
2025-12-03,129305,128999,130155,128999,55815,128666.0,128034.0,0.004966346975891156,127000.42857142857,123347.6,0.0044747039470824064,0.010683491367613521,0.046038474606436175,0.0680273232619415,0.001326597578897415,0.0,2025-12-04,-0.0031785313792970227,128894.0,Evaluation
2025-12-04,128894,129251,129389,128224,43318,129305.0,128666.0,-0.0031785313792970227,127568.71428571429,123533.9,0.005316242315041433,0.010273558435899006,0.03184540010887327,0.04532662909046681,-0.003409915416598186,-0.030000000000000027,2025-12-05,0.0024205936661132466,129206.0,Evaluation
2025-12-05,129206,128785,130200,128513,51597,128894.0,129305.0,0.0024205936661132466,128073.28571428571,123755.8,0.005315744761758464,0.01017179804988499,0.028104460747648607,0.054321128691380505,-0.0004721138109027301,0.030000000000000027,2025-12-08,-0.0036376019689488004,128736.0,Evaluation
2025-12-08,128736,128900,129542,128301,34061,129206.0,128894.0,-0.0036376019689488004,128540.57142857143,124046.93333333333,0.005703328460450742,0.009302835432786111,0.026071015821145238,0.07278212029799502,8.038012340438883e-05,0.029999999999999805,2025-12-09,0.0009088366890379618,128853.0,Evaluation
2025-12-09,128853,128893,129200,127833,41833,128736.0,129206.0,0.0009088366890379618,128813.42857142857,124385.4,0.00448568322997938,0.008967158577587887,0.015046123063107153,0.08554410736400486,0.0007432492337571261,0.030000000000000027,2025-12-10,-0.0027395559280730675,128500.0,Evaluation
2025-12-10,128500,129160,129163,128259,26343,128853.0,128736.0,-0.0027395559280730675,128880.0,124687.93333333333,0.003755562114239542,0.008999322242199188,0.00363965821578649,0.07599812433011799,-0.0007683645757434743,0.010000000000000009,2025-12-11,0.018715953307393063,130905.0,Evaluation
2025-12-11,130905,128999,130988,128795,55011,128500.0,128853.0,0.018715953307393063,129199.85714285714,125043.06666666667,0.007841626765194249,0.009446349410346,0.017401644568106667,0.08859801581691618,-6.628925981411182e-05,-0.040000000000000036,2025-12-12,0.0056529544326038295,131645.0,Evaluation
2025-12-12,131645,130905,133282,130400,98046,130905.0,128500.0,0.0056529544326038295,129534.14285714286,125390.93333333333,0.007881901130696707,0.00941274601967908,0.018096747998917362,0.08609921705483914,-0.005760918564874928,0.010000000000000009,2025-12-15,0.006426373960271903,132491.0,Evaluation
2025-12-15,132491,131500,133633,131500,59083,131645.0,130905.0,0.006426373960271903,130048.0,125760.13333333333,0.0075385024982198325,0.009433234845576314,0.0279066519775939,0.09122431330560477,0.0013685614269043356,0.040000000000000036,2025-12-16,0.001026484817836737,132627.0,Evaluation
2025-12-16,132627,132350,133399,131663,51610,132491.0,131645.0,0.001026484817836737,130536.71428571429,126186.7,0.007604200437307531,0.008946850229262511,0.026477098586752845,0.1067929566886423,-0.0015656186482576606,0.0,2025-12-17,0.0036794921094498445,133115.0,Evaluation
2025-12-17,133115,132600,133490,132060,54875,132627.0,132491.0,0.0036794921094498445,131162.2857142857,126607.4,0.006886056919782106,0.0089381297211671,0.03401534924185934,0.10474380467077204,-0.0005493676436630901,-0.010000000000000009,2025-12-18,-0.0032378019006122916,132684.0,Evaluation
2025-12-18,132684,133117,133629,132090,50581,133115.0,132627.0,-0.0032378019006122916,131709.57142857142,127010.63333333333,0.007434144039783383,0.009007942148629518,0.029731554562175466,0.10031761300969433,0.0022086876158351476,0.0,2025-12-19,-0.0019369328630429727,132427.0,Evaluation
2025-12-19,132427,132252,132575,131803,41184,132684.0,133115.0,-0.0019369328630429727,132270.57142857142,127389.66666666667,0.007314176325925223,0.009055935500392942,0.03056031128404668,0.09393173407348665,-0.0008505680163122253,-0.040000000000000036,2025-12-22,0.01669599099881447,134638.0,Evaluation
2025-12-22,134638,132600,134688,132600,52738,132427.0,132684.0,0.01669599099881447,132803.85714285713,127747.7,0.0066629795224572965,0.008602082160612973,0.02851686337420256,0.08669297884533123,0.0009362547145921329,0.040000000000000036,2025-12-23,0.008623122743950384,135799.0,Evaluation
2025-12-23,135799,134900,136888,134698,54815,134638.0,132427.0,0.008623122743950384,133397.2857142857,128144.43333333333,0.006873770880802782,0.008648859257198478,0.03155455961107534,0.09606366578690362,-0.0014480065776114603,0.020000000000000018,2025-12-24,0.002245966465143301,136104.0,Evaluation
2025-12-24,136104,136309,136500,135281,38763,135799.0,134638.0,0.002245966465143301,133913.42857142858,128469.13333333333,0.006856856533360262,0.00804555379255958,0.027269776815028957,0.07708743856983458,-0.0023793411516845886,0.0,2025-12-26,0.01238023864103921,137789.0,Evaluation
2025-12-26,137789,136300,138300,136300,46771,136104.0,135799.0,0.01238023864103921,134650.85714285713,128839.83333333333,0.0073937087390908126,0.008244753106478018,0.03892118497741781,0.0877964442479553,-0.002243000959853969,-0.030000000000000027,2025-12-29,-0.03769531675242577,132595.0,Evaluation
2025-12-29,132595,137628,138269,131695,90640,137789.0,136104.0,-0.03769531675242577,134576.57142857142,129144.53333333334,0.018006383136041113,0.009849568673722888,-0.003906396724636552,0.0740437733892787,0.00029387828917615266,0.0,2025-12-30,0.010400090501150094,133974.0,Evaluation
2025-12-30,133974,133185,134880,132853,36733,132595.0,137789.0,0.010400090501150094,134760.85714285713,129517.36666666667,0.018384248519048723,0.009839191979205377,0.009722347833951428,0.09109122152635818,0.000984328584952232,-0.010000000000000009,2025-12-31,0.01104691955155479,135454.0,Evaluation
2025-12-31,135454,136526,136527,134866,59050,133974.0,132595.0,0.01104691955155479,135193.2857142857,129946.13333333333,0.018629461688004844,0.009907664848598268,0.022857876414930534,0.10492613650267968,-0.0008027433754858038,0.0,2026-01-01,0.002340277880313657,135771.0,Evaluation
2026-01-01,135771,135687,135850,135001,14622,135454.0,133974.0,0.002340277880313657,135355.14285714287,130375.03333333334,0.0176862344979248,0.009908353424180715,0.008415157682080787,0.10469146651044725,0.002106383673141421,0.030000000000000027,2026-01-02,0.0001620375485191783,135793.0,Evaluation
