Model,Evaluation_Step,Origin_Date,Target_Date,Available_Training_Rows,Current_Price,Actual_Next_Return,Predicted_Next_Return,Persistence_Predicted_Return,Actual_Next_Price,Predicted_Next_Price,Persistence_Predicted_Price,Price_Error,Absolute_Price_Error,Return_Error,Correct_Direction
MLR,1,2023-08-11,2023-08-14,2458,58629.0,0.0005799177881253,-0.0001317403093226,0.0,58663.0,58621.27619740472,58629.0,-41.72380259527563,41.72380259527563,-0.0007116580974479,False
MLR,2,2023-08-14,2023-08-16,2459,58663.0,-0.0042616299882378,0.0007618474105545,0.0,58413.0,58707.69225464536,58663.0,294.6922546453643,294.6922546453643,0.0050234773987923,False
MLR,3,2023-08-16,2023-08-17,2460,58413.0,-0.0066081180559122,0.0005391038523288,0.0,58027.0,58444.49067332608,58413.0,417.4906733260796,417.4906733260796,0.007147221908241,False
MLR,4,2023-08-17,2023-08-18,2461,58027.0,0.0012235683388768,0.0004544407415021,0.0,58098.0,58053.36983290714,58027.0,-44.63016709285876,44.63016709285876,-0.0007691275973746,True
MLR,5,2023-08-18,2023-08-21,2462,58098.0,0.0011360115666632,0.0005899367396304,0.0,58164.0,58132.274144699055,58098.0,-31.725855300945117,31.725855300945117,-0.0005460748270327,True
MLR,6,2023-08-21,2023-08-22,2463,58164.0,0.000979987621209,0.0006089799577538,0.0,58221.0,58199.42071026279,58164.0,-21.579289737208452,21.579289737208452,-0.0003710076634551,True
MLR,7,2023-08-22,2023-08-23,2464,58221.0,0.0035897700142559,0.0002693913868206,0.0,58430.0,58236.68423593208,58221.0,-193.3157640679201,193.3157640679201,-0.0033203786274352,True
MLR,8,2023-08-23,2023-08-24,2465,58430.0,0.0001026869758684,0.0008470986208358,0.0,58436.0,58479.49597241543,58430.0,43.495972415432334,43.495972415432334,0.0007444116449674,True
MLR,9,2023-08-24,2023-08-25,2466,58436.0,-0.0027893764118009,0.0020111850302461,0.0,58273.0,58553.52560842746,58436.0,280.5256084274588,280.5256084274588,0.004800561442047,False
MLR,10,2023-08-25,2023-08-28,2467,58273.0,0.0038439757692241,0.0004372329430224,0.0,58497.0,58298.47887528875,58273.0,-198.52112471125287,198.52112471125287,-0.0034067428262016,True
MLR,11,2023-08-28,2023-08-29,2468,58497.0,0.0059148332393115,0.0003366260159172,0.0,58843.0,58516.69161205311,58497.0,-326.30838794689043,326.30838794689043,-0.0055782072233942,True
MLR,12,2023-08-29,2023-08-30,2469,58843.0,0.0046564587121662,0.0007057455584356,0.0,59117.0,58884.52818589503,58843.0,-232.47181410497436,232.47181410497436,-0.0039507131537305,True
MLR,13,2023-08-30,2023-08-31,2470,59117.0,-6.766243212608103e-05,0.0011831374353721,0.0,59113.0,59186.94353576689,59117.0,73.94353576689173,73.94353576689173,0.0012507998674982,False
MLR,14,2023-08-31,2023-09-01,2471,59113.0,-0.0001184172686211,0.0010936959162806,0.0,59106.0,59177.65164669909,59113.0,71.65164669909427,71.65164669909427,0.0012121131849017,False
MLR,15,2023-09-01,2023-09-04,2472,59106.0,0.0047203329611207,0.000863387166033,0.0,59385.0,59157.03136183555,59106.0,-227.9686381644497,227.9686381644497,-0.0038569457950876,True
MLR,16,2023-09-04,2023-09-05,2473,59385.0,-0.0014144986107602,0.0004237715552517,0.0,59301.0,59410.165673808624,59385.0,109.16567380862398,109.16567380862398,0.0018382701660119,False
MLR,17,2023-09-05,2023-09-06,2474,59301.0,-0.0032039931872986,0.0012370861981877,0.0,59111.0,59374.36044863874,59301.0,263.3604486387412,263.3604486387412,0.0044410793854863,False
MLR,18,2023-09-06,2023-09-07,2475,59111.0,-0.0016071458780937,0.0003880510604369,0.0,59016.0,59133.938086233495,59111.0,117.93808623349469,117.93808623349469,0.0019951969385306,False
MLR,19,2023-09-07,2023-09-08,2476,59016.0,-0.0018808458723058,0.0008001689440057,0.0,58905.0,59063.22277039945,59016.0,158.22277039945038,158.22277039945038,0.0026810148163115,False
MLR,20,2023-09-08,2023-09-11,2477,58905.0,0.0006111535523301,0.0011178435392597,0.0,58941.0,58970.8465736801,58905.0,29.84657368010085,29.84657368010085,0.0005066899869296,True
MLR,21,2023-09-11,2023-09-12,2478,58941.0,-0.0050728694796491,0.0006887331044398,0.0,58642.0,58981.59461790879,58941.0,339.5946179087914,339.5946179087914,0.0057616025840889,False
MLR,22,2023-09-12,2023-09-13,2479,58642.0,-0.0005456839807645,0.000936498971471,0.0,58610.0,58696.91817268501,58642.0,86.91817268500745,86.91817268500745,0.0014821829522355,False
MLR,23,2023-09-13,2023-09-14,2480,58610.0,-3.4123869646851546e-05,0.000573015168221,0.0,58608.0,58643.58441900944,58610.0,35.584419009435805,35.584419009435805,0.0006071390378679,False
MLR,24,2023-09-14,2023-09-15,2481,58608.0,0.0065520065520066,0.0007933799551731,0.0,58992.0,58654.49841241279,58608.0,-337.50158758721227,337.50158758721227,-0.0057586265968334,True
MLR,25,2023-09-15,2023-09-18,2482,58992.0,0.003729319229726,-9.082698771031698e-06,0.0,59212.0,58991.464193434105,58992.0,-220.53580656589477,220.53580656589477,-0.003738401928497,False
MLR,26,2023-09-18,2023-09-19,2483,59212.0,0.0008950888333445,0.0008413668995369,0.0,59265.0,59261.81901685538,59212.0,-3.180983144622587,3.180983144622587,-5.372193380759045e-05,True
MLR,27,2023-09-19,2023-09-20,2484,59265.0,0.0016535898084872,0.0012948033580899,0.0,59363.0,59341.7365210172,59265.0,-21.26347898280073,21.26347898280073,-0.0003587864503972,True
MLR,28,2023-09-20,2023-09-21,2485,59363.0,-0.008591210012971,0.0006182798694651,0.0,58853.0,59399.70294789106,59363.0,546.7029478910626,546.7029478910626,0.0092094898824361,False
MLR,29,2023-09-21,2023-09-22,2486,58853.0,0.0007306339523898,0.0012010862295592,0.0,58896.0,58923.68752786825,58853.0,27.687527868249163,27.687527868249163,0.0004704522771694,True
MLR,30,2023-09-22,2023-09-25,2487,58896.0,-0.0032090464547677,-0.0001998734877484,0.0,58707.0,58884.22825106557,58896.0,177.22825106557138,177.22825106557138,0.0030091729670192,True
MLR,31,2023-09-25,2023-09-26,2488,58707.0,-0.0039007273408622,0.0007975212146142,0.0,58478.0,58753.82007794636,58707.0,275.82007794635865,275.82007794635865,0.0046982485554764,False
MLR,32,2023-09-26,2023-09-27,2489,58478.0,-0.0122952221348199,-0.0002033825166649,0.0,57759.0,58466.10659719047,58478.0,707.1065971904682,707.1065971904682,0.0120918396181549,True
MLR,33,2023-09-27,2023-09-28,2490,57759.0,-0.0106130646306202,0.0004746890586596,0.0,57146.0,57786.41756533913,57759.0,640.4175653391285,640.4175653391285,0.0110877536892799,False
MLR,34,2023-09-28,2023-09-29,2491,57146.0,-0.0014874181919994,0.0005941658737418,0.0,57061.0,57179.95420302085,57146.0,118.95420302085404,118.95420302085404,0.0020815840657412,False
MLR,35,2023-09-29,2023-10-03,2492,57061.0,-0.0118469707856504,0.0012277562813876,0.0,56385.0,57131.05700117226,57061.0,746.0570011722593,746.0570011722593,0.013074727067038,False
MLR,36,2023-10-03,2023-10-04,2493,56385.0,-0.0027666932694865,-0.0005249164970837,0.0,56229.0,56355.40258331193,56385.0,126.40258331193036,126.40258331193036,0.0022417767724027,True
MLR,37,2023-10-04,2023-10-05,2494,56229.0,-0.0020807768233473,-0.0003580977172521,0.0,56112.0,56208.86452345663,56229.0,96.86452345662838,96.86452345662838,0.0017226791060951,True
MLR,38,2023-10-05,2023-10-06,2495,56112.0,0.0083761049329911,0.0003453585429214,0.0,56582.0,56131.37875856041,56112.0,-450.62124143959227,450.62124143959227,-0.0080307463900696,True
MLR,39,2023-10-06,2023-10-09,2496,56582.0,0.0121239970308579,0.0007639025905403,0.0,57268.0,56625.22313637796,56582.0,-642.7768636220426,642.7768636220426,-0.0113600944403175,True
MLR,40,2023-10-09,2023-10-10,2497,57268.0,0.0016763288398407,0.0002406945041279,0.0,57364.0,57281.7840928624,57268.0,-82.21590713760088,82.21590713760088,-0.0014356343357127,True
MLR,41,2023-10-10,2023-10-11,2498,57364.0,0.004741649815215,0.0010837820744636,0.0,57636.0,57426.17007491953,57364.0,-209.82992508047028,209.82992508047028,-0.0036578677407513,True
MLR,42,2023-10-11,2023-10-12,2499,57636.0,-0.0003990561454646,0.0018887097098801,0.0,57613.0,57744.85767283865,57636.0,131.85767283864698,131.85767283864698,0.0022877658553447,False
MLR,43,2023-10-12,2023-10-13,2500,57613.0,0.0239529272907157,0.0015628206393259,0.0,58993.0,57703.03878549348,57613.0,-1289.9612145065184,1289.9612145065184,-0.0223901066513897,True
MLR,44,2023-10-13,2023-10-16,2501,58993.0,0.0,-0.0014586978716096,0.0,58993.0,58906.94703646013,58993.0,-86.05296353987069,86.05296353987069,-0.0014586978716096,False
MLR,45,2023-10-16,2023-10-17,2502,58993.0,-0.0012035326225144,0.0022031116797439,0.0,58922.0,59122.96816732314,58993.0,200.9681673231389,200.9681673231389,0.0034066443022583,False
MLR,46,2023-10-17,2023-10-18,2503,58922.0,0.0128644648857811,0.0008422897718862,0.0,59680.0,58971.62939793908,58922.0,-708.370602060917,708.370602060917,-0.0120221751138948,True
MLR,47,2023-10-18,2023-10-19,2504,59680.0,0.0042727882037534,-0.0003051466965352,0.0,59935.0,59661.788845150775,59680.0,-273.21115484922484,273.21115484922484,-0.0045779349002886,False
MLR,48,2023-10-19,2023-10-20,2505,59935.0,0.0078418286477017,0.0005952123900394,0.0,60405.0,59970.67405459702,59935.0,-434.3259454029831,434.3259454029831,-0.0072466162576622,True
MLR,49,2023-10-20,2023-10-23,2506,60405.0,-4.966476285073185e-05,-1.4265419381294244e-05,0.0,60402.0,60404.13829734227,60405.0,2.1382973422732903,2.1382973422732903,3.53993434694376e-05,True
MLR,50,2023-10-23,2023-10-24,2507,60402.0,-0.0008443429025528,0.0005236995925589,0.0,60351.0,60433.63250278974,60402.0,82.6325027897401,82.6325027897401,0.0013680424951117,False
MLR,51,2023-10-24,2023-10-25,2508,60351.0,0.004987489851038,0.0015572505996665,0.0,60652.0,60444.98163094048,60351.0,-207.01836905952223,207.01836905952223,-0.0034302392513714,True
MLR,52,2023-10-25,2023-10-26,2509,60652.0,0.0013684627052694,0.0002928555904735,0.0,60735.0,60669.7622772734,60652.0,-65.23772272659699,65.23772272659699,-0.0010756071147958,True
MLR,53,2023-10-26,2023-10-27,2510,60735.0,0.0035728986581049,5.192167568766334e-05,0.0,60952.0,60738.153462972885,60735.0,-213.84653702711512,213.84653702711512,-0.0035209769824172,True
MLR,54,2023-10-27,2023-10-30,2511,60952.0,0.002050794067463,0.0010627707815314,0.0,61077.0,61016.7780046759,60952.0,-60.221995324100135,60.221995324100135,-0.0009880232859315,True
MLR,55,2023-10-30,2023-10-31,2512,61077.0,-0.0032418095191315,0.0007293232436328,0.0,60879.0,61121.54487575137,61077.0,242.5448757513732,242.5448757513732,0.0039711327627643,False
MLR,56,2023-10-31,2023-11-01,2513,60879.0,-0.0020039750981455,0.0003379527560627,0.0,60757.0,60899.574225836346,60879.0,142.57422583634616,142.57422583634616,0.0023419278542082,False
MLR,57,2023-11-01,2023-11-02,2514,60757.0,0.0007900324242473,-0.0001378632541957,0.0,60805.0,60748.62384226483,60757.0,-56.37615773516882,56.37615773516882,-0.000927895678443,False
MLR,58,2023-11-02,2023-11-03,2515,60805.0,0.0003947043828631,0.0015469126910949,0.0,60829.0,60899.06002618203,60805.0,70.0600261820291,70.0600261820291,0.0011522083082318,True
MLR,59,2023-11-03,2023-11-06,2516,60829.0,-0.0001808347991911,0.0011280330747952,0.0,60818.0,60897.617123906726,60829.0,79.61712390672619,79.61712390672619,0.0013088678739863,False
MLR,60,2023-11-06,2023-11-07,2517,60818.0,-0.0074484527606958,0.0009168563555329,0.0,60365.0,60873.76136983081,60818.0,508.7613698308123,508.7613698308123,0.0083653091162287,False
MLR,61,2023-11-07,2023-11-08,2518,60365.0,-0.005334216847511,0.0001834307947892,0.0,60043.0,60376.07279992745,60365.0,333.0727999274532,333.0727999274532,0.0055176476423002,False
MLR,62,2023-11-08,2023-11-09,2519,60043.0,0.003797278616991,0.0005447034834275,0.0,60271.0,60075.70563125544,60043.0,-195.2943687445586,195.2943687445586,-0.0032525751335634,True
MLR,63,2023-11-09,2023-11-10,2520,60271.0,-0.0095236515073584,-9.402525242260942e-05,0.0,59697.0,60265.333004011234,60271.0,568.3330040112342,568.3330040112342,0.0094296262549357,True
MLR,64,2023-11-10,2023-11-12,2521,59697.0,0.0014741109268472,-0.0004561945858819,0.0,59785.0,59669.766551806606,59697.0,-115.233448193394,115.233448193394,-0.0019303055127291,False
MLR,65,2023-11-12,2023-11-13,2522,59785.0,0.0009868696161243,0.0001378146037432,0.0,59844.0,59793.239246084784,59785.0,-50.7607539152159,50.7607539152159,-0.000849055012381,True
MLR,66,2023-11-13,2023-11-14,2523,59844.0,0.0039937169975268,0.0004277635386363,0.0,60083.0,59869.59908120615,59844.0,-213.40091879385,213.40091879385,-0.0035659534588904,True
MLR,67,2023-11-14,2023-11-15,2524,60083.0,0.0006158147895412,8.405760613210014e-06,0.0,60120.0,60083.50504331492,60083.0,-36.49495668508462,36.49495668508462,-0.0006074090289279,True
MLR,68,2023-11-15,2023-11-16,2525,60120.0,0.0088822355289421,0.0010275037280942,0.0,60654.0,60181.77352413302,60120.0,-472.2264758669771,472.2264758669771,-0.0078547318008478,True
MLR,69,2023-11-16,2023-11-17,2526,60654.0,0.0003956870115737,-0.000487809570414,0.0,60678.0,60624.4123983161,60654.0,-53.58760168389563,53.58760168389563,-0.0008834965819877,False
MLR,70,2023-11-17,2023-11-20,2527,60678.0,-0.0003460891921289,0.0011391897104428,0.0,60657.0,60747.12375325026,60678.0,90.1237532502564,90.1237532502564,0.0014852789025717,False
MLR,71,2023-11-20,2023-11-21,2528,60657.0,0.0091498095850437,0.0011287389519117,0.0,61212.0,60725.4659186061,60657.0,-486.5340813938965,486.5340813938965,-0.0080210706331319,True
MLR,72,2023-11-21,2023-11-22,2529,61212.0,-0.0024014899039404,0.0002170926501623,0.0,61065.0,61225.28867530174,61212.0,160.28867530173738,160.28867530173738,0.0026185825541027,False
MLR,73,2023-11-22,2023-11-23,2530,61065.0,0.0004585277982478,0.0003247271893975,0.0,61093.0,61084.82946582056,61065.0,-8.1705341794368,8.1705341794368,-0.0001338006088502,True
MLR,74,2023-11-23,2023-11-24,2531,61093.0,0.0042394382335129,0.0005800485492643,0.0,61352.0,61128.43690602021,61093.0,-223.56309397979203,223.56309397979203,-0.0036593896842485,True
MLR,75,2023-11-24,2023-11-27,2532,61352.0,0.0033413743643238,0.0005328173128893,0.0,61557.0,61384.68940778039,61352.0,-172.31059221961186,172.31059221961186,-0.0028085570514344,True
MLR,76,2023-11-27,2023-11-28,2533,61557.0,0.0138408304498269,0.0004533890592114,0.0,62409.0,61584.90927031788,61557.0,-824.090729682117,824.090729682117,-0.0133874413906154,True
MLR,77,2023-11-28,2023-11-29,2534,62409.0,0.0009774231280745,0.0004341694809264,0.0,62470.0,62436.09608313514,62409.0,-33.90391686485964,33.90391686485964,-0.000543253647148,True
MLR,78,2023-11-29,2023-11-30,2535,62470.0,0.0027052985433007,0.0015136201714822,0.0,62639.0,62564.5558521125,62470.0,-74.44414788750146,74.44414788750146,-0.0011916783718184,True
MLR,79,2023-11-30,2023-12-01,2536,62639.0,0.0037835853062788,0.0021840684509961,0.0,62876.0,62775.80786370195,62639.0,-100.19213629805016,100.19213629805016,-0.0015995168552826,True
MLR,80,2023-12-01,2023-12-04,2537,62876.0,-0.0091290794579808,0.0008921430955949,0.0,62302.0,62932.09438927862,62876.0,630.0943892786236,630.0943892786236,0.0100212225535757,False
MLR,81,2023-12-04,2023-12-05,2538,62302.0,0.0047831530287951,0.004033476653243,0.0,62600.0,62553.29366245035,62302.0,-46.706337549650925,46.706337549650925,-0.000749676375552,True
MLR,82,2023-12-05,2023-12-06,2539,62600.0,-0.0052875399361022,0.0019382310259541,0.0,62269.0,62721.33326222473,62600.0,452.3332622247326,452.3332622247326,0.0072257709620563,False
MLR,83,2023-12-06,2023-12-07,2540,62269.0,0.0003372464629269,0.000264924492613,0.0,62290.0,62285.49658323052,62269.0,-4.50341676948301,4.50341676948301,-7.232197031384601e-05,True
MLR,84,2023-12-07,2023-12-08,2541,62290.0,-0.0111253812811045,7.701469170137931e-05,0.0,61597.0,62294.79724514608,62290.0,697.7972451460737,697.7972451460737,0.0112023959728058,False
MLR,85,2023-12-08,2023-12-11,2542,61597.0,-0.0099193142523175,0.0005650322528631,0.0,60986.0,61631.80429167961,61597.0,645.8042916796112,645.8042916796112,0.0104843465051806,False
MLR,86,2023-12-11,2023-12-12,2543,60986.0,-3.2794411832237635e-05,-0.0003404915646012,0.0,60984.0,60965.23478144123,60986.0,-18.765218558772176,18.765218558772176,-0.000307697152769,True
MLR,87,2023-12-12,2023-12-13,2544,60984.0,0.0001311819493636,-0.0012250823780485,0.0,60992.0,60909.28957625709,60984.0,-82.71042374291574,82.71042374291574,-0.0013562643274121,False
MLR,88,2023-12-13,2023-12-14,2545,60992.0,0.0202813483735571,1.0309458182972803e-05,0.0,62229.0,60992.62879447349,60992.0,-1236.371205526506,1236.371205526506,-0.0202710389153741,True
MLR,89,2023-12-14,2023-12-15,2546,62229.0,-0.0038245833935945,0.0001794325608088,0.0,61991.0,62240.16590882657,62229.0,249.1659088265733,249.1659088265733,0.0040040159544033,False
MLR,90,2023-12-15,2023-12-18,2547,61991.0,0.0010646706780017,0.0028390510565482,0.0,62057.0,62166.99561404648,61991.0,109.9956140464783,109.9956140464783,0.0017743803785465,True
MLR,91,2023-12-18,2023-12-19,2548,62057.0,0.0024815895064214,0.0024713175994394,0.0,62211.0,62210.3625562684,62057.0,-0.6374437315971591,0.6374437315971591,-1.0271906981987409e-05,True
MLR,92,2023-12-19,2023-12-20,2549,62211.0,-0.0009644596614746,0.0006586948976581,0.0,62151.0,62251.97806827821,62211.0,100.9780682782075,100.9780682782075,0.0016231545591327,False
MLR,93,2023-12-20,2023-12-21,2550,62151.0,0.0017055236440282,0.0011257149758588,0.0,62257.0,62220.9643114646,62151.0,-36.03568853539764,36.03568853539764,-0.0005798086681693,True
MLR,94,2023-12-21,2023-12-22,2551,62257.0,0.0064249803234976,0.001047831063607,0.0,62657.0,62322.23481852699,62257.0,-334.7651814730125,334.7651814730125,-0.0053771492598905,True
MLR,95,2023-12-22,2023-12-26,2552,62657.0,0.0010373940661059,-0.000304205959373,0.0,62722.0,62637.93936720356,62657.0,-84.0606327964415,84.0606327964415,-0.0013416000254789,False
MLR,96,2023-12-26,2023-12-27,2553,62722.0,0.0090877204170785,0.0014377569874613,0.0,63292.0,62812.17899376755,62722.0,-479.8210062324506,479.8210062324506,-0.0076499634296171,True
MLR,97,2023-12-27,2023-12-28,2554,63292.0,-0.0027333628262655,0.0005906722038695,0.0,63119.0,63329.38482512731,63292.0,210.38482512730843,210.38482512730843,0.003324035030135,False
MLR,98,2023-12-28,2023-12-29,2555,63119.0,-0.0026141098559863,0.0011740140242544,0.0,62954.0,63193.10259119692,63119.0,239.1025911969191,239.1025911969191,0.0037881238802407,False
MLR,99,2023-12-29,2024-01-01,2556,62954.0,0.0007465768656478,0.0006565294584407,0.0,63001.0,62995.331155526685,62954.0,-5.668844473315403,5.668844473315403,-9.004740720701702e-05,True
MLR,100,2024-01-01,2024-01-02,2557,63001.0,0.0006031650291264,0.0006173283133204,0.0,63039.0,63039.8923010675,63001.0,0.89230106749892,0.89230106749892,1.416328419401292e-05,True
MLR,101,2024-01-02,2024-01-03,2558,63039.0,-0.0118180808705722,0.0005186272830682,0.0,62294.0,63071.693745297336,63039.0,777.6937452973361,777.6937452973361,0.0123367081536404,False
MLR,102,2024-01-03,2024-01-04,2559,62294.0,0.002407936558898,0.0010720726316654,0.0,62444.0,62360.783692516976,62294.0,-83.21630748302414,83.21630748302414,-0.0013358639272325,True
MLR,103,2024-01-04,2024-01-05,2560,62444.0,0.0029306258407533,0.0009886673958103,0.0,62627.0,62505.73634686398,62444.0,-121.26365313601856,121.26365313601856,-0.0019419584449429,True
MLR,104,2024-01-05,2024-01-08,2561,62627.0,-0.0077761987641112,0.0004848116676479,0.0,62140.0,62657.36230030979,62627.0,517.3623003097891,517.3623003097891,0.0082610104317591,False
MLR,105,2024-01-08,2024-01-09,2562,62140.0,0.0011425812681042,0.0003140327955039,0.0,62211.0,62159.51399791262,62140.0,-51.48600208738208,51.48600208738208,-0.0008285484726002,True
MLR,106,2024-01-09,2024-01-10,2563,62211.0,-0.002636189741364,0.0003981830178519,0.0,62047.0,62235.77136372359,62211.0,188.77136372358652,188.77136372358652,0.0030343727592159,False
MLR,107,2024-01-10,2024-01-11,2564,62047.0,-0.0034973487839863,0.0006066204341973,0.0,61830.0,62084.63897808064,62047.0,254.63897808063484,254.63897808063484,0.0041039692181836,False
MLR,108,2024-01-11,2024-01-12,2565,61830.0,0.0087659712113861,0.0001473055833408,0.0,62372.0,61839.10790421796,61830.0,-532.8920957820446,532.8920957820446,-0.0086186656280452,True
MLR,109,2024-01-12,2024-01-15,2566,62372.0,0.0031264028730839,0.0001314273957434,0.0,62567.0,62380.19738952732,62372.0,-186.8026104726814,186.8026104726814,-0.0029949754773404,True
MLR,110,2024-01-15,2024-01-16,2567,62567.0,-0.0080233989163616,0.0016991419828779,0.0,62065.0,62673.310216442726,62567.0,608.3102164427255,608.3102164427255,0.0097225408992395,False
MLR,111,2024-01-16,2024-01-17,2568,62065.0,-0.008120518810924,0.0016759713514732,0.0,61561.0,62169.0191619292,62065.0,608.0191619291945,608.0191619291945,0.0097964901623972,False
MLR,112,2024-01-17,2024-01-18,2569,61561.0,0.0037361316417861,0.0002520170818911,0.0,61791.0,61576.5144235783,61561.0,-214.48557642169908,214.48557642169908,-0.0034841145598949,True
MLR,113,2024-01-18,2024-01-19,2570,61791.0,0.0037222249194865,0.0002250650200416,0.0,62021.0,61804.9069926534,61791.0,-216.09300734660064,216.09300734660064,-0.0034971598994448,True
MLR,114,2024-01-19,2024-01-22,2571,62021.0,-0.0021444349494526,0.0002770142522833,0.0,61888.0,62038.18070094087,62021.0,150.18070094087307,150.18070094087307,0.0024214492017359,False
MLR,115,2024-01-22,2024-01-23,2572,61888.0,0.0018581954498448,0.0010967730899226,0.0,62003.0,61955.87709298914,61888.0,-47.12290701086022,47.12290701086022,-0.0007614223599221,True
MLR,116,2024-01-23,2024-01-24,2573,62003.0,0.0011128493782559,0.000558116609098,0.0,62072.0,62037.60490411391,62003.0,-34.39509588609508,34.39509588609508,-0.0005547327691578,True
MLR,117,2024-01-24,2024-01-25,2574,62072.0,-0.0005799716458306,0.000663025640903,0.0,62036.0,62113.155327582135,62072.0,77.15532758213521,77.15532758213521,0.0012429972867336,False
MLR,118,2024-01-25,2024-01-29,2575,62036.0,0.0031916951447545,0.0007165885665459,0.0,62234.0,62080.45428831424,62036.0,-153.54571168575785,153.54571168575785,-0.0024751065782085,True
MLR,119,2024-01-29,2024-01-30,2576,62234.0,0.0022013690265771,0.0006045263365549,0.0,62371.0,62271.62209202917,62234.0,-99.3779079708329,99.3779079708329,-0.0015968426900221,True
MLR,120,2024-01-30,2024-01-31,2577,62371.0,0.0079203475974412,0.0010362400182708,0.0,62865.0,62435.63132617957,62371.0,-429.3686738204269,429.3686738204269,-0.0068841075791703,True
MLR,121,2024-01-31,2024-02-01,2578,62865.0,0.0034041199395529,0.0014679244726293,0.0,63079.0,62957.28107197183,62865.0,-121.71892802816728,121.71892802816728,-0.0019361954669235,True
MLR,122,2024-02-01,2024-02-02,2579,63079.0,-0.0069753800789486,0.0018454795605304,0.0,62639.0,63195.4110051987,63079.0,556.4110051987009,556.4110051987009,0.008820859639479,False
MLR,123,2024-02-02,2024-02-05,2580,62639.0,-0.0015485560114305,0.0020948141107778,0.0,62542.0,62770.21706108501,62639.0,228.21706108500803,228.21706108500803,0.0036433701222083,False
MLR,124,2024-02-05,2024-02-06,2581,62542.0,-0.0035176361485081,0.001306342932373,0.0,62322.0,62623.70129967648,62542.0,301.70129967648245,301.70129967648245,0.0048239790808811,False
MLR,125,2024-02-06,2024-02-07,2582,62322.0,-0.0002727768685215,-0.0003060153703943,0.0,62305.0,62302.92851008628,62322.0,-2.071489913716505,2.071489913716505,-3.323850187286179e-05,True
MLR,126,2024-02-07,2024-02-08,2583,62305.0,-0.0013803065564561,0.0005977582647096,0.0,62219.0,62342.243328682736,62305.0,123.24332868273632,123.24332868273632,0.0019780648211657,False
MLR,127,2024-02-08,2024-02-09,2584,62219.0,-0.001832237740883,0.0005088961097385,0.0,62105.0,62250.66300705182,62219.0,145.6630070518222,145.6630070518222,0.0023411338506215,False
MLR,128,2024-02-09,2024-02-12,2585,62105.0,-0.004009339022623,0.0004803963896504,0.0,61856.0,62134.835017779245,62105.0,278.8350177792454,278.8350177792454,0.0044897354122734,False
MLR,129,2024-02-12,2024-02-13,2586,61856.0,-0.0095221158820486,0.0007166934678116,0.0,61267.0,61900.33179114495,61856.0,633.3317911449485,633.3317911449485,0.0102388093498602,False
MLR,130,2024-02-13,2024-02-14,2587,61267.0,-0.0015832340411641,0.0003183036944533,0.0,61170.0,61286.50151244808,61267.0,116.50151244807785,116.50151244807785,0.0019015377356174,False
MLR,131,2024-02-14,2024-02-15,2588,61170.0,0.0022233120810855,-0.000316316021069,0.0,61306.0,61150.65094899121,61170.0,-155.34905100878677,155.34905100878677,-0.0025396281021545,False
MLR,132,2024-02-15,2024-02-16,2589,61306.0,0.0031318304896748,0.0005658432618476,0.0,61498.0,61340.68958701083,61306.0,-157.31041298917262,157.31041298917262,-0.0025659872278271,True
MLR,133,2024-02-16,2024-02-19,2590,61498.0,0.0023252788708576,0.0009426655183123,0.0,61641.0,61555.97204404518,61498.0,-85.02795595482166,85.02795595482166,-0.0013826133525452,True
MLR,134,2024-02-19,2024-02-20,2591,61641.0,0.0027416816729124,0.000890175546557,0.0,61810.0,61695.871310865325,61641.0,-114.12868913467535,114.12868913467535,-0.0018515061263553,True
MLR,135,2024-02-20,2024-02-21,2592,61810.0,-0.0010677883837566,0.0009192697464781,0.0,61744.0,61866.820063029816,61810.0,122.82006302981608,122.82006302981608,0.0019870581302347,False
MLR,136,2024-02-21,2024-02-22,2593,61744.0,-0.0013442601710287,0.0015798558586382,0.0,61661.0,61841.54662013576,61744.0,180.5466201357558,180.5466201357558,0.0029241160296669,False
MLR,137,2024-02-22,2024-02-23,2594,61661.0,0.0040382089164949,0.0007274417008633,0.0,61910.0,61705.85478271694,61661.0,-204.14521728306136,204.14521728306136,-0.0033107672156315,True
MLR,138,2024-02-23,2024-02-26,2595,61910.0,-0.0023259570344047,0.0003550639874246,0.0,61766.0,61931.982011461456,61910.0,165.98201146145584,165.98201146145584,0.0026810210218293,False
MLR,139,2024-02-26,2024-02-27,2596,61766.0,0.0011818799987048,0.0014419544630063,0.0,61839.0,61855.063759362056,61766.0,16.063759362055862,16.063759362055862,0.0002600744643015,True
MLR,140,2024-02-27,2024-02-28,2597,61839.0,-0.0007600381636184,0.0005858828404571,0.0,61792.0,61875.23040897104,61839.0,83.23040897103783,83.23040897103783,0.0013459210040755,False
MLR,141,2024-02-28,2024-02-29,2598,61792.0,0.0081078456758156,0.000531501843774,0.0,62293.0,61824.84256193048,61792.0,-468.1574380695238,468.1574380695238,-0.0075763438320415,True
MLR,142,2024-02-29,2024-03-01,2599,62293.0,0.0135167675340728,0.0010521071505279,0.0,63135.0,62358.538910727846,62293.0,-776.4610892721539,776.4610892721539,-0.0124646603835448,True
MLR,143,2024-03-01,2024-03-04,2600,63135.0,0.0074443652490694,0.0010937438252812,0.0,63605.0,63204.05351640914,63135.0,-400.9464835908584,400.9464835908584,-0.0063506214237881,True
MLR,144,2024-03-04,2024-03-05,2601,63605.0,0.009244556245578,0.0016926572097129,0.0,64193.0,63712.66146182379,63605.0,-480.3385381762128,480.3385381762128,-0.007551899035865,True
MLR,145,2024-03-05,2024-03-06,2602,64193.0,0.0132257411244216,0.0017685604391506,0.0,65042.0,64306.52920027039,64193.0,-735.4707997296064,735.4707997296064,-0.0114571806852709,True
MLR,146,2024-03-06,2024-03-07,2603,65042.0,0.0031364349189755,0.0019817087062399,0.0,65246.0,65170.89429767126,65042.0,-75.10570232874306,75.10570232874306,-0.0011547262127355,True
MLR,147,2024-03-07,2024-03-08,2604,65246.0,0.0092112926462923,0.0013815634320059,0.0,65847.0,65336.14148768466,65246.0,-510.8585123153389,510.8585123153389,-0.0078297292142863,True
MLR,148,2024-03-08,2024-03-11,2605,65847.0,0.0003796680182848,0.000418039675999,0.0,65872.0,65874.52665854552,65847.0,2.526658545524697,2.526658545524697,3.837165771429816e-05,True
MLR,149,2024-03-11,2024-03-12,2606,65872.0,-0.008167354870051,0.0013193055166373,0.0,65334.0,65958.90529299194,65872.0,624.9052929919417,624.9052929919417,0.0094866603866883,False
MLR,150,2024-03-12,2024-03-13,2607,65334.0,0.005862185079744,0.000307722993008,0.0,65717.0,65354.10477402518,65334.0,-362.89522597481846,362.89522597481846,-0.0055544620867359,True
MLR,151,2024-03-13,2024-03-14,2608,65717.0,-0.0042911271056195,-9.015337185105565e-05,0.0,65435.0,65711.07539086207,65717.0,276.07539086206816,276.07539086206816,0.0042009737337684,True
MLR,152,2024-03-14,2024-03-15,2609,65435.0,-0.0010391992053182,1.2260149063581134e-05,0.0,65367.0,65435.80224285397,65435.0,68.8022428539698,68.8022428539698,0.0010514593543817,False
MLR,153,2024-03-15,2024-03-18,2610,65367.0,0.0009484908287056,-0.000732574352399,0.0,65429.0,65319.11381230673,65367.0,-109.8861876932715,109.8861876932715,-0.0016810651811046,False
MLR,154,2024-03-18,2024-03-19,2611,65429.0,3.0567485365784464e-05,-0.0002029355462548,0.0,65431.0,65415.722130144095,65429.0,-15.27786985590501,15.27786985590501,-0.0002335030316206,False
MLR,155,2024-03-19,2024-03-20,2612,65431.0,0.001910409438951,7.54543776811719e-05,0.0,65556.0,65435.93705538605,65431.0,-120.0629446139501,120.0629446139501,-0.0018349550612698,True
MLR,156,2024-03-20,2024-03-21,2613,65556.0,0.0058423332723167,0.0004769876771162,0.0,65939.0,65587.26940416104,65556.0,-351.7305958389625,351.7305958389625,-0.0053653455952004,True
MLR,157,2024-03-21,2024-03-22,2614,65939.0,-0.003836879540181,-0.0011635449309724,0.0,65686.0,65862.2770107966,65939.0,176.2770107966062,176.2770107966062,0.0026733346092085,True
MLR,158,2024-03-22,2024-03-25,2615,65686.0,0.0026794141826265,0.0002631247378087,0.0,65862.0,65703.2836115277,65686.0,-158.7163884722977,158.7163884722977,-0.0024162894448177,True
MLR,159,2024-03-25,2024-03-26,2616,65862.0,0.0025052382253802,0.0014219604481028,0.0,66027.0,65955.65315903295,65862.0,-71.34684096704586,71.34684096704586,-0.0010832777772773,True
MLR,160,2024-03-26,2024-03-27,2617,66027.0,0.0040589455828676,-0.0004373517835977,0.0,66295.0,65998.1229737844,66027.0,-296.8770262156031,296.8770262156031,-0.0044962973664653,False
MLR,161,2024-03-27,2024-03-28,2618,66295.0,0.0195640696885135,0.0003594387711715,0.0,67592.0,66318.82899333483,66295.0,-1273.1710066651722,1273.1710066651722,-0.0192046309173419,True
MLR,162,2024-03-28,2024-04-01,2619,67592.0,0.0099272103207479,-5.134369580838652e-07,0.0,68263.0,67591.96529576913,67592.0,-671.0347042308713,671.0347042308713,-0.0099277237577059,False
MLR,163,2024-04-01,2024-04-02,2620,68263.0,0.0078959319104052,0.0014748081361572,0.0,68802.0,68363.6748277985,68263.0,-438.3251722014975,438.3251722014975,-0.0064211237742479,True
MLR,164,2024-04-02,2024-04-03,2621,68802.0,0.0134153076945437,0.0018866625753204,0.0,69725.0,68931.8061585072,68802.0,-793.1938414928009,793.1938414928009,-0.0115286451192232,True
MLR,165,2024-04-03,2024-04-04,2622,69725.0,-0.0016206525636428,0.0044565236140703,0.0,69612.0,70035.73110899105,69725.0,423.73110899105086,423.73110899105086,0.0060771761777131,False
MLR,166,2024-04-04,2024-04-05,2623,69612.0,0.0156438545078434,0.0022247905499191,0.0,70701.0,69766.87211976097,69612.0,-934.1278802390298,934.1278802390298,-0.0134190639579242,True
MLR,167,2024-04-05,2024-04-08,2624,70701.0,-0.001329542722168,0.0008117879314463,0.0,70607.0,70758.39421854119,70701.0,151.394218541187,151.394218541187,0.0021413306536143,False
MLR,168,2024-04-08,2024-04-09,2625,70607.0,0.0074071975866416,0.0008685570014108,0.0,71130.0,70668.32620419862,70607.0,-461.6737958013837,461.6737958013837,-0.0065386405852307,True
MLR,169,2024-04-09,2024-04-10,2626,71130.0,-4.2176296921159206e-05,5.837398108663567e-06,0.0,71127.0,71130.41521412747,71130.0,3.4152141274680616,3.4152141274680616,4.801369502982277e-05,False
MLR,170,2024-04-10,2024-04-11,2627,71127.0,0.0054409717828671,0.000675579607439,0.0,71514.0,71175.05195073833,71127.0,-338.94804926167126,338.94804926167126,-0.004765392175428,True
MLR,171,2024-04-11,2024-04-12,2628,71514.0,0.0047962636686522,0.0001885366187206,0.0,71857.0,71527.48300775119,71514.0,-329.51699224881304,329.51699224881304,-0.0046077270499315,True
MLR,172,2024-04-12,2024-04-15,2629,71857.0,0.0065686015280348,-0.002404606038155,0.0,72329.0,71684.2122239163,71857.0,-644.7877760837,644.7877760837,-0.0089732075661898,False
MLR,173,2024-04-15,2024-04-16,2630,72329.0,0.0107840561876979,0.000918041873862,0.0,73109.0,72395.40105069458,72329.0,-713.5989493054221,713.5989493054221,-0.0098660143138358,True
MLR,174,2024-04-16,2024-04-17,2631,73109.0,-0.0056627774966145,0.0004201117053932,0.0,72695.0,73139.7139466696,73109.0,444.7139466695953,444.7139466695953,0.0060828892020077,False
MLR,175,2024-04-17,2024-04-18,2632,72695.0,0.0044157094710777,0.0012643554652177,0.0,73016.0,72786.912320544,72695.0,-229.08767945600263,229.08767945600263,-0.0031513540058599,True
MLR,176,2024-04-18,2024-04-19,2633,73016.0,0.0031499945217485,0.0009649972618595,0.0,73246.0,73086.46024007193,73016.0,-159.53975992806954,159.53975992806954,-0.0021849972598889,True
MLR,177,2024-04-19,2024-04-22,2634,73246.0,-0.0178849356961472,0.0007718950226429,0.0,71936.0,73302.5382228285,73246.0,1366.5382228285016,1366.5382228285016,0.0186568307187901,False
MLR,178,2024-04-22,2024-04-23,2635,71936.0,-0.004809830960854,0.0001889763011239,0.0,71590.0,71949.59419919766,71936.0,359.5941991976579,359.5941991976579,0.0049988072619779,False
MLR,179,2024-04-23,2024-04-24,2636,71590.0,0.0014247799972062,-0.0010580722871421,0.0,71692.0,71514.25260496349,71590.0,-177.74739503650926,177.74739503650926,-0.0024828522843483,False
MLR,180,2024-04-24,2024-04-25,2637,71692.0,0.0004603024047313,-0.0004353338773914,0.0,71725.0,71660.79004366205,71692.0,-64.20995633794519,64.20995633794519,-0.0008956362821227,False
MLR,181,2024-04-25,2024-04-26,2638,71725.0,0.0053258975252701,-0.0004211061871142,0.0,72107.0,71694.79615872924,71725.0,-412.2038412707625,412.2038412707625,-0.0057470037123843,False
MLR,182,2024-04-26,2024-04-29,2639,72107.0,0.0019831639091905,-4.947133913298367e-05,0.0,72250.0,72103.43277014914,72107.0,-146.56722985085798,146.56722985085798,-0.0020326352483234,False
MLR,183,2024-04-29,2024-04-30,2640,72250.0,-0.0177301038062284,0.0013431249403908,0.0,70969.0,72347.04077694323,72250.0,1378.040776943235,1378.040776943235,0.0190732287466192,False
MLR,184,2024-04-30,2024-05-01,2641,70969.0,0.0042976510870944,0.0016084626035119,0.0,71274.0,71083.15098250864,70969.0,-190.84901749136043,190.84901749136043,-0.0026891884835824,True
MLR,185,2024-05-01,2024-05-02,2642,71274.0,-0.0021747060639223,0.0001896303479909,0.0,71119.0,71287.5157134227,71274.0,168.51571342270472,168.51571342270472,0.0023643364119132,False
MLR,186,2024-05-02,2024-05-03,2643,71119.0,-0.0017013737538491,0.0016316805284273,0.0,70998.0,71235.04348750123,71119.0,237.0434875012288,237.0434875012288,0.0033330542822764,False
MLR,187,2024-05-03,2024-05-06,2644,70998.0,0.0045494239274346,0.0007743445338655,0.0,71321.0,71052.97691321539,70998.0,-268.0230867846112,268.0230867846112,-0.003775079393569,True
MLR,188,2024-05-06,2024-05-07,2645,71321.0,-0.0025939064230731,-0.0001758747093031,0.0,71136.0,71308.4564398578,71321.0,172.45643985779316,172.45643985779316,0.0024180317137699,True
MLR,189,2024-05-07,2024-05-08,2646,71136.0,-9.840305892938606e-05,0.0011061905488137,0.0,71129.0,71214.68997088043,71136.0,85.6899708804267,85.6899708804267,0.0012045936077431,False
MLR,190,2024-05-08,2024-05-09,2647,71129.0,0.0064249462244654,0.0010330503567551,0.0,71586.0,71202.47983882565,71129.0,-383.5201611743541,383.5201611743541,-0.0053918958677102,True
MLR,191,2024-05-09,2024-05-10,2648,71586.0,0.0140949347637806,-4.464839913965286e-06,0.0,72595.0,71585.68037996991,71586.0,-1009.319620030088,1009.319620030088,-0.0140993996036945,False
MLR,192,2024-05-10,2024-05-13,2649,72595.0,-0.0106894414215854,0.0010288084038242,0.0,71819.0,72669.68634607561,72595.0,850.686346075614,850.686346075614,0.0117182498254096,False
MLR,193,2024-05-13,2024-05-14,2650,71819.0,0.0054860134504797,0.0014293876950963,0.0,72213.0,71921.65719487413,71819.0,-291.342805125867,291.342805125867,-0.0040566257553833,True
MLR,194,2024-05-14,2024-05-15,2651,72213.0,0.0109121626299972,0.0012081401113651,0.0,73001.0,72300.243421862,72213.0,-700.7565781379963,700.7565781379963,-0.009704022518632,True
MLR,195,2024-05-15,2024-05-16,2652,73001.0,-0.0014383364611443,0.0010196671215257,0.0,72896.0,73075.4367195385,73001.0,179.43671953849844,179.43671953849844,0.00245800358267,False
MLR,196,2024-05-16,2024-05-17,2653,72896.0,0.0095615671641791,0.0017633490972643,0.0,73593.0,73024.54109579418,72896.0,-568.4589042058215,568.4589042058215,-0.0077982180669147,True
MLR,197,2024-05-17,2024-05-20,2654,73593.0,0.0093758917288329,0.0006857155303142,0.0,74283.0,73643.4638630224,73593.0,-639.5361369775928,639.5361369775928,-0.0086901761985186,True
MLR,198,2024-05-20,2024-05-21,2655,74283.0,-0.0042136154974893,0.001952399974842,0.0,73970.0,74428.03012733119,74283.0,458.0301273311925,458.0301273311925,0.0061660154723313,False
MLR,199,2024-05-21,2024-05-22,2656,73970.0,-0.012748411518183,0.0017204330632916,0.0,73027.0,74097.26043369168,73970.0,1070.2604336916847,1070.2604336916847,0.0144688445814746,False
MLR,200,2024-05-22,2024-05-23,2657,73027.0,-0.019102523724102,0.0010605606088584,0.0,71632.0,73104.44955958311,73027.0,1472.4495595831104,1472.4495595831104,0.0201630843329604,False
MLR,201,2024-05-23,2024-05-24,2658,71632.0,-0.003517980790708,-0.0012139415730404,0.0,71380.0,71545.04293723997,71632.0,165.0429372399667,165.0429372399667,0.0023040392176675,True
MLR,202,2024-05-24,2024-05-27,2659,71380.0,0.0086999159428411,-0.0011520884889541,0.0,72001.0,71297.76392365845,71380.0,-703.236076341549,703.236076341549,-0.0098520044317952,False
MLR,203,2024-05-27,2024-05-28,2660,72001.0,0.001999972222608,0.0001971722344485,0.0,72145.0,72015.19659805253,72001.0,-129.8034019474726,129.8034019474726,-0.0018027999881594,True
MLR,204,2024-05-28,2024-05-29,2661,72145.0,-0.0021068681128283,0.0006600556557552,0.0,71993.0,72192.61971528445,72145.0,199.6197152844543,199.6197152844543,0.0027669237685835,False
MLR,205,2024-05-29,2024-05-30,2662,71993.0,-0.001958523745364,0.0007751968617137,0.0,71852.0,72048.80874766536,71993.0,196.80874766536,196.80874766536,0.0027337206070777,False
MLR,206,2024-05-30,2024-05-31,2663,71852.0,-0.0020737070645214,0.0010939543702495,0.0,71703.0,71930.60280941117,71852.0,227.602809411168,227.602809411168,0.0031676614347709,False
MLR,207,2024-05-31,2024-06-03,2664,71703.0,0.0016038380541958,0.0016988996231208,0.0,71818.0,71824.81619967663,71703.0,6.816199676628457,6.816199676628457,9.506156892509152e-05,True
MLR,208,2024-06-03,2024-06-04,2665,71818.0,-0.0005012670918154,0.0028663085413552,0.0,71782.0,72023.85254682305,71818.0,241.85254682305091,241.85254682305091,0.0033675756331706,False
MLR,209,2024-06-04,2024-06-05,2666,71782.0,0.009793541556379,0.0018079415809526,0.0,72485.0,71911.77766256394,71782.0,-573.2223374360619,573.2223374360619,-0.0079855999754263,True
MLR,210,2024-06-05,2024-06-06,2667,72485.0,0.0065944678209284,0.0020253395859274,0.0,72963.0,72631.80673988596,72485.0,-331.19326011404337,331.19326011404337,-0.0045691282350009,True
MLR,211,2024-06-06,2024-06-07,2668,72963.0,-0.0226827296026753,0.001566976688456,0.0,71308.0,73077.33132011982,72963.0,1769.331320119818,1769.331320119818,0.0242497062911313,False
MLR,212,2024-06-07,2024-06-10,2669,71308.0,-7.011835979131575e-05,0.0006689283438816,0.0,71303.0,71355.69994234551,71308.0,52.69994234551268,52.69994234551268,0.0007390467036729,False
MLR,213,2024-06-10,2024-06-11,2670,71303.0,0.0006030601797961,-0.0001362286969356,0.0,71346.0,71293.2864852224,71303.0,-52.7135147775989,52.7135147775989,-0.0007392888767317,False
MLR,214,2024-06-11,2024-06-12,2671,71346.0,0.0063072912286603,8.21602095007765e-05,0.0,71796.0,71351.86180230703,71346.0,-444.1381976929697,444.1381976929697,-0.0062251310191595,True
MLR,215,2024-06-12,2024-06-13,2672,71796.0,-0.0106691180567162,0.000506220264463,0.0,71030.0,71832.34459010739,71796.0,802.3445901073865,802.3445901073865,0.0111753383211792,False
MLR,216,2024-06-13,2024-06-14,2673,71030.0,0.0093059270730677,0.0004830129867581,0.0,71691.0,71064.30841244943,71030.0,-626.6915875505656,626.6915875505656,-0.0088229140863095,True
MLR,217,2024-06-14,2024-06-17,2674,71691.0,-0.0056631934273478,0.0009056234389062,0.0,71285.0,71755.92504995862,71691.0,470.9250499586197,470.9250499586197,0.006568816866254,False
MLR,218,2024-06-17,2024-06-18,2675,71285.0,0.0030581468752191,0.0015274206072633,0.0,71503.0,71393.88217798877,71285.0,-109.11782201123424,109.11782201123424,-0.0015307262679557,True
MLR,219,2024-06-18,2024-06-19,2676,71503.0,0.000223766834958,0.0010675583886967,0.0,71519.0,71579.33362746699,71503.0,60.33362746698549,60.33362746698549,0.0008437915537387,True
MLR,220,2024-06-19,2024-06-20,2677,71519.0,0.010332918525147,0.0015248495052565,0.0,72258.0,71628.05571176646,71519.0,-629.9442882335425,629.9442882335425,-0.0088080690198904,True
MLR,221,2024-06-20,2024-06-21,2678,72258.0,-0.0114727781006946,0.0007647843017221,0.0,71429.0,72313.26178407384,72258.0,884.2617840738385,884.2617840738385,0.0122375624024167,False
MLR,222,2024-06-21,2024-06-24,2679,71429.0,0.0011619930280417,0.0012664810219648,0.0,71512.0,71519.46347291794,71429.0,7.463472917937906,7.463472917937906,0.0001044879939231,True
MLR,223,2024-06-24,2024-06-25,2680,71512.0,-0.0043489204609016,0.0009464951783606,0.0,71201.0,71579.68576319492,71512.0,378.6857631949242,378.6857631949242,0.0052954156392622,False
MLR,224,2024-06-25,2024-06-26,2681,71201.0,-0.0039606185306385,0.0007885370991023,0.0,70919.0,71257.14462999318,71201.0,338.14462999318494,338.14462999318494,0.0047491556297408,False
MLR,225,2024-06-26,2024-06-27,2682,70919.0,0.0054146279558369,0.0006887320503169,0.0,71303.0,70967.84418827643,70919.0,-335.15581172356906,335.15581172356906,-0.0047258959055199,True
MLR,226,2024-06-27,2024-06-28,2683,71303.0,-0.0003926903496346,3.644655767106046e-05,0.0,71275.0,71305.59874890161,71303.0,30.598748901611543,30.598748901611543,0.0004291369073056,False
MLR,227,2024-06-28,2024-07-01,2684,71275.0,0.0007576289021395,0.0008183283124687,0.0,71329.0,71333.32635047121,71275.0,4.3263504712085705,4.3263504712085705,6.069941032921136e-05,True
MLR,228,2024-07-01,2024-07-02,2685,71329.0,0.0003925472108119,0.0011064054475568,0.0,71357.0,71407.91879416879,71329.0,50.9187941687851,50.9187941687851,0.0007138582367449,True
MLR,229,2024-07-02,2024-07-03,2686,71357.0,0.0112532757823338,0.0009803464093286,0.0,72160.0,71426.95457873045,71357.0,-733.0454212695477,733.0454212695477,-0.0102729293730051,True
MLR,230,2024-07-03,2024-07-04,2687,72160.0,-0.0001247228381374,0.0017453381963654,0.0,72151.0,72285.94360424973,72160.0,134.94360424972547,134.94360424972547,0.0018700610345028,False
MLR,231,2024-07-04,2024-07-05,2688,72151.0,0.015301243226012,0.002435894475864,0.0,73255.0,72326.75222232807,72151.0,-928.2477776719315,928.2477776719315,-0.0128653487501479,True
MLR,232,2024-07-05,2024-07-08,2689,73255.0,-0.0125998225377107,-0.0012913209833936,0.0,72332.0,73160.4042813615,73255.0,828.4042813614942,828.4042813614942,0.011308501554317,True
MLR,233,2024-07-08,2024-07-09,2690,72332.0,0.0007327324005972,0.002053110065517,0.0,72385.0,72480.50555725898,72332.0,95.5055572589772,95.5055572589772,0.0013203776649198,True
MLR,234,2024-07-09,2024-07-10,2691,72385.0,0.0033708641293086,0.0009608690653424,0.0,72629.0,72454.55250729481,72385.0,-174.44749270519242,174.44749270519242,-0.0024099950639661,True
MLR,235,2024-07-10,2024-07-11,2692,72629.0,0.0079307163805091,0.0004612735590561,0.0,73205.0,72662.50183732068,72629.0,-542.498162679316,542.498162679316,-0.0074694428214529,True
MLR,236,2024-07-11,2024-07-12,2693,73205.0,-0.0006283723789358,0.0006164945130882,0.0,73159.0,73250.13048083062,73205.0,91.13048083061584,91.13048083061584,0.001244866892024,False
MLR,237,2024-07-12,2024-07-15,2694,73159.0,0.0020776664525212,0.0016721541058003,0.0,73311.0,73281.33312222625,73159.0,-29.666877773750457,29.666877773750457,-0.0004055123467208,True
MLR,238,2024-07-15,2024-07-16,2695,73311.0,0.0097393297049555,0.0006629285344066,0.0,74025.0,73359.59995378589,73311.0,-665.4000462141121,665.4000462141121,-0.0090764011705488,True
MLR,239,2024-07-16,2024-07-17,2696,74025.0,-0.0013644039175954,0.0011827956668438,0.0,73924.0,74112.55644923811,74025.0,188.55644923810905,188.55644923810905,0.0025471995844392,False
MLR,240,2024-07-17,2024-07-18,2697,73924.0,0.0005546236675504,0.0016341488205832,0.0,73965.0,74044.8028174128,73924.0,79.8028174127976,79.8028174127976,0.0010795251530328,True
MLR,241,2024-07-18,2024-07-19,2698,73965.0,-0.0147772595146352,0.0015054683639812,0.0,72872.0,74076.35196754188,73965.0,1204.3519675418793,1204.3519675418793,0.0162827278786164,False
MLR,242,2024-07-19,2024-07-22,2699,72872.0,-0.0031699418157865,0.0003621020539206,0.0,72641.0,72898.3871008733,72872.0,257.3871008732968,257.3871008732968,0.0035320438697071,False
MLR,243,2024-07-22,2024-07-23,2700,72641.0,-0.0549689569251524,-0.0002407886174,0.0,68648.0,72623.50887404344,72641.0,3975.508874043444,3975.508874043444,0.0547281683077523,True
MLR,244,2024-07-23,2024-07-24,2701,68648.0,0.0055354853746649,-0.0036471792602649,0.0,69028.0,68397.62843814133,68648.0,-630.3715618586721,630.3715618586721,-0.0091826646349298,False
MLR,245,2024-07-24,2024-07-25,2702,69028.0,-0.0222663267080025,-0.0034578210531619,0.0,67491.0,68789.31352834233,69028.0,1298.3135283423326,1298.3135283423326,0.0188085056548405,True
MLR,246,2024-07-25,2024-07-26,2703,67491.0,0.0101050510438429,-0.0016841805231505,0.0,68173.0,67377.33297231204,67491.0,-795.6670276879595,795.6670276879595,-0.0117892315669934,False
MLR,247,2024-07-26,2024-07-29,2704,68173.0,0.0004840626054303,-0.0014468122355631,0.0,68206.0,68074.36646946496,68173.0,-131.6335305350367,131.6335305350367,-0.0019308748409934,False
MLR,248,2024-07-29,2024-07-30,2705,68206.0,0.0060258628273173,0.0018538102167459,0.0,68617.0,68332.44097964338,68206.0,-284.5590203566244,284.5590203566244,-0.0041720526105713,True
MLR,249,2024-07-30,2024-07-31,2706,68617.0,0.0067913199352929,0.0021575182689434,0.0,69083.0,68765.0424310601,68617.0,-317.9575689399062,317.9575689399062,-0.0046338016663494,True
MLR,250,2024-07-31,2024-08-01,2707,69083.0,0.00476238727328,0.0041296412083556,0.0,69412.0,69368.28800359683,69083.0,-43.71199640317354,43.71199640317354,-0.0006327460649243,True
MLR,251,2024-08-01,2024-08-02,2708,69412.0,-0.0004466086555638,0.0013610839197123,0.0,69381.0,69506.47555703507,69412.0,125.47555703506804,125.47555703506804,0.0018076925752761,False
MLR,252,2024-08-02,2024-08-05,2709,69381.0,-0.0106657442239229,0.0031561382491152,0.0,68641.0,69599.97602786186,69381.0,958.9760278618631,958.9760278618631,0.0138218824730381,False
MLR,253,2024-08-05,2024-08-06,2710,68641.0,0.0014714237846185,0.0026622914047552,0.0,68742.0,68823.74234431381,68641.0,81.74234431381046,81.74234431381046,0.0011908676201367,True
MLR,254,2024-08-06,2024-08-07,2711,68742.0,0.0001454714730442,0.0001377266833815,0.0,68752.0,68751.46760766901,68742.0,-0.5323923309915699,0.5323923309915699,-7.744789662669034e-06,True
MLR,255,2024-08-07,2024-08-08,2712,68752.0,0.0093670002327204,8.813771530493232e-06,0.0,69396.0,68752.60596442026,68752.0,-643.3940355797386,643.3940355797386,-0.0093581864611899,True
MLR,256,2024-08-08,2024-08-09,2713,69396.0,0.002997290910139,0.0005110707731782,0.0,69604.0,69431.46626737546,69396.0,-172.53373262453533,172.53373262453533,-0.0024862201369607,True
MLR,257,2024-08-09,2024-08-12,2714,69604.0,0.0107752428021377,0.0021680150396514,0.0,70354.0,69754.9025188199,69604.0,-599.0974811800988,599.0974811800988,-0.0086072277624862,True
MLR,258,2024-08-12,2024-08-13,2715,70354.0,2.842766580446465e-05,0.00111611104538,0.0,70356.0,70432.52287648668,70354.0,76.52287648667698,76.52287648667698,0.0010876833795755,True
MLR,259,2024-08-13,2024-08-14,2716,70356.0,-0.0068508727045312,0.002700407208059,0.0,69874.0,70545.9898495302,70356.0,671.9898495302041,671.9898495302041,0.0095512799125902,False
MLR,260,2024-08-14,2024-08-16,2717,69874.0,0.0152274093368063,0.0006232575386866,0.0,70938.0,69917.5494972582,69874.0,-1020.4505027418054,1020.4505027418054,-0.0146041517981196,True
MLR,261,2024-08-16,2024-08-19,2718,70938.0,0.0028193633877471,-0.0009375032229943,0.0,71138.0,70871.49539636723,70938.0,-266.50460363276943,266.50460363276943,-0.0037568666107414,False
MLR,262,2024-08-19,2024-08-20,2719,71138.0,0.0028395512946666,0.001842578262036,0.0,71340.0,71269.07733240472,71138.0,-70.92266759528138,70.92266759528138,-0.0009969730326305,True
MLR,263,2024-08-20,2024-08-21,2720,71340.0,0.0009391645640595,0.0001895923959527,0.0,71407.0,71353.52552152726,71340.0,-53.474478472737246,53.474478472737246,-0.0007495721681067,True
MLR,264,2024-08-21,2024-08-22,2721,71407.0,-0.0085565840883946,0.0011772078376341,0.0,70796.0,71491.06088006195,71407.0,695.060880061952,695.060880061952,0.0097337919260287,False
MLR,265,2024-08-22,2024-08-23,2722,70796.0,0.0070484208147352,0.0010101219828212,0.0,71295.0,70867.51259589581,70796.0,-427.4874041041912,427.4874041041912,-0.0060382988319139,True
MLR,266,2024-08-23,2024-08-26,2723,71295.0,0.0028753769549056,-0.0005380971067661,0.0,71500.0,71256.6363667731,71295.0,-243.3636332268943,243.3636332268943,-0.0034134740616717,False
MLR,267,2024-08-26,2024-08-27,2724,71500.0,0.0007132867132866,0.0007809427205183,0.0,71551.0,71555.83740451706,71500.0,4.837404517063987,4.837404517063987,6.76560072317145e-05,True
MLR,268,2024-08-27,2024-08-28,2725,71551.0,-0.0031166580481055,0.0013008908910401,0.0,71328.0,71644.08004414481,71551.0,316.0800441448082,316.0800441448082,0.0044175489391456,False
MLR,269,2024-08-28,2024-08-29,2726,71328.0,0.0047386720502466,0.0008004906306739,0.0,71666.0,71385.09739570471,71328.0,-280.9026042952901,280.9026042952901,-0.0039381814195726,True
MLR,270,2024-08-29,2024-08-30,2727,71666.0,-0.0065721541595735,0.0001608256131125,0.0,71195.0,71677.52572838932,71666.0,482.5257283893152,482.5257283893152,0.006732979772686,False
MLR,271,2024-08-30,2024-09-02,2728,71195.0,0.0005337453472855,0.0007202470041551,0.0,71233.0,71246.27798546082,71195.0,13.277985460823402,13.277985460823402,0.0001865016568696,True
MLR,272,2024-09-02,2024-09-03,2729,71233.0,-0.0059803742647368,-0.0001115524864326,0.0,70807.0,71225.05378173394,71233.0,418.05378173393547,418.05378173393547,0.0058688217783041,True
MLR,273,2024-09-03,2024-09-04,2730,70807.0,0.0034742327735959,0.0005404739673524,0.0,71053.0,70845.26934020633,70807.0,-207.73065979366947,207.73065979366947,-0.0029337588062434,True
MLR,274,2024-09-04,2024-09-05,2731,71053.0,0.0117799389188353,0.0010994878234149,0.0,71890.0,71131.1219083171,71053.0,-758.8780916828982,758.8780916828982,-0.0106804510954203,True
MLR,275,2024-09-05,2024-09-06,2732,71890.0,-0.0066907775768535,1.612756527873474e-05,0.0,71409.0,71891.1594106679,71890.0,482.1594106678968,482.1594106678968,0.0067069051421322,False
MLR,276,2024-09-06,2024-09-09,2733,71409.0,0.0022966292764217,0.0008467180009446,0.0,71573.0,71469.46328572945,71409.0,-103.53671427055087,103.53671427055087,-0.001449911275477,True
MLR,277,2024-09-09,2024-09-10,2734,71573.0,0.0034649937825717,0.0008896736061345,0.0,71821.0,71636.67660901188,71573.0,-184.3233909881237,184.3233909881237,-0.0025753201764371,True
MLR,278,2024-09-10,2024-09-11,2735,71821.0,0.0007936397432506,0.0008590647612722,0.0,71878.0,71882.69889021934,71821.0,4.698890219340683,4.698890219340683,6.542501802166774e-05,True
MLR,279,2024-09-11,2024-09-12,2736,71878.0,0.011171707615682,0.0008955430965355,0.0,72681.0,71942.36984669279,71878.0,-738.630153307211,738.630153307211,-0.0102761645191464,True
MLR,280,2024-09-12,2024-09-13,2737,72681.0,0.0094385052489647,-0.000517504292625,0.0,73367.0,72643.38727050772,72681.0,-723.6127294922771,723.6127294922771,-0.0099560095415897,False
MLR,281,2024-09-13,2024-09-16,2738,73367.0,0.000749655839819,0.0007823659716616,0.0,73422.0,73424.3998442429,73367.0,2.3998442429001443,2.3998442429001443,3.27101318426873e-05,True
MLR,282,2024-09-16,2024-09-17,2739,73422.0,-0.005447958377598,0.0018376576870504,0.0,73022.0,73556.92450269862,73422.0,534.9245026986173,534.9245026986173,0.0072856160646484,False
MLR,283,2024-09-17,2024-09-18,2740,73022.0,9.586152118545854e-05,0.0009717373044461,0.0,73029.0,73092.95820144528,73022.0,63.958201445275336,63.958201445275336,0.0008758757832606,True
MLR,284,2024-09-18,2024-09-19,2741,73029.0,0.0044913664434675,0.0004561250855352,0.0,73357.0,73062.31035887156,73029.0,-294.6896411284397,294.6896411284397,-0.0040352413579322,True
MLR,285,2024-09-19,2024-09-20,2742,73357.0,0.0084518178224299,-0.0003948351335064,0.0,73977.0,73328.03607911136,73357.0,-648.9639208886365,648.9639208886365,-0.0088466529559363,False
MLR,286,2024-09-20,2024-09-23,2743,73977.0,0.0027846492828851,0.0001544731304761,0.0,74183.0,73988.42745877324,73977.0,-194.57254122676383,194.57254122676383,-0.0026301761524089,True
MLR,287,2024-09-23,2024-09-24,2744,74183.0,0.0094765647115915,0.0013188958668485,0.0,74886.0,74280.83965209044,74183.0,-605.1603479095647,605.1603479095647,-0.0081576688447429,True
MLR,288,2024-09-24,2024-09-25,2745,74886.0,0.0037523702694761,0.0006728965321536,0.0,75167.0,74936.39052970686,74886.0,-230.6094702931441,230.6094702931441,-0.0030794737373224,True
MLR,289,2024-09-25,2024-09-26,2746,75167.0,0.0022882381896311,0.0019681963160494,0.0,75339.0,75314.94341248849,75167.0,-24.0565875115135,24.0565875115135,-0.0003200418735816,True
MLR,290,2024-09-26,2024-09-27,2747,75339.0,-0.0061190087471296,0.0004158099513625,0.0,74878.0,75370.32670592569,75339.0,492.3267059256905,492.3267059256905,0.0065348186984921,False
MLR,291,2024-09-27,2024-09-30,2748,74878.0,-0.0004540719570501,0.000997195086423,0.0,74844.0,74952.6679736812,74878.0,108.66797368119296,108.66797368119296,0.0014512670434731,False
MLR,292,2024-09-30,2024-10-01,2749,74844.0,0.0109026775693441,0.0006476883526922,0.0,75660.0,74892.4755870689,74844.0,-767.5244129311031,767.5244129311031,-0.0102549892166518,True
MLR,293,2024-10-01,2024-10-03,2750,75660.0,0.0022072429288924,0.0002363079123643,0.0,75827.0,75677.87905664949,75660.0,-149.1209433505137,149.1209433505137,-0.001970935016528,True
MLR,294,2024-10-03,2024-10-04,2751,75827.0,-0.0008967781924644,0.00219115446014,0.0,75759.0,75993.14866924904,75827.0,234.14866924904345,234.14866924904345,0.0030879326526044,False
MLR,295,2024-10-04,2024-10-07,2752,75759.0,-0.0013463746881559,0.0012931578473721,0.0,75657.0,75856.96834535907,75759.0,199.96834535906964,199.96834535906964,0.002639532535528,False
MLR,296,2024-10-07,2024-10-08,2753,75657.0,-0.0113406558547126,-0.0001445356817796,0.0,74799.0,75646.0648639236,75657.0,847.0648639236024,847.0648639236024,0.0111961201729329,True
MLR,297,2024-10-08,2024-10-09,2754,74799.0,-0.0038369496918407,-0.0001305299258708,0.0,74512.0,74789.2364920748,74799.0,277.2364920747932,277.2364920747932,0.0037064197659698,True
MLR,298,2024-10-09,2024-10-10,2755,74512.0,0.0043214515782692,-0.0005879924754532,0.0,74834.0,74468.18750466903,74512.0,-365.8124953309744,365.8124953309744,-0.0049094440537224,False
MLR,299,2024-10-10,2024-10-11,2756,74834.0,0.0120800705561643,-1.6768041010388024e-05,0.0,75738.0,74832.74518041904,74834.0,-905.254819580965,905.254819580965,-0.0120968385971746,False
MLR,300,2024-10-11,2024-10-14,2757,75738.0,-0.0024426311758958,0.0004760419069332,0.0,75553.0,75774.05446194731,75738.0,221.0544619473076,221.0544619473076,0.002918673082829,False
MLR,301,2024-10-14,2024-10-15,2758,75553.0,0.0037721864121875,0.0017265562696361,0.0,75838.0,75683.4465058398,75553.0,-154.55349416019453,154.55349416019453,-0.0020456301425513,True
MLR,302,2024-10-15,2024-10-16,2759,75838.0,0.0042854505656795,0.0009382836240083,0.0,76163.0,75909.15755347755,75838.0,-253.8424465224525,253.8424465224525,-0.0033471669416711,True
MLR,303,2024-10-16,2024-10-17,2760,76163.0,0.0049499100613159,0.0009805787801176,0.0,76540.0,76237.6838216301,76163.0,-302.3161783699033,302.3161783699033,-0.0039693312811982,True
MLR,304,2024-10-17,2024-10-18,2761,76540.0,0.0080872746276456,0.0008962278534677,0.0,77159.0,76608.59727990441,76540.0,-550.4027200955898,550.4027200955898,-0.0071910467741778,True
MLR,305,2024-10-18,2024-10-21,2762,77159.0,0.0045231275677497,0.0005910835091332,0.0,77508.0,77204.6074124812,77159.0,-303.3925875187997,303.3925875187997,-0.0039320440586164,True
MLR,306,2024-10-21,2024-10-22,2763,77508.0,0.0094570883005624,0.0006958027022964,0.0,78241.0,77561.9302758496,77508.0,-679.0697241503949,679.0697241503949,-0.0087612855982659,True
MLR,307,2024-10-22,2024-10-23,2764,78241.0,-0.0097007962577165,0.0011817209917333,0.0,77482.0,78333.4590321142,78241.0,851.4590321142023,851.4590321142023,0.0108825172494498,False
MLR,308,2024-10-23,2024-10-24,2765,77482.0,0.0050334271185565,0.0010314291185182,0.0,77872.0,77561.91719096103,77482.0,-310.0828090389696,310.0828090389696,-0.0040019980000382,True
MLR,309,2024-10-24,2024-10-25,2766,77872.0,0.0017592973084035,-0.001288017385592,0.0,78009.0,77771.69951014916,77872.0,-237.30048985083704,237.30048985083704,-0.0030473146939955,False
MLR,310,2024-10-25,2024-10-28,2767,78009.0,0.0019228550551859,0.0013297608857307,0.0,78159.0,78112.73331693497,78009.0,-46.26668306502688,46.26668306502688,-0.0005930941694551,True
MLR,311,2024-10-28,2024-10-29,2768,78159.0,0.0090328688954566,0.0005340742542545,0.0,78865.0,78200.74270963829,78159.0,-664.2572903617111,664.2572903617111,-0.008498794641202,True
MLR,312,2024-10-29,2024-10-30,2769,78865.0,0.0049705192417421,0.0012089959217451,0.0,79257.0,78960.34746336844,78865.0,-296.6525366315618,296.6525366315618,-0.0037615233199969,True
MLR,313,2024-10-30,2024-10-31,2770,79257.0,-0.0117465965151343,0.0023612268170422,0.0,78326.0,79444.14375383832,79257.0,1118.143753838318,1118.143753838318,0.0141078233321765,False
MLR,314,2024-10-31,2024-11-01,2771,78326.0,0.0064218777928146,0.0015113641746819,0.0,78829.0,78444.37911034614,78326.0,-384.6208896538592,384.6208896538592,-0.0049105136181326,True
MLR,315,2024-11-01,2024-11-04,2772,78829.0,-0.0054294739245709,0.0002580657478166,0.0,78401.0,78849.34306483464,78829.0,448.3430648346402,448.3430648346402,0.0056875396723875,False
MLR,316,2024-11-04,2024-11-05,2773,78401.0,0.0011351896021734,0.0002707677772858,0.0,78490.0,78422.228464507,78401.0,-67.77153549299692,67.77153549299692,-0.0008644218248875,True
MLR,317,2024-11-05,2024-11-06,2774,78490.0,-0.0229455981653713,-0.0001998366212843,0.0,76689.0,78474.3148235954,78490.0,1785.3148235953995,1785.3148235953995,0.0227457615440869,True
MLR,318,2024-11-06,2024-11-07,2775,76689.0,0.0090886567825894,-0.0010289305391959,0.0,77386.0,76610.0923458796,76689.0,-775.9076541203976,775.9076541203976,-0.0101175873217853,False
MLR,319,2024-11-07,2024-11-08,2776,77386.0,-0.0017832682914221,-0.0024785406173167,0.0,77248.0,77194.19565578834,77386.0,-53.80434421166137,53.80434421166137,-0.0006952723258946,True
MLR,320,2024-11-08,2024-11-11,2777,77248.0,-0.0241559652029825,0.0012595874743619,0.0,75382.0,77345.30061321952,77248.0,1963.300613219515,1963.300613219515,0.0254155526773444,False
MLR,321,2024-11-11,2024-11-12,2778,75382.0,-0.0061553155925817,0.0001874972104435,0.0,74918.0,75396.13391471766,75382.0,478.1339147176623,478.1339147176623,0.0063428128030252,False
MLR,322,2024-11-12,2024-11-13,2779,74918.0,-0.0053925625350382,-0.0014195845833624,0.0,74514.0,74811.64756218366,74918.0,297.647562183658,297.647562183658,0.0039729779516757,True
MLR,323,2024-11-13,2024-11-14,2780,74514.0,-0.0048715677590788,-0.0010074693947477,0.0,74151.0,74438.92942551977,74514.0,287.92942551977467,287.92942551977467,0.003864098364331,True
MLR,324,2024-11-14,2024-11-15,2781,74151.0,-0.0025083950317594,-0.0010255177629261,0.0,73965.0,74074.95683236126,74151.0,109.95683236126206,109.95683236126206,0.0014828772688332,True
MLR,325,2024-11-15,2024-11-18,2782,73965.0,0.0145203812614074,5.484334583977864e-05,0.0,75039.0,73969.05648807505,73965.0,-1069.9435119249538,1069.9435119249538,-0.0144655379155676,True
MLR,326,2024-11-18,2024-11-19,2783,75039.0,0.006876424259385,0.0004226629054191,0.0,75555.0,75070.71620175974,75039.0,-484.28379824025615,484.28379824025615,-0.0064537613539658,True
MLR,327,2024-11-19,2024-11-20,2784,75555.0,0.0059956323208258,0.0022153031762831,0.0,76008.0,75722.37723148406,75555.0,-285.62276851593924,285.62276851593924,-0.0037803291445426,True
MLR,328,2024-11-20,2024-11-21,2785,76008.0,0.0089595832017681,0.0023773083884823,0.0,76689.0,76188.69445599178,76008.0,-500.3055440082244,500.3055440082244,-0.0065822748132857,True
MLR,329,2024-11-21,2024-11-22,2786,76689.0,0.0116053149734642,0.0024463492119616,0.0,77579.0,76876.60807471612,76689.0,-702.3919252838823,702.3919252838823,-0.0091589657615025,True
MLR,330,2024-11-22,2024-11-25,2787,77579.0,-0.0283839698887585,0.0022887375370539,0.0,75377.0,77756.55796938711,77579.0,2379.557969387112,2379.557969387112,0.0306727074258124,False
MLR,331,2024-11-25,2024-11-26,2788,75377.0,-0.0011143982912559,0.0021711480927585,0.0,75293.0,75540.65462978785,75377.0,247.65462978785217,247.65462978785217,0.0032855463840144,False
MLR,332,2024-11-26,2024-11-27,2789,75293.0,0.006574316337508,-0.0005893913654127,0.0,75788.0,75248.62295592397,75293.0,-539.3770440760272,539.3770440760272,-0.0071637077029207,False
MLR,333,2024-11-27,2024-11-28,2790,75788.0,-0.000356256927218,-0.0002198959565963,0.0,75761.0,75771.33452524147,75788.0,10.334525241472877,10.334525241472877,0.0001363609706216,True
MLR,334,2024-11-28,2024-11-29,2791,75761.0,0.0095563680521639,0.0010404021495421,0.0,76485.0,75839.82190725145,75761.0,-645.1780927485524,645.1780927485524,-0.0085159659026217,True
MLR,335,2024-11-29,2024-12-02,2792,76485.0,-0.0087598875596521,0.0023460725411073,0.0,75815.0,76664.4393583066,76485.0,849.4393583065976,849.4393583065976,0.0111059601007595,False
MLR,336,2024-12-02,2024-12-03,2793,75815.0,0.0015696102354414,0.0028910735246025,0.0,75934.0,76034.18673926775,75815.0,100.18673926775227,100.18673926775227,0.0013214632891611,True
MLR,337,2024-12-03,2024-12-04,2794,75934.0,0.0013432717886585,0.0017603800580211,0.0,76036.0,76067.67269932579,75934.0,31.672699325790745,31.672699325790745,0.0004171082693626,True
MLR,338,2024-12-04,2024-12-05,2795,76036.0,0.0041690778052501,0.0016477898338091,0.0,76353.0,76161.29134780352,76036.0,-191.70865219648115,191.70865219648115,-0.0025212879714409,True
MLR,339,2024-12-05,2024-12-06,2796,76353.0,-0.0022003064712584,0.0017468251518566,0.0,76185.0,76486.37534081971,76353.0,301.3753408197081,301.3753408197081,0.003947131623115,False
MLR,340,2024-12-06,2024-12-09,2797,76185.0,0.0106845179497276,0.0009002469196873,0.0,76999.0,76253.58531157637,76185.0,-745.4146884236252,745.4146884236252,-0.0097842710300402,True
MLR,341,2024-12-09,2024-12-10,2798,76999.0,0.0096884375121755,-0.0001511184027,0.0,77745.0,76987.3640341105,76999.0,-757.6359658894944,757.6359658894944,-0.0098395559148755,False
MLR,342,2024-12-10,2024-12-11,2799,77745.0,0.0069715094218276,0.0013817328866577,0.0,78287.0,77852.42282327321,77745.0,-434.577176726787,434.577176726787,-0.0055897765351698,True
MLR,343,2024-12-11,2024-12-12,2800,78287.0,-0.0113301058924214,0.0011506683617492,0.0,77400.0,78377.08237403627,78287.0,977.0823740362684,977.0823740362684,0.0124807742541706,False
MLR,344,2024-12-12,2024-12-13,2801,77400.0,-0.0104392764857881,0.0007338295780512,0.0,76592.0,77456.79840934117,77400.0,864.7984093411651,864.7984093411651,0.0111731060638393,False
MLR,345,2024-12-13,2024-12-16,2802,76592.0,-0.0013839565489868,-0.0004358184675463,0.0,76486.0,76558.61979193368,76592.0,72.61979193368461,72.61979193368461,0.0009481380814404,True
MLR,346,2024-12-16,2024-12-17,2803,76486.0,-0.0022487775540621,-0.0011589926557359,0.0,76314.0,76397.35328773338,76486.0,83.35328773337824,83.35328773337824,0.0010897848983261,True
MLR,347,2024-12-17,2024-12-18,2804,76314.0,-0.002607647351731,0.0001696766108029,0.0,76115.0,76326.94870087682,76314.0,211.9487008768192,211.9487008768192,0.0027773239625339,False
MLR,348,2024-12-18,2024-12-19,2805,76115.0,-0.012139525717664,-0.0002039490518305,0.0,75191.0,76099.47641791993,76115.0,908.4764179199263,908.4764179199263,0.0119355766658334,True
MLR,349,2024-12-19,2024-12-20,2806,75191.0,0.0079131810988017,-0.0012785909837306,0.0,75786.0,75094.86146534231,75191.0,-691.1385346576863,691.1385346576863,-0.0091917720825323,False
MLR,350,2024-12-20,2024-12-23,2807,75786.0,-0.0036946137809094,-0.0012327124810347,0.0,75506.0,75692.5776519123,75786.0,186.57765191230283,186.57765191230283,0.0024619012998746,True
MLR,351,2024-12-23,2024-12-24,2808,75506.0,0.0007416629142054,0.0010642867729402,0.0,75562.0,75586.36003707763,75506.0,24.360037077625748,24.360037077625748,0.0003226238587348,True
MLR,352,2024-12-24,2024-12-26,2809,75562.0,0.0073052592572986,0.0005801183692757,0.0,76114.0,75605.83490421921,75562.0,-508.1650957807869,508.1650957807869,-0.0067251408880228,True
MLR,353,2024-12-26,2024-12-27,2810,76114.0,-0.004348740047823,0.0012875536119257,0.0,75783.0,76212.00085561811,76114.0,429.0008556181128,429.0008556181128,0.0056362936597487,False
MLR,354,2024-12-27,2024-12-30,2811,75783.0,-0.0035100220366045,0.001393103042602,0.0,75517.0,75888.57352787751,75783.0,371.57352787751006,371.57352787751006,0.0049031250792065,False
MLR,355,2024-12-30,2024-12-31,2812,75517.0,0.0094680667929074,-0.0003488288431944,0.0,76232.0,75490.65749224849,75517.0,-741.342507751513,741.342507751513,-0.0098168956361018,False
MLR,356,2024-12-31,2025-01-01,2813,76232.0,-0.0002361213138839,0.0004776888995716,0.0,76214.0,76268.41518019215,76232.0,54.41518019215437,54.41518019215437,0.0007138102134555,False
MLR,357,2025-01-01,2025-01-02,2814,76214.0,0.0083318025559608,0.0023608799396478,0.0,76849.0,76393.93210372033,76214.0,-455.06789627966646,455.06789627966646,-0.0059709226163129,True
MLR,358,2025-01-02,2025-01-03,2815,76849.0,-0.000468451118427,0.0017788973791536,0.0,76813.0,76985.70648469059,76849.0,172.70648469058506,172.70648469058506,0.0022473484975806,False
MLR,359,2025-01-03,2025-01-06,2816,76813.0,0.0043742595654381,0.0008865480294356,0.0,77149.0,76881.09841378503,76813.0,-267.9015862149681,267.9015862149681,-0.0034877115360024,True
MLR,360,2025-01-06,2025-01-07,2817,77149.0,0.0047311047453628,0.0006031888182605,0.0,77514.0,77195.53541413997,77149.0,-318.464585860027,318.464585860027,-0.0041279159271022,True
MLR,361,2025-01-07,2025-01-08,2818,77514.0,0.0028768996568362,0.0003502830102914,0.0,77737.0,77541.15183725973,77514.0,-195.84816274026525,195.84816274026525,-0.0025266166465447,True
MLR,362,2025-01-08,2025-01-09,2819,77737.0,0.0042579466663237,0.0003155132876575,0.0,78068.0,77761.52705644263,77737.0,-306.4729435573681,306.4729435573681,-0.0039424333786661,True
MLR,363,2025-01-09,2025-01-10,2820,78068.0,0.0042270840805451,0.0009777710230897,0.0,78398.0,78144.33262823058,78068.0,-253.66737176942115,253.66737176942115,-0.0032493130574553,True
MLR,364,2025-01-10,2025-01-13,2821,78398.0,-0.0030485471568152,0.0003942492427276,0.0,78159.0,78428.90835213136,78398.0,269.9083521313587,269.9083521313587,0.0034427963995428,False
MLR,365,2025-01-13,2025-01-14,2822,78159.0,-0.000102355454906,7.203591405824828e-05,0.0,78151.0,78164.63025500688,78159.0,13.630255006879452,13.630255006879452,0.0001743913689642,False
MLR,366,2025-01-14,2025-01-15,2823,78151.0,0.006487440979642,0.0005065455511059,0.0,78658.0,78190.58704136449,78151.0,-467.412958635512,467.412958635512,-0.005980895428536,True
MLR,367,2025-01-15,2025-01-16,2824,78658.0,0.0063820590404026,0.0001561083714842,0.0,79160.0,78670.27917228421,78658.0,-489.72082771579153,489.72082771579153,-0.0062259506689183,True
MLR,368,2025-01-16,2025-01-17,2825,79160.0,-0.0019833249115714,0.0010507107504895,0.0,79003.0,79243.17426300875,79160.0,240.17426300875377,240.17426300875377,0.0030340356620609,False
MLR,369,2025-01-17,2025-01-20,2826,79003.0,-0.0059871144133767,0.0013511387658445,0.0,78530.0,79109.74401591801,79003.0,579.7440159180114,579.7440159180114,0.0073382531792212,False
MLR,370,2025-01-20,2025-01-21,2827,78530.0,0.0082643575703553,2.572346098372977e-05,0.0,79179.0,78532.02006339106,78530.0,-646.9799366089428,646.9799366089428,-0.0082386341093715,True
MLR,371,2025-01-21,2025-01-22,2828,79179.0,0.0044961416537212,-0.0001766525289169,0.0,79535.0,79165.01282941288,79179.0,-369.9871705871192,369.9871705871192,-0.0046727941826381,False
MLR,372,2025-01-22,2025-01-23,2829,79535.0,0.0007418117809769,0.000622058462411,0.0,79594.0,79584.47541980786,79535.0,-9.524580192141002,9.524580192141002,-0.0001197533185658,True
MLR,373,2025-01-23,2025-01-24,2830,79594.0,0.0043973163806316,0.0006015273348069,0.0,79944.0,79641.87796668663,79594.0,-302.12203331336787,302.12203331336787,-0.0037957890458246,True
MLR,374,2025-01-24,2025-01-27,2831,79944.0,-0.005428800160112,0.000362787375059,0.0,79510.0,79973.00267391173,79944.0,463.0026739117311,463.0026739117311,0.005791587535171,False
MLR,375,2025-01-27,2025-01-28,2832,79510.0,0.0082128034209534,0.0007509368370768,0.0,80163.0,79569.70698791598,79510.0,-593.2930120840174,593.2930120840174,-0.0074618665838765,True
MLR,376,2025-01-28,2025-01-29,2833,80163.0,0.001833763706448,0.0006388006416738,0.0,80310.0,80214.20817583849,80163.0,-95.7918241615116,95.7918241615116,-0.0011949630647741,True
MLR,377,2025-01-29,2025-01-30,2834,80310.0,0.015303200099614,0.0005165816755149,0.0,81539.0,80351.4866743606,80310.0,-1187.5133256394038,1187.5133256394038,-0.014786618424099,True
MLR,378,2025-01-30,2025-01-31,2835,81539.0,0.0036424287764136,0.0006048211864684,0.0,81836.0,81588.31651472345,81539.0,-247.683485276546,247.683485276546,-0.0030376075899451,True
MLR,379,2025-01-31,2025-02-01,2836,81836.0,-0.0021139840656924,0.0026456236536912,0.0,81663.0,82052.50725732346,81836.0,389.5072573234647,389.5072573234647,0.0047596077193836,False
MLR,380,2025-02-01,2025-02-03,2837,81663.0,0.0117801207401149,-0.0001406665216748,0.0,82625.0,81651.51274984046,81663.0,-973.4872501595382,973.4872501595382,-0.0119207872617897,False
MLR,381,2025-02-03,2025-02-04,2838,82625.0,0.0064992435703479,-0.0006497212837297,0.0,83162.0,82571.31677893182,82625.0,-590.683221068175,590.683221068175,-0.0071489648540776,False
MLR,382,2025-02-04,2025-02-05,2839,83162.0,0.0097881243837329,0.0016779928403021,0.0,83976.0,83301.54524058521,83162.0,-674.454759414788,674.454759414788,-0.0081101315434307,True
MLR,383,2025-02-05,2025-02-06,2840,83976.0,-0.001428979708488,0.0001164469885305,0.0,83856.0,83985.77875230883,83976.0,129.77875230883365,129.77875230883365,0.0015454266970185,False
MLR,384,2025-02-06,2025-02-07,2841,83856.0,0.0062249570692616,0.0013788928204599,0.0,84378.0,83971.62843635249,83856.0,-406.3715636475099,406.3715636475099,-0.0048460642488016,True
MLR,385,2025-02-07,2025-02-10,2842,84378.0,0.0110218303349214,-0.0003377046293175,0.0,85308.0,84349.50515878743,84378.0,-958.4948412125668,958.4948412125668,-0.0113595349642389,False
MLR,386,2025-02-10,2025-02-11,2843,85308.0,-0.0022858348572232,0.0003780098112414,0.0,85113.0,85340.24726097738,85308.0,227.24726097738312,227.24726097738312,0.0026638446684646,False
MLR,387,2025-02-11,2025-02-12,2844,85113.0,-0.0010456686992585,0.0006473721954948,0.0,85024.0,85168.09978967517,85113.0,144.09978967516508,144.09978967516508,0.0016930408947533,False
MLR,388,2025-02-12,2025-02-13,2845,85024.0,0.0040459164471207,-0.0001864212938616,0.0,85368.0,85008.14971591071,85024.0,-359.85028408929065,359.85028408929065,-0.0042323377409823,False
MLR,389,2025-02-13,2025-02-14,2846,85368.0,-0.0121474088651485,-0.0004204654209401,0.0,84331.0,85332.10570794519,85368.0,1001.1057079451856,1001.1057079451856,0.0117269434442083,True
MLR,390,2025-02-14,2025-02-17,2847,84331.0,0.0050752392358681,-0.0004083144293814,0.0,84759.0,84296.56643585584,84331.0,-462.4335641441576,462.4335641441576,-0.0054835536652495,False
MLR,391,2025-02-17,2025-02-18,2848,84759.0,0.011597588456683,-0.0005889387029209,0.0,85742.0,84709.08214447912,84759.0,-1032.9178555208782,1032.9178555208782,-0.0121865271596039,False
MLR,392,2025-02-18,2025-02-19,2849,85742.0,-0.0002682466002659,8.023151923779707e-05,0.0,85719.0,85748.87921092249,85742.0,29.87921092248871,29.87921092248871,0.0003484781195036,False
MLR,393,2025-02-19,2025-02-20,2850,85719.0,0.0012949287789172,9.773567524016744e-06,0.0,85830.0,85719.83778043458,85719.0,-110.16221956541996,110.16221956541996,-0.0012851552113931,True
MLR,394,2025-02-20,2025-02-21,2851,85830.0,-0.0004077828265175,0.0010997587646606,0.0,85795.0,85924.39229477082,85830.0,129.39229477081972,129.39229477081972,0.0015075415911781,False
MLR,395,2025-02-21,2025-02-24,2852,85795.0,0.0027390873594033,0.0010062305845337,0.0,86030.0,85881.32955300008,85795.0,-148.67044699992402,148.67044699992402,-0.0017328567748695,True
MLR,396,2025-02-24,2025-02-25,2853,86030.0,-0.0051261187957689,0.000615837684139,0.0,85589.0,86082.9805159665,86030.0,493.9805159664975,493.9805159664975,0.0057419564799079,False
MLR,397,2025-02-25,2025-02-26,2854,85589.0,0.002897568612789,0.0005943460330972,0.0,85837.0,85639.86948262676,85589.0,-197.13051737323983,197.13051737323983,-0.0023032225796917,True
MLR,398,2025-02-26,2025-02-27,2855,85837.0,-0.0083180912660041,0.0010316806755932,0.0,85123.0,85925.5563741509,85837.0,802.5563741508959,802.5563741508959,0.0093497719415973,False
MLR,399,2025-02-27,2025-02-28,2856,85123.0,-0.0100325411463412,0.0013321310990768,0.0,84269.0,85236.39499554671,85123.0,967.3949955467106,967.3949955467106,0.011364672245418,False
MLR,400,2025-02-28,2025-03-03,2857,84269.0,0.0128873013801042,-0.0010190516090667,0.0,85355.0,84183.12553995557,84269.0,-1171.8744600444334,1171.8744600444334,-0.0139063529891709,False
MLR,401,2025-03-03,2025-03-04,2858,85355.0,0.0076386854900123,-0.00067110978217,0.0,86007.0,85297.71742454288,85355.0,-709.282575457124,709.282575457124,-0.0083097952721823,False
MLR,402,2025-03-04,2025-03-05,2859,86007.0,-0.0018486867348006,0.0007238129084209,0.0,85848.0,86069.25297681458,86007.0,221.252976814576,221.252976814576,0.0025724996432215,False
MLR,403,2025-03-05,2025-03-06,2860,85848.0,0.0017938682322244,0.0011853481974272,0.0,86002.0,85949.75977205273,85848.0,-52.24022794727352,52.24022794727352,-0.0006085200347971,True
MLR,404,2025-03-06,2025-03-07,2861,86002.0,-0.0012325294760586,0.0006953436143878,0.0,85896.0,86061.80094152458,86002.0,165.80094152457605,165.80094152457605,0.0019278730904464,False
MLR,405,2025-03-07,2025-03-10,2862,85896.0,-0.005075905746484,0.0004626592837545,0.0,85460.0,85935.74058183737,85896.0,475.7405818373664,475.7405818373664,0.0055385650302385,False
MLR,406,2025-03-10,2025-03-11,2863,85460.0,0.0076410016381933,0.0002552594481986,0.0,86113.0,85481.81447244305,85460.0,-631.1855275569542,631.1855275569542,-0.0073857421899946,True
MLR,407,2025-03-11,2025-03-12,2864,86113.0,0.006363731376215,0.0005950307720521,0.0,86661.0,86164.23988487372,86113.0,-496.7601151262788,496.7601151262788,-0.0057687006041628,True
MLR,408,2025-03-12,2025-03-13,2865,86661.0,0.01192001015451,0.0006589228462946,0.0,87694.0,86718.10291278275,86661.0,-975.8970872172504,975.8970872172504,-0.0112610873082153,True
MLR,409,2025-03-13,2025-03-14,2866,87694.0,0.0026227564029466,0.0011213682067525,0.0,87924.0,87792.33726352296,87694.0,-131.6627364770393,131.6627364770393,-0.001501388196194,True
MLR,410,2025-03-14,2025-03-17,2867,87924.0,0.0005914198626086,0.0024519842647048,0.0,87976.0,88139.58826448991,87924.0,163.58826448991022,163.58826448991022,0.0018605644020962,True
MLR,411,2025-03-17,2025-03-18,2868,87976.0,0.0077748476857324,0.0013083650843516,0.0,88660.0,88091.10472666092,87976.0,-568.8952733390761,568.8952733390761,-0.0064664826013807,True
MLR,412,2025-03-18,2025-03-19,2869,88660.0,-0.0010827881795624,0.0010121390217701,0.0,88564.0,88749.73624567014,88660.0,185.7362456701376,185.7362456701376,0.0020949272013325,False
MLR,413,2025-03-19,2025-03-20,2870,88564.0,0.0009258841064088,0.0015006112115335,0.0,88646.0,88696.90013133826,88564.0,50.90013133826142,50.90013133826142,0.0005747271051247,True
MLR,414,2025-03-20,2025-03-21,2871,88646.0,-0.0097127901992193,0.0011735738865595,0.0,87785.0,88750.03263074796,88646.0,965.0326307479554,965.0326307479554,0.0108863640857788,False
MLR,415,2025-03-21,2025-03-24,2872,87785.0,-0.0053767727971749,0.0006000280834575,0.0,87313.0,87837.67346530632,87785.0,524.6734653063177,524.6734653063177,0.0059768008806324,False
MLR,416,2025-03-24,2025-03-25,2873,87313.0,0.0028976212018829,-0.0002657248818354,0.0,87566.0,87289.7987633923,87313.0,-276.20123660769605,276.20123660769605,-0.0031633460837183,False
MLR,417,2025-03-25,2025-03-26,2874,87566.0,-0.0006851974510654,-0.0010065032360041,0.0,87506.0,87477.86453763607,87566.0,-28.135462363934494,28.135462363934494,-0.0003213057849387,True
MLR,418,2025-03-26,2025-03-27,2875,87506.0,0.008079445980847,0.0002506950832262,0.0,88213.0,87527.93732395279,87506.0,-685.0626760472078,685.0626760472078,-0.0078287508976207,True
MLR,419,2025-03-27,2025-03-28,2876,88213.0,0.0061895638964777,0.0001567179301229,0.0,88759.0,88226.82455876993,88213.0,-532.1754412300652,532.1754412300652,-0.0060328459663547,True
MLR,420,2025-03-28,2025-03-31,2877,88759.0,0.0155364526414223,0.0014239869056768,0.0,90138.0,88885.39165376098,88759.0,-1252.6083462390234,1252.6083462390234,-0.0141124657357454,True
MLR,421,2025-03-31,2025-04-01,2878,90138.0,0.0030065011426922,0.0029707835861426,0.0,90409.0,90405.78049088772,90138.0,-3.219509112284868,3.219509112284868,-3.571755654954928e-05,True
MLR,422,2025-04-01,2025-04-02,2879,90409.0,-0.0004977380570518,0.002348941228744,0.0,90364.0,90621.36542754952,90409.0,257.365427549521,257.365427549521,0.0028466792857958,False
MLR,423,2025-04-02,2025-04-03,2880,90364.0,-0.0066508786684963,0.0015363393116693,0.0,89763.0,90502.8297655597,90364.0,739.829765559698,739.829765559698,0.0081872179801656,False
MLR,424,2025-04-03,2025-04-04,2881,89763.0,-0.0203090360170671,-0.0011197494227155,0.0,87940.0,89662.48793256878,89763.0,1722.4879325687798,1722.4879325687798,0.0191892865943515,True
MLR,425,2025-04-04,2025-04-07,2882,87940.0,-0.0127473277234477,-0.0037763492904133,0.0,86819.0,87607.90784340104,87940.0,788.9078434010444,788.9078434010444,0.0089709784330343,True
MLR,426,2025-04-07,2025-04-08,2883,86819.0,0.0072564761169791,-0.004306910960407,0.0,87449.0,86445.07829732842,86819.0,-1003.9217026715778,1003.9217026715778,-0.0115633870773861,False
MLR,427,2025-04-08,2025-04-09,2884,87449.0,0.0233278825372502,-0.0028654751279577,0.0,89489.0,87198.41706553522,87449.0,-2290.582934464779,2290.582934464779,-0.0261933576652079,False
MLR,428,2025-04-09,2025-04-10,2885,89489.0,0.0241035211031523,-0.001627094518429,0.0,91646.0,89343.3929386403,89489.0,-2302.6070613596967,2302.6070613596967,-0.0257306156215813,False
MLR,429,2025-04-10,2025-04-11,2886,91646.0,0.0178294742814744,0.0039308262455356,0.0,93280.0,92006.24450209834,91646.0,-1273.7554979016568,1273.7554979016568,-0.0138986480359387,True
MLR,430,2025-04-11,2025-04-14,2887,93280.0,-0.0047705831903944,0.0028596460826775,0.0,92835.0,93546.74778659215,93280.0,711.7477865921537,711.7477865921537,0.0076302292730719,False
MLR,431,2025-04-14,2025-04-15,2888,92835.0,0.0025421446652662,0.0014365463033239,0.0,93071.0,92968.36177606908,92835.0,-102.63822393093142,102.63822393093142,-0.0011055983619422,True
MLR,432,2025-04-15,2025-04-16,2889,93071.0,0.0224774634418885,0.0005291137237044,0.0,95163.0,93120.2451433789,93071.0,-2042.7548566211044,2042.7548566211044,-0.021948349718184,True
MLR,433,2025-04-16,2025-04-17,2890,95163.0,-0.0039826403118858,0.0016696544374045,0.0,94784.0,95321.88932522672,95163.0,537.8893252267299,537.8893252267299,0.0056522947492903,False
MLR,434,2025-04-17,2025-04-21,2891,94784.0,0.0212694125590817,0.0010852427534343,0.0,96800.0,94886.86364914154,94784.0,-1913.1363508584616,1913.1363508584616,-0.0201841698056473,True
MLR,435,2025-04-21,2025-04-22,2892,96800.0,0.002654958677686,0.002173103840432,0.0,97057.0,97010.35645175382,96800.0,-46.64354824618204,46.64354824618204,-0.0004818548372539,True
MLR,436,2025-04-22,2025-04-23,2893,97057.0,-0.0260362467416054,-0.0014425175830236,0.0,94530.0,96916.99357094448,97057.0,2386.993570944469,2386.993570944469,0.0245937291585817,True
MLR,437,2025-04-23,2025-04-24,2894,94530.0,0.0135089389611764,-0.0030283263058852,0.0,95807.0,94243.73231430468,94530.0,-1563.267685695333,1563.267685695333,-0.0165372652670616,False
MLR,438,2025-04-24,2025-04-25,2895,95807.0,-0.0076821109104763,-0.0017301451458937,0.0,95071.0,95641.23998400736,95807.0,570.2399840073631,570.2399840073631,0.0059519657645825,True
MLR,439,2025-04-25,2025-04-28,2896,95071.0,0.0114440786359668,0.0012813031834023,0.0,96159.0,95192.81477494923,95071.0,-966.1852250507508,966.1852250507508,-0.0101627754525644,True
MLR,440,2025-04-28,2025-04-29,2897,96159.0,-0.0062396655539262,0.00042043773487,0.0,95559.0,96199.42887214736,96159.0,640.4288721473567,640.4288721473567,0.0066601032887962,False
MLR,441,2025-04-29,2025-04-30,2898,95559.0,-0.0088008455509162,0.001805624765961,0.0,94718.0,95731.54369701046,95559.0,1013.5436970104638,1013.5436970104638,0.0106064703168772,False
MLR,442,2025-04-30,2025-05-01,2899,94718.0,-0.024662682911379,-0.0012534998226974,0.0,92382.0,94599.27100379374,94718.0,2217.271003793736,2217.271003793736,0.0234091830886815,True
MLR,443,2025-05-01,2025-05-02,2900,92382.0,0.0033556320495333,-0.0035838786980014,0.0,92692.0,92050.91411812125,92382.0,-641.0858818787674,641.0858818787674,-0.0069395107475347,False
MLR,444,2025-05-02,2025-05-05,2901,92692.0,0.0213071246709533,-0.0037253994788737,0.0,94667.0,92346.68527150423,92692.0,-2320.3147284957668,2320.3147284957668,-0.025032524149827,False
MLR,445,2025-05-05,2025-05-06,2902,94667.0,0.0295034172414885,0.000770760806784,0.0,97460.0,94739.96561329582,94667.0,-2720.034386704181,2720.034386704181,-0.0287326564347044,True
MLR,446,2025-05-06,2025-05-07,2903,97460.0,-0.0040529447978657,0.0040254765122985,0.0,97065.0,97852.3229408886,97460.0,787.3229408886109,787.3229408886109,0.0080784213101642,False
MLR,447,2025-05-07,2025-05-08,2904,97065.0,-0.0093957657239993,0.0018672619882354,0.0,96153.0,97246.24578488807,97065.0,1093.245784888073,1093.245784888073,0.0112630277122347,False
MLR,448,2025-05-08,2025-05-09,2905,96153.0,0.0035048308425114,-0.0018701768050428,0.0,96490.0,95973.17688966473,96153.0,-516.8231103352882,516.8231103352882,-0.0053750076475542,False
MLR,449,2025-05-09,2025-05-12,2906,96490.0,-0.0367084671986734,-0.0006029255348107,0.0,92948.0,96431.82371514612,96490.0,3483.8237151461217,3483.8237151461217,0.0361055416638626,True
MLR,450,2025-05-12,2025-05-13,2907,92948.0,0.007649438395662,-0.0031344802088044,0.0,93659.0,92656.65633355203,92948.0,-1002.3436664479524,1002.3436664479524,-0.0107839186044664,False
MLR,451,2025-05-13,2025-05-14,2908,93659.0,-0.0144566993027899,-0.0030086384697543,0.0,92305.0,93377.21392956129,93659.0,1072.213929561287,1072.213929561287,0.0114480608330355,True
MLR,452,2025-05-14,2025-05-15,2909,92305.0,0.0092086019175559,0.0005247347825256,0.0,93155.0,92353.43564410105,92305.0,-801.5643558989686,801.5643558989686,-0.0086838671350302,True
MLR,453,2025-05-15,2025-05-16,2910,93155.0,-0.0076431753529064,-0.0006068167418476,0.0,92443.0,93098.4719864132,93155.0,655.4719864131912,655.4719864131912,0.0070363586110587,True
MLR,454,2025-05-16,2025-05-19,2911,92443.0,0.0094220222190972,0.0008605231743366,0.0,93314.0,92522.5493438052,92443.0,-791.4506561948074,791.4506561948074,-0.0085614990447605,True
MLR,455,2025-05-19,2025-05-20,2912,93314.0,0.0155067835480207,0.0002747294036609,0.0,94761.0,93339.6360995732,93314.0,-1421.3639004267898,1421.3639004267898,-0.0152320541443597,True
MLR,456,2025-05-20,2025-05-21,2913,94761.0,0.0075136395774633,0.001683363984065,0.0,95473.0,94920.517254494,94761.0,-552.4827455060149,552.4827455060149,-0.0058302755933982,True
MLR,457,2025-05-21,2025-05-22,2914,95473.0,-0.0001256899856504,0.0023471547758287,0.0,95461.0,95697.0899079127,95473.0,236.08990791269756,236.08990791269756,0.0024728447614791,False
MLR,458,2025-05-22,2025-05-23,2915,95461.0,0.0078461361184147,0.0002054587980167,0.0,96210.0,95480.61330231748,95461.0,-729.3866976825229,729.3866976825229,-0.0076406773203979,True
MLR,459,2025-05-23,2025-05-26,2916,96210.0,-0.0041159962581852,0.0006314348173644,0.0,95814.0,96270.75034377862,96210.0,456.75034377862175,456.75034377862175,0.0047474310755496,False
MLR,460,2025-05-26,2025-05-27,2917,95814.0,-0.0079215980963116,0.001247863757728,0.0,95055.0,95933.56281808297,95814.0,878.5628180829517,878.5628180829517,0.0091694618540396,False
MLR,461,2025-05-27,2025-05-28,2918,95055.0,0.0012834674662036,-0.0003074913108384,0.0,95177.0,95025.77141344824,95055.0,-151.22858655174787,151.22858655174787,-0.001590958777042,False
MLR,462,2025-05-28,2025-05-29,2919,95177.0,0.0012397953287033,0.0001883219788473,0.0,95295.0,95194.92392098076,95177.0,-100.07607901924348,100.07607901924348,-0.0010514733498559,True
MLR,463,2025-05-29,2025-05-30,2920,95295.0,-0.0061178445878588,0.0010183843162814,0.0,94712.0,95392.04693342005,95295.0,680.0469334200316,680.0469334200316,0.0071362289041402,False
MLR,464,2025-05-30,2025-06-02,2921,94712.0,0.0283068671340485,0.0011358981055369,0.0,97393.0,94819.58318137162,94712.0,-2573.4168186283787,2573.4168186283787,-0.0271709690285115,True
MLR,465,2025-06-02,2025-06-03,2922,97393.0,-0.0018995204994198,0.0010110087860862,0.0,97208.0,97491.46517870328,97393.0,283.4651787032926,283.4651787032926,0.002910529285506,False
MLR,466,2025-06-03,2025-06-04,2923,97208.0,0.0078697226565713,0.0029855805853513,0.0,97973.0,97498.22231754084,97208.0,-474.7776824591711,474.7776824591711,-0.0048841420712199,True
MLR,467,2025-06-04,2025-06-05,2924,97973.0,-0.0056954467047043,-0.0002015772253541,0.0,97415.0,97953.25087450036,97973.0,538.2508745003724,538.2508745003724,0.0054938694793501,True
MLR,468,2025-06-05,2025-06-06,2925,97415.0,-0.0079043268490478,-0.0005076490432557,0.0,96645.0,97365.54736845124,97415.0,720.5473684512253,720.5473684512253,0.007396677805792,True
MLR,469,2025-06-06,2025-06-09,2926,96645.0,0.000600134512908,-0.0017902789100558,0.0,96703.0,96471.97849473766,96645.0,-231.0215052623389,231.0215052623389,-0.0023904134229638,False
MLR,470,2025-06-09,2025-06-10,2927,96703.0,-0.0026989855537056,-0.0006823568310553,0.0,96442.0,96637.01404736644,96703.0,195.0140473664505,195.0140473664505,0.0020166287226502,True
MLR,471,2025-06-10,2025-06-11,2928,96442.0,-0.0018145621202381,0.0004976212314374,0.0,96267.0,96489.99158680228,96442.0,222.99158680227995,222.99158680227995,0.0023121833516755,False
MLR,472,2025-06-11,2025-06-12,2929,96267.0,0.0157790312360415,-0.0002685187532388,0.0,97786.0,96241.15050518195,96267.0,-1544.849494818045,1544.849494818045,-0.0160475499892803,False
MLR,473,2025-06-12,2025-06-13,2930,97786.0,0.018090524205919,0.0003242458667576,0.0,99555.0,97817.70670632676,97786.0,-1737.2932936732395,1737.2932936732395,-0.0177662783391613,True
MLR,474,2025-06-13,2025-06-16,2931,99555.0,-0.0096529556526543,0.0020057508022531,0.0,98594.0,99754.68252111832,99555.0,1160.6825211183314,1160.6825211183314,0.0116587064549074,False
MLR,475,2025-06-16,2025-06-17,2932,98594.0,0.003215205793456,0.001202213159146,0.0,98911.0,98712.53100421284,98594.0,-198.46899578715968,198.46899578715968,-0.0020129926343099,True
MLR,476,2025-06-17,2025-06-18,2933,98911.0,0.0013547532630344,-0.001952546062834,0.0,99045.0,98717.871716379,98911.0,-327.1282836209866,327.1282836209866,-0.0033072993258684,False
MLR,477,2025-06-18,2025-06-19,2934,99045.0,-0.001787066484931,0.0007762626207927,0.0,98868.0,99121.88493127642,99045.0,253.8849312764214,253.8849312764214,0.0025633291057237,False
MLR,478,2025-06-19,2025-06-20,2935,98868.0,-0.0029736618521665,0.0002923548139195,0.0,98574.0,98896.9045357426,98868.0,322.904535742593,322.904535742593,0.003266016666086,False
MLR,479,2025-06-20,2025-06-23,2936,98574.0,0.0028202162842128,0.0004008651182374,0.0,98852.0,98613.51487816514,98574.0,-238.4851218348631,238.4851218348631,-0.0024193511659753,True
MLR,480,2025-06-23,2025-06-24,2937,98852.0,-0.0235807065107432,0.0002078362755024,0.0,96521.0,98872.54503150596,98852.0,2351.545031505972,2351.545031505972,0.0237885427862456,False
MLR,481,2025-06-24,2025-06-25,2938,96521.0,0.0024761450875974,-0.0007807492517998,0.0,96760.0,96445.64130146704,96521.0,-314.3586985329748,314.3586985329748,-0.0032568943393972,False
MLR,482,2025-06-25,2025-06-26,2939,96760.0,-0.0031831335262505,-0.000480889452062,0.0,96452.0,96713.46913661849,96760.0,261.46913661847066,261.46913661847066,0.0027022440741884,True
MLR,483,2025-06-26,2025-06-27,2940,96452.0,-0.0160079625098494,0.0028146882816926,0.0,94908.0,96723.48231414582,96452.0,1815.4823141458185,1815.4823141458185,0.018822650791542,False
MLR,484,2025-06-27,2025-06-30,2941,94908.0,0.008113120074177,0.000964316393951,0.0,95678.0,94999.52134031712,94908.0,-678.4786596828926,678.4786596828926,-0.0071488036802259,True
MLR,485,2025-06-30,2025-07-01,2942,95678.0,0.0163151403666463,0.0013972706352734,0.0,97239.0,95811.68805984168,95678.0,-1427.31194015831,1427.31194015831,-0.0149178697313728,True
MLR,486,2025-07-01,2025-07-02,2943,97239.0,0.0011518012320159,0.0027134790082594,0.0,97351.0,97502.85598528414,97239.0,151.85598528414266,151.85598528414266,0.0015616777762435,True
MLR,487,2025-07-02,2025-07-03,2944,97351.0,-0.005649659479615,0.0026500475655063,0.0,96801.0,97608.98478054962,97351.0,807.9847805496247,807.9847805496247,0.0082997070451213,False
MLR,488,2025-07-03,2025-07-04,2945,96801.0,0.0017148583175794,0.0001503840413412,0.0,96967.0,96815.55732558588,96801.0,-151.44267441412376,151.44267441412376,-0.0015644742762381,True
MLR,489,2025-07-04,2025-07-07,2946,96967.0,0.0027225757216373,0.0008435414359119,0.0,97231.0,97048.79568241608,96967.0,-182.2043175839208,182.2043175839208,-0.0018790342857253,True
MLR,490,2025-07-07,2025-07-08,2947,97231.0,-0.0076724501445012,0.0008934555691902,0.0,96485.0,97317.87157844791,97231.0,832.8715784479282,832.8715784479282,0.0085659057136914,False
MLR,491,2025-07-08,2025-07-09,2948,96485.0,-0.0003523863813027,0.00083191275481,0.0,96451.0,96565.26710214785,96485.0,114.26710214784543,114.26710214784543,0.0011842991361127,False
MLR,492,2025-07-09,2025-07-10,2949,96451.0,0.0023535266612062,0.0009834943504183,0.0,96678.0,96545.8590135922,96451.0,-132.1409864078014,132.1409864078014,-0.0013700323107878,True
MLR,493,2025-07-10,2025-07-11,2950,96678.0,0.0111814476923395,0.0017186550567169,0.0,97759.0,96844.15613357328,96678.0,-914.843866426716,914.843866426716,-0.0094627926356225,True
MLR,494,2025-07-11,2025-07-14,2951,97759.0,-0.0001022923720578,0.001214261198432,0.0,97749.0,97877.70496049752,97759.0,128.7049604975182,128.7049604975182,0.0013165535704898,False
MLR,495,2025-07-14,2025-07-15,2952,97749.0,-0.0054732017718851,0.0015050531617134,0.0,97214.0,97896.11744150434,97749.0,682.1174415043351,682.1174415043351,0.0069782549335985,False
MLR,496,2025-07-15,2025-07-16,2953,97214.0,0.0055959018248399,0.0004423300927694,0.0,97758.0,97257.00067763848,97214.0,-500.9993223615165,500.9993223615165,-0.0051535717320704,True
MLR,497,2025-07-16,2025-07-17,2954,97758.0,-0.0031097199206202,-0.0004313064169043,0.0,97454.0,97715.83634729628,97758.0,261.83634729626647,261.83634729626647,0.0026784135037158,True
MLR,498,2025-07-17,2025-07-18,2955,97454.0,0.0052434994971986,0.0016376194737701,0.0,97965.0,97613.5925681968,97454.0,-351.40743180320715,351.40743180320715,-0.0036058800234284,True
MLR,499,2025-07-18,2025-07-21,2956,97965.0,0.0127800745164088,0.0004983540880393,0.0,99217.0,98013.82125823478,97965.0,-1203.178741765223,1203.178741765223,-0.0122817204283694,True
MLR,500,2025-07-21,2025-07-22,2957,99217.0,0.0095850509489301,0.0013226849161031,0.0,100168.0,99348.23282932102,99217.0,-819.7671706789843,819.7671706789843,-0.0082623660328269,True
MLR,501,2025-07-22,2025-07-23,2958,100168.0,-0.008625509144637,0.0021671435293163,0.0,99304.0,100385.07843304456,100168.0,1081.078433044575,1081.078433044575,0.0107926526739533,False
MLR,502,2025-07-23,2025-07-24,2959,99304.0,-0.0064045758479014,0.000468037926283,0.0,98668.0,99350.4780382316,99304.0,682.4780382315948,682.4780382315948,0.0068726137741844,False
MLR,503,2025-07-24,2025-07-25,2960,98668.0,-0.0083715084931285,-0.0009643949992366,0.0,97842.0,98572.84507421532,98668.0,730.8450742153218,730.8450742153218,0.0074071134938918,True
MLR,504,2025-07-25,2025-07-28,2961,97842.0,-0.0034443286114347,2.4718766771343535e-05,0.0,97505.0,97844.41853357844,97842.0,339.41853357842774,339.41853357842774,0.003469047378206,False
MLR,505,2025-07-28,2025-07-29,2962,97505.0,0.0063586482744475,0.0010495379621056,0.0,98125.0,97607.3351989951,97505.0,-517.6648010048957,517.6648010048957,-0.0053091103123418,True
MLR,506,2025-07-29,2025-07-30,2963,98125.0,-0.0012433121019108,0.0017128568769659,0.0,98003.0,98293.07408105228,98125.0,290.0740810522839,290.0740810522839,0.0029561689788767,False
MLR,507,2025-07-30,2025-07-31,2964,98003.0,0.0036223380916911,0.0033415429655474,0.0,98358.0,98330.48123525256,98003.0,-27.518764747452224,27.518764747452224,-0.0002807951261436,True
MLR,508,2025-07-31,2025-08-01,2965,98358.0,0.0089672421155371,0.0007843418285177,0.0,99240.0,98435.14629356936,98358.0,-804.8537064306438,804.8537064306438,-0.0081829002870193,True
MLR,509,2025-08-01,2025-08-04,2966,99240.0,0.0137746876259572,0.0004607417734512,0.0,100607.0,99285.7240135973,99240.0,-1321.275986402703,1321.275986402703,-0.0133139458525059,True
MLR,510,2025-08-04,2025-08-05,2967,100607.0,0.0015704672637093,0.001476308517095,0.0,100765.0,100755.52697097938,100607.0,-9.473029020620745,9.473029020620745,-9.415874661429644e-05,True
MLR,511,2025-08-05,2025-08-06,2968,100765.0,-0.0007740783009974,0.0014407882586948,0.0,100687.0,100910.18102888738,100765.0,223.18102888738213,223.18102888738213,0.0022148665596922,False
MLR,512,2025-08-06,2025-08-07,2969,100687.0,0.0014699017748069,-0.0002452568608539,0.0,100835.0,100662.3058224512,100687.0,-172.6941775488085,172.6941775488085,-0.0017151586356608,False
MLR,513,2025-08-07,2025-08-08,2970,100835.0,0.0037387811771705,-0.0013870149213722,0.0,101212.0,100695.14035040342,100835.0,-516.8596495965758,516.8596495965758,-0.0051257960985427,False
MLR,514,2025-08-08,2025-08-11,2971,101212.0,-0.0140991186815793,0.0002334450193796,0.0,99785.0,101235.62743730146,101212.0,1450.6274373014603,1450.6274373014603,0.0143325637009589,False
MLR,515,2025-08-11,2025-08-12,2972,99785.0,-0.0016535551435586,-0.0004318451310135,0.0,99620.0,99741.9083336018,99785.0,121.9083336018084,121.9083336018084,0.001221710012545,True
MLR,516,2025-08-12,2025-08-13,2973,99620.0,0.0003613732182292,-0.0005007745879353,0.0,99656.0,99570.11283554988,99620.0,-85.8871644501196,85.8871644501196,-0.0008621478061645,False
MLR,517,2025-08-13,2025-08-14,2974,99656.0,-0.0029501485108773,0.0004572825268513,0.0,99362.0,99701.5709474959,99656.0,339.5709474959003,339.5709474959003,0.0034074310377286,False
MLR,518,2025-08-14,2025-08-18,2975,99362.0,-0.0034419597029045,0.0009232281827521,0.0,99020.0,99453.7337986946,99362.0,433.7337986946077,433.7337986946077,0.0043651878856566,False
MLR,519,2025-08-18,2025-08-19,2976,99020.0,-0.0066754191072511,0.0009702430243028,0.0,98359.0,99116.07346426646,99020.0,757.0734642664611,757.0734642664611,0.0076456621315539,False
MLR,520,2025-08-19,2025-08-20,2977,98359.0,0.0055307597677893,0.0006487825901801,0.0,98903.0,98422.81360678752,98359.0,-480.1863932124688,480.1863932124688,-0.0048819771776091,True
MLR,521,2025-08-20,2025-08-21,2978,98903.0,0.0013346410119006,0.0013946667360981,0.0,99035.0,99040.9367242003,98903.0,5.936724200306344,5.936724200306344,6.002572419750601e-05,True
MLR,522,2025-08-21,2025-08-22,2979,99035.0,0.0083000959256829,0.002398921889985,0.0,99857.0,99272.57722937468,99035.0,-584.422770625315,584.422770625315,-0.0059011740356978,True
MLR,523,2025-08-22,2025-08-25,2980,99857.0,0.002613737644832,0.0016355669615541,0.0,100118.0,100020.32281007992,99857.0,-97.67718992008304,97.67718992008304,-0.0009781706832778,True
MLR,524,2025-08-25,2025-08-26,2981,100118.0,0.0041251323438342,0.0021489869307864,0.0,100531.0,100333.15227353649,100118.0,-197.84772646351485,197.84772646351485,-0.0019761454130477,True
MLR,525,2025-08-26,2025-08-27,2982,100531.0,0.004336970685659,0.0011449423915186,0.0,100967.0,100646.10220356176,100531.0,-320.8977964382357,320.8977964382357,-0.0031920282941403,True
MLR,526,2025-08-27,2025-08-28,2983,100967.0,0.0050907722325115,0.001772055602305,0.0,101481.0,101145.91913799792,100967.0,-335.0808620020689,335.0808620020689,-0.0033187166302064,True
MLR,527,2025-08-28,2025-08-29,2984,101481.0,0.0165843852543825,0.001736114611895,0.0,103164.0,101657.18264692972,101481.0,-1506.817353070277,1506.817353070277,-0.0148482706424874,True
MLR,528,2025-08-29,2025-09-01,2985,103164.0,0.0071730448606102,0.0016879231222737,0.0,103904.0,103338.13290098624,103164.0,-565.8670990137471,565.8670990137471,-0.0054851217383364,True
MLR,529,2025-09-01,2025-09-02,2986,103904.0,0.0172370649830613,0.0036042292950017,0.0,105695.0,104278.49384066788,103904.0,-1416.5061593321298,1416.5061593321298,-0.0136328356880595,True
MLR,530,2025-09-02,2025-09-03,2987,105695.0,0.0131037418988599,0.0011107690274755,0.0,107080.0,105812.40273235904,105695.0,-1267.5972676409583,1267.5972676409583,-0.0119929728713843,True
MLR,531,2025-09-03,2025-09-04,2988,107080.0,-0.0071908853193873,0.0011887680469643,0.0,106310.0,107207.29328246896,107080.0,897.2932824689487,897.2932824689487,0.0083796533663516,False
MLR,532,2025-09-04,2025-09-05,2989,106310.0,0.0121813564104975,-0.0005016947826865,0.0,107605.0,106256.6648276526,106310.0,-1348.3351723474043,1348.3351723474043,-0.012683051193184,False
MLR,533,2025-09-05,2025-09-08,2990,107605.0,0.0073230797825378,-0.0010511298704844,0.0,108393.0,107491.89317028652,107605.0,-901.1068297134916,901.1068297134916,-0.0083742096530222,False
MLR,534,2025-09-08,2025-09-09,2991,108393.0,0.004742003634921,0.0010303300366589,0.0,108907.0,108504.68056366358,108393.0,-402.3194363364164,402.3194363364164,-0.003711673598262,True
MLR,535,2025-09-09,2025-09-10,2992,108907.0,-0.0002111893634018,-0.0012308534302242,0.0,108884.0,108772.95144547457,108907.0,-111.04855452543416,111.04855452543416,-0.0010196640668224,True
MLR,536,2025-09-10,2025-09-11,2993,108884.0,-0.0001285772014253,-0.0008278076517293,0.0,108870.0,108793.86499164913,108884.0,-76.1350083508878,76.1350083508878,-0.000699230450304,True
MLR,537,2025-09-11,2025-09-12,2994,108870.0,0.0033709929273444,-0.0010336389708517,0.0,109237.0,108757.46772524338,108870.0,-479.53227475662425,479.53227475662425,-0.0044046318981961,False
MLR,538,2025-09-12,2025-09-15,2995,109237.0,0.0073967611706655,-4.734600710688255e-05,0.0,110045.0,109231.82806422169,109237.0,-813.1719357783295,813.1719357783295,-0.0074441071777723,False
MLR,539,2025-09-15,2025-09-16,2996,110045.0,-4.543595801720368e-05,0.0004931800142765,0.0,110040.0,110099.27199467106,110045.0,59.271994671056746,59.271994671056746,0.0005386159722937,False
MLR,540,2025-09-16,2025-09-17,2997,110040.0,-0.0031624863685932,-0.0001576163198066,0.0,109692.0,110022.65590016848,110040.0,330.65590016846545,330.65590016846545,0.0030048700487865,True
MLR,541,2025-09-17,2025-09-18,2998,109692.0,-0.0067552784159282,-0.0004935128883431,0.0,108951.0,109637.86558425186,109692.0,686.8655842518638,686.8655842518638,0.006261765527585,True
MLR,542,2025-09-18,2025-09-19,2999,108951.0,0.0070123266422519,-0.0024595694707741,0.0,109715.0,108683.02744658968,108951.0,-1031.97255341032,1031.97255341032,-0.009471896113026,False
MLR,543,2025-09-19,2025-09-22,3000,109715.0,0.0214647040058333,-3.234095895833565e-05,0.0,112070.0,109711.45171168789,109715.0,-2358.548288312115,2358.548288312115,-0.0214970449647916,False
MLR,544,2025-09-22,2025-09-23,3001,112070.0,0.0146783260462211,0.0020468003721445,0.0,113715.0,112299.38491770624,112070.0,-1415.6150822937634,1415.6150822937634,-0.0126315256740765,True
MLR,545,2025-09-23,2025-09-24,3002,113715.0,-0.0109044541177505,0.0023734777364421,0.0,112475.0,113984.90002079953,113715.0,1509.9000207995125,1509.9000207995125,0.0132779318541926,False
MLR,546,2025-09-24,2025-09-25,3003,112475.0,0.0011647032673927,-0.0006804797690113,0.0,112606.0,112398.46303798044,112475.0,-207.53696201955609,207.53696201955609,-0.001845183036404,False
MLR,547,2025-09-25,2025-09-26,3004,112606.0,0.009395591709145,-0.0014660440843945,0.0,113664.0,112440.91463983268,112606.0,-1223.0853601673298,1223.0853601673298,-0.0108616357935395,False
MLR,548,2025-09-26,2025-09-29,3005,113664.0,0.018211570945946,0.0019904874881567,0.0,115734.0,113890.24676985384,113664.0,-1843.7532301461613,1843.7532301461613,-0.0162210834577892,True
MLR,549,2025-09-29,2025-09-30,3006,115734.0,0.0072493822040196,0.002444140436594,0.0,116573.0,116016.87014928878,115734.0,-556.1298507112224,556.1298507112224,-0.0048052417674255,True
MLR,550,2025-09-30,2025-10-01,3007,116573.0,0.0033884347147281,0.0011937249255025,0.0,116968.0,116712.1560957406,116573.0,-255.8439042593964,255.8439042593964,-0.0021947097892255,True
MLR,551,2025-10-01,2025-10-03,3008,116968.0,0.0034368374256206,0.0003100433503986,0.0,117370.0,117004.26515060944,116968.0,-365.7348493905738,365.7348493905738,-0.0031267940752219,True
MLR,552,2025-10-03,2025-10-06,3009,117370.0,0.0183522194768679,0.0002451812016576,0.0,119524.0,117398.77691763856,117370.0,-2125.2230823614373,2125.2230823614373,-0.0181070382752102,True
MLR,553,2025-10-06,2025-10-07,3010,119524.0,0.0069442120410962,0.0015114074712226,0.0,120354.0,119704.6494665904,119524.0,-649.3505334095971,649.3505334095971,-0.0054328045698735,True
MLR,554,2025-10-07,2025-10-08,3011,120354.0,0.018179703208867,0.0019754316070443,0.0,122542.0,120591.75109563422,120354.0,-1950.2489043657845,1950.2489043657845,-0.0162042716018226,True
MLR,555,2025-10-08,2025-10-09,3012,122542.0,-0.0218129294445985,0.0027236138633501,0.0,119869.0,122875.75709004268,122542.0,3006.7570900426654,3006.7570900426654,0.0245365433079486,False
MLR,556,2025-10-09,2025-10-10,3013,119869.0,0.0071578139468919,-0.0031340968606793,0.0,120727.0,119493.3189434072,119869.0,-1233.681056592788,1233.681056592788,-0.0102919108075712,False
MLR,557,2025-10-10,2025-10-13,3014,120727.0,0.0268125605705433,-0.0040675849402419,0.0,123964.0,120235.9326729194,120727.0,-3728.0673270805855,3728.0673270805855,-0.0308801455107852,False
MLR,558,2025-10-13,2025-10-14,3015,123964.0,0.0144316091768577,0.0043502555120714,0.0,125753.0,124503.27507429844,123964.0,-1249.7249257015646,1249.7249257015646,-0.0100813536647862,True
MLR,559,2025-10-14,2025-10-15,3016,125753.0,0.0070614617543915,0.0041613790933464,0.0,126641.0,126276.3059051256,125753.0,-364.6940948743868,364.6940948743868,-0.002900082661045,True
MLR,560,2025-10-15,2025-10-16,3017,126641.0,0.0165349294462298,0.0025953175250892,0.0,128735.0,126969.67360669482,126641.0,-1765.3263933051785,1765.3263933051785,-0.0139396119211405,True
MLR,561,2025-10-16,2025-10-17,3018,128735.0,-0.0216258204839399,0.0038251291136367,0.0,125951.0,129227.427996444,128735.0,3276.4279964440066,3276.4279964440066,0.0254509495975766,False
MLR,562,2025-10-17,2025-10-20,3019,125951.0,0.0281220474629022,-0.0019294015585163,0.0,129493.0,125707.9899443033,125951.0,-3785.0100556966936,3785.0100556966936,-0.0300514490214185,False
MLR,563,2025-10-20,2025-10-21,3020,129493.0,-0.0164333207200388,0.0016545576561791,0.0,127365.0,129707.25363457162,129493.0,2342.2536345716217,2342.2536345716217,0.0180878783762179,False
MLR,564,2025-10-21,2025-10-22,3021,127365.0,-0.0494327326973658,0.004768287270175,0.0,121069.0,127972.31290816586,127365.0,6903.312908165855,6903.312908165855,0.0542010199675408,False
MLR,565,2025-10-22,2025-10-23,3022,121069.0,0.0184688070439171,-0.0065745204385995,0.0,123305.0,120273.0293850192,121069.0,-3031.9706149808044,3031.9706149808044,-0.0250433274825166,False
MLR,566,2025-10-23,2025-10-24,3023,123305.0,-0.0061311382344593,-0.002290102123162,0.0,122549.0,123022.6189577035,123305.0,473.61895770349656,473.61895770349656,0.0038410361112972,True
MLR,567,2025-10-24,2025-10-27,3024,122549.0,-0.0207835233253637,0.0007577606704419,0.0,120002.0,122641.86281240196,122549.0,2639.862812401974,2639.862812401974,0.0215412839958056,False
MLR,568,2025-10-27,2025-10-28,3025,120002.0,-0.0108581523641272,-0.0023616239654782,0.0,118699.0,119718.60040089468,120002.0,1019.6004008946766,1019.6004008946766,0.0084965283986489,True
MLR,569,2025-10-28,2025-10-29,3026,118699.0,0.0061078863343415,-0.0035604823056821,0.0,119424.0,118276.37431079784,118699.0,-1147.625689202163,1147.625689202163,-0.0096683686400236,False
MLR,570,2025-10-29,2025-10-30,3027,119424.0,0.0069249062165059,-0.0020321204173673,0.0,120251.0,119181.31605127631,119424.0,-1069.683948723672,1069.683948723672,-0.0089570266338732,False
MLR,571,2025-10-30,2025-10-31,3028,120251.0,0.0079666697158442,-0.0005431643499975,0.0,121209.0,120185.68394374845,120251.0,-1023.316056251555,1023.316056251555,-0.0085098340658417,False
MLR,572,2025-10-31,2025-11-03,3029,121209.0,0.0016995437632518,0.0027051031139421,0.0,121415.0,121536.88284333782,121209.0,121.88284333782212,121.88284333782212,0.0010055593506903,True
MLR,573,2025-11-03,2025-11-04,3030,121415.0,-0.0130544001976691,0.0023225233207882,0.0,119830.0,121696.9891689935,121415.0,1866.989168993503,1866.989168993503,0.0153769235184573,False
MLR,574,2025-11-04,2025-11-05,3031,119830.0,0.0055411833430694,0.0011773936250805,0.0,120494.0,119971.0870780934,119830.0,-522.912921906609,522.912921906609,-0.0043637897179888,True
MLR,575,2025-11-05,2025-11-06,3032,120494.0,0.000771822663369,0.0024599238262994,0.0,120587.0,120790.40606152613,120494.0,203.406061526126,203.406061526126,0.0016881011629304,True
MLR,576,2025-11-06,2025-11-07,3033,120587.0,0.003889308134376,0.0013062333096913,0.0,121056.0,120744.51475611576,120587.0,-311.48524388424994,311.48524388424994,-0.0025830748246846,True
MLR,577,2025-11-07,2025-11-10,3034,121056.0,0.0234684773988897,0.0018589616933054,0.0,123897.0,121281.0384667448,121056.0,-2615.9615332552057,2615.9615332552057,-0.0216095157055842,True
MLR,578,2025-11-10,2025-11-11,3035,123897.0,0.0,0.003917807382983,0.0,123897.0,124382.40458132944,123897.0,485.4045813294506,485.4045813294506,0.003917807382983,False
MLR,579,2025-11-11,2025-11-12,3036,123897.0,0.019903629627836,0.0038057970283712,0.0,126363.0,124368.52683442412,123897.0,-1994.4731655758808,1994.4731655758808,-0.0160978325994647,True
MLR,580,2025-11-12,2025-11-13,3037,126363.0,0.0024136812199773,0.0037038015676598,0.0,126668.0,126831.0234774942,126363.0,163.02347749419278,163.02347749419278,0.0012901203476825,True
MLR,581,2025-11-13,2025-11-14,3038,126668.0,-0.0253734171219249,0.003366187039286,0.0,123454.0,127094.38817989228,126668.0,3640.388179892281,3640.388179892281,0.0287396041612109,False
MLR,582,2025-11-14,2025-11-17,3039,123454.0,-0.0053866217376512,0.0027068039372819,0.0,122789.0,123788.1657732732,123454.0,999.1657732732128,999.1657732732128,0.0080934256749331,False
MLR,583,2025-11-17,2025-11-18,3040,122789.0,-0.0016125222943422,-0.0010047792774599,0.0,122591.0,122665.62415729996,122789.0,74.624157299957,74.624157299957,0.0006077430168822,True
MLR,584,2025-11-18,2025-11-19,3041,122591.0,0.0025532053739671,-0.0006308765423129,0.0,122904.0,122513.66021380133,122591.0,-390.3397861986887,390.3397861986887,-0.00318408191628,False
MLR,585,2025-11-19,2025-11-20,3042,122904.0,-0.0026524767298053,0.0009225379050796,0.0,122578.0,123017.38359868592,122904.0,439.3835986859194,439.3835986859194,0.0035750146348849,False
MLR,586,2025-11-20,2025-11-21,3043,122578.0,0.0103689079606454,0.0006683814804474,0.0,123849.0,122659.9288651103,122578.0,-1189.071134889702,1189.071134889702,-0.0097005264801979,True
MLR,587,2025-11-21,2025-11-24,3044,123849.0,-0.0018974719214527,0.0016308070892458,0.0,123614.0,124050.973827196,123849.0,436.97382719600864,436.97382719600864,0.0035282790106985,False
MLR,588,2025-11-24,2025-11-25,3045,123614.0,0.0105327875483358,0.001102947684933,0.0,124916.0,123750.33977512528,123614.0,-1165.6602248747076,1165.6602248747076,-0.0094298398634027,True
MLR,589,2025-11-25,2025-11-26,3046,124916.0,0.0060680777482469,0.0021937941175103,0.0,125674.0,125190.03998598292,124916.0,-483.9600140170805,483.9600140170805,-0.0038742836307365,True
MLR,590,2025-11-26,2025-11-27,3047,125674.0,-0.0016630329264605,0.0026362207441073,0.0,125465.0,126005.30440579494,125674.0,540.3044057949446,540.3044057949446,0.0042992536705678,False
MLR,591,2025-11-27,2025-11-28,3048,125465.0,0.0117801777388115,0.0015242479060676,0.0,126943.0,125656.23976353476,125465.0,-1286.7602364652412,1286.7602364652412,-0.0102559298327438,True
MLR,592,2025-11-28,2025-12-01,3049,126943.0,0.0085944085140574,0.0023207018314631,0.0,128034.0,127237.5968525914,126943.0,-796.4031474085932,796.4031474085932,-0.0062737066825942,True
MLR,593,2025-12-01,2025-12-02,3050,128034.0,0.0049361888248433,0.0030267406482988,0.0,128666.0,128421.5257121643,128034.0,-244.4742878357065,244.4742878357065,-0.0019094481765444,True
MLR,594,2025-12-02,2025-12-03,3051,128666.0,0.0049663469758911,0.0028248450146993,0.0,129305.0,129029.46150866128,128666.0,-275.5384913387097,275.5384913387097,-0.0021415019611917,True
MLR,595,2025-12-03,2025-12-04,3052,129305.0,-0.003178531379297,0.0019664106568566,0.0,128894.0,129559.26672998484,129305.0,665.2667299848545,665.2667299848545,0.0051449420361536,False
MLR,596,2025-12-04,2025-12-05,3053,128894.0,0.0024205936661132,0.0015106439417526,0.0,129206.0,129088.71294022827,128894.0,-117.28705977172648,117.28705977172648,-0.0009099497243605,True
MLR,597,2025-12-05,2025-12-08,3054,129206.0,-0.0036376019689488,0.000879294800607,0.0,128736.0,129319.61016400724,129206.0,583.6101640072447,583.6101640072447,0.0045168967695558,False
MLR,598,2025-12-08,2025-12-09,3055,128736.0,0.0009088366890379,0.0007425368412857,0.0,128853.0,128831.59122279976,128736.0,-21.4087772002531,21.4087772002531,-0.0001662998477521,True
MLR,599,2025-12-09,2025-12-10,3056,128853.0,-0.002739555928073,0.0011889727401877,0.0,128500.0,129006.2027044914,128853.0,506.20270449139934,506.20270449139934,0.0039285286682607,False
MLR,600,2025-12-10,2025-12-11,3057,128500.0,0.018715953307393,0.0016956220010058,0.0,130905.0,128717.88742712924,128500.0,-2187.112572870756,2187.112572870756,-0.0170203313063871,True
MLR,601,2025-12-11,2025-12-12,3058,130905.0,0.0056529544326038,0.0028170026173247,0.0,131645.0,131273.75972762087,130905.0,-371.2402723791311,371.2402723791311,-0.002835951815279,True
MLR,602,2025-12-12,2025-12-15,3059,131645.0,0.0064263739602719,0.0018389393454522,0.0,132491.0,131887.08717013206,131645.0,-603.9128298679425,603.9128298679425,-0.0045874346148196,True
MLR,603,2025-12-15,2025-12-16,3060,132491.0,0.0010264848178367,0.0017828904919039,0.0,132627.0,132727.21694416285,132491.0,100.21694416285028,100.21694416285028,0.0007564056740672,True
MLR,604,2025-12-16,2025-12-17,3061,132627.0,0.0036794921094498,0.0019101893354345,0.0,133115.0,132880.34268099067,132627.0,-234.65731900933315,234.65731900933315,-0.0017693027740152,True
MLR,605,2025-12-17,2025-12-18,3062,133115.0,-0.0032378019006122,0.0015998934632778,0.0,132684.0,133327.96981836425,133115.0,643.9698183642467,643.9698183642467,0.00483769536389,False
MLR,606,2025-12-18,2025-12-19,3063,132684.0,-0.0019369328630429,0.0014972679597335,0.0,132427.0,132882.6635019693,132684.0,455.6635019693058,455.6635019693058,0.0034342008227764,False
MLR,607,2025-12-19,2025-12-22,3064,132427.0,0.0166959909988144,0.0004518997576732,0.0,134638.0,132486.8437292094,132427.0,-2151.1562707906123,2151.1562707906123,-0.0162440912411411,True
MLR,608,2025-12-22,2025-12-23,3065,134638.0,0.0086231227439503,0.0019657316959656,0.0,135799.0,134902.66218408142,134638.0,-896.3378159185813,896.3378159185813,-0.0066573910479846,True
MLR,609,2025-12-23,2025-12-24,3066,135799.0,0.0022459664651433,0.0029589573093059,0.0,136104.0,136200.82344364643,135799.0,96.82344364642633,96.82344364642633,0.0007129908441626,True
MLR,610,2025-12-24,2025-12-26,3067,136104.0,0.0123802386410392,0.0027750717395056,0.0,137789.0,136481.69836403368,136104.0,-1307.301635966316,1307.301635966316,-0.0096051669015335,True
MLR,611,2025-12-26,2025-12-29,3068,137789.0,-0.0376953167524257,0.0029212748385964,0.0,132595.0,138191.51953873536,137789.0,5596.51953873536,5596.51953873536,0.0406165915910221,False
MLR,612,2025-12-29,2025-12-30,3069,132595.0,0.01040009050115,0.0020900018682478,0.0,133974.0,132872.12379772033,132595.0,-1101.8762022796727,1101.8762022796727,-0.0083100886329021,True
MLR,613,2025-12-30,2025-12-31,3070,133974.0,0.0110469195515547,5.920188296848277e-05,0.0,135454.0,133981.93151306882,133974.0,-1472.0684869311808,1472.0684869311808,-0.0109877176685862,True
MLR,614,2025-12-31,2026-01-01,3071,135454.0,0.0023402778803136,0.0047613392829819,0.0,135771.0,136098.94245123703,135454.0,327.9424512370315,327.9424512370315,0.0024210614026683,True
MLR,615,2026-01-01,2026-01-02,3072,135771.0,0.0001620375485191,0.002374617517515,0.0,135793.0,136093.40419497053,135771.0,300.4041949705279,300.4041949705279,0.0022125799689959,True
SVR,1,2023-08-11,2023-08-14,2458,58629.0,0.0005799177881253,0.0004172861484073,0.0,58663.0,58653.465069594975,58629.0,-9.53493040502508,9.53493040502508,-0.0001626316397179,True
SVR,2,2023-08-14,2023-08-16,2459,58663.0,-0.0042616299882378,0.0001215742888925,0.0,58413.0,58670.1319125093,58663.0,257.1319125092996,257.1319125092996,0.0043832042771303,False
SVR,3,2023-08-16,2023-08-17,2460,58413.0,-0.0066081180559122,-0.0002485558340348,0.0,58027.0,58398.48110806652,58413.0,371.4811080665168,371.4811080665168,0.0063595622218773,True
SVR,4,2023-08-17,2023-08-18,2461,58027.0,0.0012235683388768,-0.0006029660602043,0.0,58098.0,57992.01168842452,58027.0,-105.98831157547828,105.98831157547828,-0.0018265343990811,False
SVR,5,2023-08-18,2023-08-21,2462,58098.0,0.0011360115666632,-6.747993930068238e-05,0.0,58164.0,58094.07955048651,58098.0,-69.9204495134909,69.9204495134909,-0.0012034915059638,False
SVR,6,2023-08-21,2023-08-22,2463,58164.0,0.000979987621209,0.000868134365304,0.0,58221.0,58214.49416722354,58164.0,-6.505832776456373,6.505832776456373,-0.0001118532559049,True
SVR,7,2023-08-22,2023-08-23,2464,58221.0,0.0035897700142559,-0.0005210420187513,0.0,58430.0,58190.66441262628,58221.0,-239.33558737372368,239.33558737372368,-0.0041108120330072,False
SVR,8,2023-08-23,2023-08-24,2465,58430.0,0.0001026869758684,0.0006115931452362,0.0,58436.0,58465.73538747615,58430.0,29.73538747614657,29.73538747614657,0.0005089061693678,True
SVR,9,2023-08-24,2023-08-25,2466,58436.0,-0.0027893764118009,-0.0001461187166066,0.0,58273.0,58427.461406676375,58436.0,154.4614066763752,154.4614066763752,0.0026432576951942,True
SVR,10,2023-08-25,2023-08-28,2467,58273.0,0.0038439757692241,-3.517102184668876e-05,0.0,58497.0,58270.95047904392,58273.0,-226.04952095607587,226.04952095607587,-0.0038791467910707,False
SVR,11,2023-08-28,2023-08-29,2468,58497.0,0.0059148332393115,0.00015864930117,0.0,58843.0,58506.28050817055,58497.0,-336.71949182945536,336.71949182945536,-0.0057561839381414,True
SVR,12,2023-08-29,2023-08-30,2469,58843.0,0.0046564587121662,0.0007693096968628,0.0,59117.0,58888.2684904925,58843.0,-228.7315095075028,228.7315095075028,-0.0038871490153033,True
SVR,13,2023-08-30,2023-08-31,2470,59117.0,-6.766243212608103e-05,0.0004141912119228,0.0,59113.0,59141.48574187524,59117.0,28.485741875243548,28.485741875243548,0.0004818536440489,False
SVR,14,2023-08-31,2023-09-01,2471,59113.0,-0.0001184172686211,0.0005145426585622,0.0,59106.0,59143.41616017559,59113.0,37.41616017559136,37.41616017559136,0.0006329599271833,False
SVR,15,2023-09-01,2023-09-04,2472,59106.0,0.0047203329611207,0.0003986805371574,0.0,59385.0,59129.564411829226,59106.0,-255.43558817077428,255.43558817077428,-0.0043216524239632,True
SVR,16,2023-09-04,2023-09-05,2473,59385.0,-0.0014144986107602,0.0004028412038274,0.0,59301.0,59408.92272488929,59385.0,107.92272488929302,107.92272488929302,0.0018173398145876,False
SVR,17,2023-09-05,2023-09-06,2474,59301.0,-0.0032039931872986,0.0003815962745529,0.0,59111.0,59323.62904067727,59301.0,212.62904067726777,212.62904067726777,0.0035855894618515,False
SVR,18,2023-09-06,2023-09-07,2475,59111.0,-0.0016071458780937,0.0003633459608462,0.0,59016.0,59132.47774309159,59111.0,116.47774309158558,116.47774309158558,0.0019704918389399,False
SVR,19,2023-09-07,2023-09-08,2476,59016.0,-0.0018808458723058,0.0002370321490158,0.0,58905.0,59029.98868930632,59016.0,124.98868930632308,124.98868930632308,0.0021178780213216,False
SVR,20,2023-09-08,2023-09-11,2477,58905.0,0.0006111535523301,0.0006052214341768,0.0,58941.0,58940.65056858018,58905.0,-0.3494314198178472,0.3494314198178472,-5.9321181532726985e-06,True
SVR,21,2023-09-11,2023-09-12,2478,58941.0,-0.0050728694796491,0.0007550639652615,0.0,58642.0,58985.50422517648,58941.0,343.5042251764826,343.5042251764826,0.0058279334449106,False
SVR,22,2023-09-12,2023-09-13,2479,58642.0,-0.0005456839807645,0.0004657169105172,0.0,58610.0,58669.31057106656,58642.0,59.310571066554985,59.310571066554985,0.0010114008912817,False
SVR,23,2023-09-13,2023-09-14,2480,58610.0,-3.4123869646851546e-05,8.295291077061785e-05,0.0,58608.0,58614.86187010027,58610.0,6.861870100270608,6.861870100270608,0.0001170767804174,False
SVR,24,2023-09-14,2023-09-15,2481,58608.0,0.0065520065520066,0.0003475110771197,0.0,58992.0,58628.36692920784,58608.0,-363.6330707921588,363.6330707921588,-0.0062044954748868,True
SVR,25,2023-09-15,2023-09-18,2482,58992.0,0.003729319229726,0.0001212500390079,0.0,59212.0,58999.15278230116,58992.0,-212.84721769884345,212.84721769884345,-0.003608069190718,True
SVR,26,2023-09-18,2023-09-19,2483,59212.0,0.0008950888333445,-9.108669951482332e-05,0.0,59265.0,59206.60657434833,59212.0,-58.39342565167317,58.39342565167317,-0.0009861755328593,False
SVR,27,2023-09-19,2023-09-20,2484,59265.0,0.0016535898084872,0.000113601043271,0.0,59363.0,59271.73256582945,59265.0,-91.26743417054968,91.26743417054968,-0.0015399887652161,True
SVR,28,2023-09-20,2023-09-21,2485,59363.0,-0.008591210012971,-5.795854267955103e-06,0.0,58853.0,59362.65594070309,59363.0,509.65594070308725,509.65594070308725,0.008585414158703,True
SVR,29,2023-09-21,2023-09-22,2486,58853.0,0.0007306339523898,0.000553793501185,0.0,58896.0,58885.59240892525,58853.0,-10.407591074756056,10.407591074756056,-0.0001768404512047,True
SVR,30,2023-09-22,2023-09-25,2487,58896.0,-0.0032090464547677,0.0003795881303837,0.0,58707.0,58918.35622252709,58896.0,211.35622252708708,211.35622252708708,0.0035886345851514,False
SVR,31,2023-09-25,2023-09-26,2488,58707.0,-0.0039007273408622,0.0003068118756306,0.0,58478.0,58725.01200478265,58707.0,247.01200478264943,247.01200478264943,0.0042075392164928,False
SVR,32,2023-09-26,2023-09-27,2489,58478.0,-0.0122952221348199,0.0003270288597652,0.0,57759.0,58497.12399366135,58478.0,738.1239936613492,738.1239936613492,0.0126222509945851,False
SVR,33,2023-09-27,2023-09-28,2490,57759.0,-0.0106130646306202,0.0003237737910673,0.0,57146.0,57777.70085039826,57759.0,631.7008503982579,631.7008503982579,0.0109368384216875,False
SVR,34,2023-09-28,2023-09-29,2491,57146.0,-0.0014874181919994,-2.921565017793213e-05,0.0,57061.0,57144.330442454935,57146.0,83.33044245493511,83.33044245493511,0.0014582025418214,True
SVR,35,2023-09-29,2023-10-03,2492,57061.0,-0.0118469707856504,0.0003855138500444,0.0,56385.0,57082.99780579738,57061.0,697.9978057973785,697.9978057973785,0.0122324846356948,False
SVR,36,2023-10-03,2023-10-04,2493,56385.0,-0.0027666932694865,0.0003492072225616,0.0,56229.0,56404.69004924414,56385.0,175.69004924414185,175.69004924414185,0.0031159004920481,False
SVR,37,2023-10-04,2023-10-05,2494,56229.0,-0.0020807768233473,0.0003559264560186,0.0,56112.0,56249.01338869547,56229.0,137.0133886954718,137.0133886954718,0.0024367032793659,False
SVR,38,2023-10-05,2023-10-06,2495,56112.0,0.0083761049329911,4.556975541958509e-05,0.0,56582.0,56114.55701011611,56112.0,-467.4429898838935,467.4429898838935,-0.0083305351775715,True
SVR,39,2023-10-06,2023-10-09,2496,56582.0,0.0121239970308579,0.000374914569501,0.0,57268.0,56603.21341617152,56582.0,-664.7865838284852,664.7865838284852,-0.0117490824613568,True
SVR,40,2023-10-09,2023-10-10,2497,57268.0,0.0016763288398407,0.0004180376652585,0.0,57364.0,57291.940181014026,57268.0,-72.05981898597383,72.05981898597383,-0.0012582911745821,True
SVR,41,2023-10-10,2023-10-11,2498,57364.0,0.004741649815215,0.0004703439682492,0.0,57636.0,57390.98081139465,57364.0,-245.0191886053508,245.0191886053508,-0.0042713058469657,True
SVR,42,2023-10-11,2023-10-12,2499,57636.0,-0.0003990561454646,0.0003088897917296,0.0,57613.0,57653.803172036125,57636.0,40.80317203612504,40.80317203612504,0.0007079459371942,False
SVR,43,2023-10-12,2023-10-13,2500,57613.0,0.0239529272907157,0.0003679982415765,0.0,58993.0,57634.20148269195,57613.0,-1358.7985173080524,1358.7985173080524,-0.0235849290491391,True
SVR,44,2023-10-13,2023-10-16,2501,58993.0,0.0,0.0003827414047339,0.0,58993.0,59015.57906368947,58993.0,22.579063689467148,22.579063689467148,0.0003827414047339,False
SVR,45,2023-10-16,2023-10-17,2502,58993.0,-0.0012035326225144,0.000390671048644,0.0,58922.0,59016.04685717266,58993.0,94.04685717265966,94.04685717265966,0.0015942036711584,False
SVR,46,2023-10-17,2023-10-18,2503,58922.0,0.0128644648857811,0.0004605934703034,0.0,59680.0,58949.139088457225,58922.0,-730.8609115427753,730.8609115427753,-0.0124038714154776,True
SVR,47,2023-10-18,2023-10-19,2504,59680.0,0.0042727882037534,0.0003936117295132,0.0,59935.0,59703.49074801736,59680.0,-231.50925198264304,231.50925198264304,-0.0038791764742401,True
SVR,48,2023-10-19,2023-10-20,2505,59935.0,0.0078418286477017,0.0003821890959999,0.0,60405.0,59957.90650346875,59935.0,-447.0934965312481,447.0934965312481,-0.0074596395517017,True
SVR,49,2023-10-20,2023-10-23,2506,60405.0,-4.966476285073185e-05,0.0003752195837736,0.0,60402.0,60427.66513895785,60405.0,25.665138957847372,25.665138957847372,0.0004248843466244,False
SVR,50,2023-10-23,2023-10-24,2507,60402.0,-0.0008443429025528,0.0004313041529387,0.0,60351.0,60428.0516334458,60402.0,77.05163344580069,77.05163344580069,0.0012756470554915,False
SVR,51,2023-10-24,2023-10-25,2508,60351.0,0.004987489851038,0.0004098721503222,0.0,60652.0,60375.7361941441,60351.0,-276.2638058559023,276.2638058559023,-0.0045776177007157,True
SVR,52,2023-10-25,2023-10-26,2509,60652.0,0.0013684627052694,0.000276417843669,0.0,60735.0,60668.76529505421,60652.0,-66.23470494578942,66.23470494578942,-0.0010920448616003,True
SVR,53,2023-10-26,2023-10-27,2510,60735.0,0.0035728986581049,0.0004578416908744,0.0,60952.0,60762.80701509526,60735.0,-189.1929849047374,189.1929849047374,-0.0031150569672304,True
SVR,54,2023-10-27,2023-10-30,2511,60952.0,0.002050794067463,0.0005511211586806,0.0,61077.0,60985.5919368639,60952.0,-91.40806313609936,91.40806313609936,-0.0014996729087823,True
SVR,55,2023-10-30,2023-10-31,2512,61077.0,-0.0032418095191315,0.0004039057918094,0.0,60879.0,61101.669354046346,61077.0,222.6693540463457,222.6693540463457,0.0036457153109409,False
SVR,56,2023-10-31,2023-11-01,2513,60879.0,-0.0020039750981455,0.0005245525654784,0.0,60757.0,60910.934235633766,60879.0,153.93423563376564,153.93423563376564,0.0025285276636239,False
SVR,57,2023-11-01,2023-11-02,2514,60757.0,0.0007900324242473,0.0001287499025515,0.0,60805.0,60764.82245782932,60757.0,-40.17754217067704,40.17754217067704,-0.0006612825216957,True
SVR,58,2023-11-02,2023-11-03,2515,60805.0,0.0003947043828631,0.0005696128947908,0.0,60829.0,60839.63531206775,60805.0,10.635312067752238,10.635312067752238,0.0001749085119277,True
SVR,59,2023-11-03,2023-11-06,2516,60829.0,-0.0001808347991911,0.0003976427314702,0.0,60818.0,60853.18820971261,60829.0,35.188209712607204,35.188209712607204,0.0005784775306613,False
SVR,60,2023-11-06,2023-11-07,2517,60818.0,-0.0074484527606958,0.0004018887168025,0.0,60365.0,60842.44206797849,60818.0,477.4420679784889,477.4420679784889,0.0078503414774983,False
SVR,61,2023-11-07,2023-11-08,2518,60365.0,-0.005334216847511,0.0001221050747223,0.0,60043.0,60372.37087283562,60365.0,329.3708728356214,329.3708728356214,0.0054563219222333,False
SVR,62,2023-11-08,2023-11-09,2519,60043.0,0.003797278616991,0.0003142080226362,0.0,60271.0,60061.86599230316,60043.0,-209.13400769684085,209.13400769684085,-0.0034830705943547,True
SVR,63,2023-11-09,2023-11-10,2520,60271.0,-0.0095236515073584,0.0003136960972024,0.0,59697.0,60289.9067774745,60271.0,592.9067774744981,592.9067774744981,0.0098373476045608,False
SVR,64,2023-11-10,2023-11-12,2521,59697.0,0.0014741109268472,0.0003757090749799,0.0,59785.0,59719.428704649086,59697.0,-65.57129535091372,65.57129535091372,-0.0010984018518672,True
SVR,65,2023-11-12,2023-11-13,2522,59785.0,0.0009868696161243,0.0002318863422966,0.0,59844.0,59798.8633249742,59785.0,-45.136675025802106,45.136675025802106,-0.0007549832738276,True
SVR,66,2023-11-13,2023-11-14,2523,59844.0,0.0039937169975268,-0.000141477692836,0.0,60083.0,59835.53340894992,59844.0,-247.4665910500771,247.4665910500771,-0.0041351946903628,False
SVR,67,2023-11-14,2023-11-15,2524,60083.0,0.0006158147895412,-4.1976735349964994e-05,0.0,60120.0,60080.47791180997,60083.0,-39.52208819003136,39.52208819003136,-0.0006577915248911,False
SVR,68,2023-11-15,2023-11-16,2525,60120.0,0.0088822355289421,0.0003540263045573,0.0,60654.0,60141.28406142999,60120.0,-512.715938570007,512.715938570007,-0.0085282092243847,True
SVR,69,2023-11-16,2023-11-17,2526,60654.0,0.0003956870115737,0.0004083550743646,0.0,60678.0,60678.76836868051,60654.0,0.7683686805103207,0.7683686805103207,1.2668062790939516e-05,True
SVR,70,2023-11-17,2023-11-20,2527,60678.0,-0.0003460891921289,-0.0001017686221976,0.0,60657.0,60671.82488354229,60678.0,14.82488354229281,14.82488354229281,0.0002443205699312,True
SVR,71,2023-11-20,2023-11-21,2528,60657.0,0.0091498095850437,0.0002467223238452,0.0,61212.0,60671.965435997474,60657.0,-540.0345640025262,540.0345640025262,-0.0089030872611984,True
SVR,72,2023-11-21,2023-11-22,2529,61212.0,-0.0024014899039404,0.0003735645805487,0.0,61065.0,61234.86663510455,61212.0,169.86663510454673,169.86663510454673,0.0027750544844891,False
SVR,73,2023-11-22,2023-11-23,2530,61065.0,0.0004585277982478,0.0004215123964005,0.0,61093.0,61090.739654486206,61065.0,-2.260345513794164,2.260345513794164,-3.701540184724661e-05,True
SVR,74,2023-11-23,2023-11-24,2531,61093.0,0.0042394382335129,0.0002220261340591,0.0,61352.0,61106.56424260808,61093.0,-245.435757391926,245.435757391926,-0.0040174120994537,True
SVR,75,2023-11-24,2023-11-27,2532,61352.0,0.0033413743643238,0.0003081783084481,0.0,61557.0,61370.90735557991,61352.0,-186.09264442008865,186.09264442008865,-0.0030331960558756,True
SVR,76,2023-11-27,2023-11-28,2533,61557.0,0.0138408304498269,0.0004296834006499,0.0,62409.0,61583.45002109382,61557.0,-825.5499789061796,825.5499789061796,-0.0134111470491769,True
SVR,77,2023-11-28,2023-11-29,2534,62409.0,0.0009774231280745,0.0003781956406856,0.0,62470.0,62432.60281173955,62409.0,-37.39718826045282,37.39718826045282,-0.0005992274873888,True
SVR,78,2023-11-29,2023-11-30,2535,62470.0,0.0027052985433007,0.0003481373141138,0.0,62639.0,62491.74813801269,62470.0,-147.25186198730808,147.25186198730808,-0.0023571612291868,True
SVR,79,2023-11-30,2023-12-01,2536,62639.0,0.0037835853062788,0.0004193296080409,0.0,62876.0,62665.26638731808,62639.0,-210.73361268192093,210.73361268192093,-0.0033642556982378,True
SVR,80,2023-12-01,2023-12-04,2537,62876.0,-0.0091290794579808,0.0004114996190986,0.0,62302.0,62901.87345005045,62876.0,599.8734500504506,599.8734500504506,0.0095405790770794,False
SVR,81,2023-12-04,2023-12-05,2538,62302.0,0.0047831530287951,0.0004072576833182,0.0,62600.0,62327.37296818609,62302.0,-272.6270318139068,272.6270318139068,-0.0043758953454768,True
SVR,82,2023-12-05,2023-12-06,2539,62600.0,-0.0052875399361022,-0.000113040664191,0.0,62269.0,62592.92365442164,62600.0,323.9236544216401,323.9236544216401,0.0051744992719111,True
SVR,83,2023-12-06,2023-12-07,2540,62269.0,0.0003372464629269,0.0003023190954407,0.0,62290.0,62287.825107754,62269.0,-2.1748922459955797,2.1748922459955797,-3.492736748615866e-05,True
SVR,84,2023-12-07,2023-12-08,2541,62290.0,-0.0111253812811045,0.000376141934002,0.0,61597.0,62313.42988106899,62290.0,716.429881068987,716.429881068987,0.0115015232151065,False
SVR,85,2023-12-08,2023-12-11,2542,61597.0,-0.0099193142523175,0.0003985760006762,0.0,60986.0,61621.55108591365,61597.0,635.5510859136484,635.5510859136484,0.0103178902529937,False
SVR,86,2023-12-11,2023-12-12,2543,60986.0,-3.2794411832237635e-05,-9.448657059842356e-05,0.0,60984.0,60980.237642005486,60986.0,-3.762357994513877,3.762357994513877,-6.169215876618593e-05,True
SVR,87,2023-12-12,2023-12-13,2544,60984.0,0.0001311819493636,-0.0001318923591822,0.0,60992.0,60975.956676367634,60984.0,-16.043323632366082,16.043323632366082,-0.0002630743085458,False
SVR,88,2023-12-13,2023-12-14,2545,60992.0,0.0202813483735571,0.0001991825726461,0.0,62229.0,61004.14854347084,60992.0,-1224.8514565291623,1224.8514565291623,-0.0200821658009109,True
SVR,89,2023-12-14,2023-12-15,2546,62229.0,-0.0038245833935945,0.0003931098713849,0.0,61991.0,62253.462834186415,62229.0,262.4628341864154,262.4628341864154,0.0042176932649794,False
SVR,90,2023-12-15,2023-12-18,2547,61991.0,0.0010646706780017,0.0003957398243321,0.0,62057.0,62015.53230745017,61991.0,-41.46769254982792,41.46769254982792,-0.0006689308536695,True
SVR,91,2023-12-18,2023-12-19,2548,62057.0,0.0024815895064214,0.0001479008133308,0.0,62211.0,62066.17828077288,62057.0,-144.8217192271186,144.8217192271186,-0.0023336886930905,True
SVR,92,2023-12-19,2023-12-20,2549,62211.0,-0.0009644596614746,8.53838279504169e-05,0.0,62151.0,62216.31181332062,62211.0,65.3118133206226,65.3118133206226,0.001049843489425,False
SVR,93,2023-12-20,2023-12-21,2550,62151.0,0.0017055236440282,0.0006738842033876,0.0,62257.0,62192.882577124736,62151.0,-64.11742287526431,64.11742287526431,-0.0010316394406405,True
SVR,94,2023-12-21,2023-12-22,2551,62257.0,0.0064249803234976,0.0004208135897421,0.0,62657.0,62283.198591656575,62257.0,-373.80140834342455,373.80140834342455,-0.0060041667337554,True
SVR,95,2023-12-22,2023-12-26,2552,62657.0,0.0010373940661059,0.0006215988673089,0.0,62722.0,62695.94752022898,62657.0,-26.05247977101681,26.05247977101681,-0.0004157951987969,True
SVR,96,2023-12-26,2023-12-27,2553,62722.0,0.0090877204170785,0.0007774120421618,0.0,63292.0,62770.76083810847,62722.0,-521.239161891528,521.239161891528,-0.0083103083749166,True
SVR,97,2023-12-27,2023-12-28,2554,63292.0,-0.0027333628262655,0.0007510863890143,0.0,63119.0,63339.537759733495,63292.0,220.53775973349548,220.53775973349548,0.0034844492152798,False
SVR,98,2023-12-28,2023-12-29,2555,63119.0,-0.0026141098559863,0.0005639263875139,0.0,62954.0,63154.59446965349,63119.0,200.59446965349343,200.59446965349343,0.0031780362435002,False
SVR,99,2023-12-29,2024-01-01,2556,62954.0,0.0007465768656478,0.000639230504707,0.0,63001.0,62994.24211719333,62954.0,-6.757882806668931,6.757882806668931,-0.0001073463609407,True
SVR,100,2024-01-01,2024-01-02,2557,63001.0,0.0006031650291264,0.0006188416884188,0.0,63039.0,63039.98764521208,63001.0,0.9876452120806788,0.9876452120806788,1.5676659292473754e-05,True
SVR,101,2024-01-02,2024-01-03,2558,63039.0,-0.0118180808705722,0.0006151099947556,0.0,62294.0,63077.77591895939,63039.0,783.7759189593926,783.7759189593926,0.0124331908653278,False
SVR,102,2024-01-03,2024-01-04,2559,62294.0,0.002407936558898,0.0003724611615774,0.0,62444.0,62317.20209559931,62294.0,-126.79790440069335,126.79790440069335,-0.0020354753973205,True
SVR,103,2024-01-04,2024-01-05,2560,62444.0,0.0029306258407533,7.785633367902615e-05,0.0,62627.0,62448.86166090025,62444.0,-178.13833909975074,178.13833909975074,-0.0028527695070742,True
SVR,104,2024-01-05,2024-01-08,2561,62627.0,-0.0077761987641112,2.5114371514771872e-05,0.0,62140.0,62628.57283774486,62627.0,488.5728377448613,488.5728377448613,0.0078013131356259,False
SVR,105,2024-01-08,2024-01-09,2562,62140.0,0.0011425812681042,0.0001186948205653,0.0,62211.0,62147.37569614993,62140.0,-63.62430385006883,63.62430385006883,-0.0010238864475388,True
SVR,106,2024-01-09,2024-01-10,2563,62211.0,-0.002636189741364,0.0001298283220178,0.0,62047.0,62219.076749741056,62211.0,172.07674974105612,172.07674974105612,0.0027660180633818,False
SVR,107,2024-01-10,2024-01-11,2564,62047.0,-0.0034973487839863,-0.0001871590382255,0.0,61830.0,62035.38734315522,62047.0,205.38734315522012,205.38734315522012,0.0033101897457607,True
SVR,108,2024-01-11,2024-01-12,2565,61830.0,0.0087659712113861,-0.0002976323420866,0.0,62372.0,61811.59739228879,61830.0,-560.4026077112139,560.4026077112139,-0.0090636035534727,False
SVR,109,2024-01-12,2024-01-15,2566,62372.0,0.0031264028730839,0.0002679477359115,0.0,62567.0,62388.71243618427,62372.0,-178.28756381572748,178.28756381572748,-0.0028584551371723,True
SVR,110,2024-01-15,2024-01-16,2567,62567.0,-0.0080233989163616,0.0002662928904157,0.0,62065.0,62583.66114727464,62567.0,518.6611472746445,518.6611472746445,0.0082896918067773,False
SVR,111,2024-01-16,2024-01-17,2568,62065.0,-0.008120518810924,0.0002857356140359,0.0,61561.0,62082.73418088514,62065.0,521.7341808851415,521.7341808851415,0.00840625442496,False
SVR,112,2024-01-17,2024-01-18,2569,61561.0,0.0037361316417861,0.000362001458846,0.0,61791.0,61583.28517180803,61561.0,-207.71482819197263,207.71482819197263,-0.00337413018294,True
SVR,113,2024-01-18,2024-01-19,2570,61791.0,0.0037222249194865,-0.0001842000342347,0.0,62021.0,61779.6180956846,61791.0,-241.38190431539988,241.38190431539988,-0.0039064249537212,False
SVR,114,2024-01-19,2024-01-22,2571,62021.0,-0.0021444349494526,0.0001647469068999,0.0,61888.0,62031.21776791284,62021.0,143.21776791284356,143.21776791284356,0.0023091818563525,False
SVR,115,2024-01-22,2024-01-23,2572,61888.0,0.0018581954498448,0.000392510524559,0.0,62003.0,61912.29169134391,61888.0,-90.70830865608878,90.70830865608878,-0.0014656849252857,True
SVR,116,2024-01-23,2024-01-24,2573,62003.0,0.0011128493782559,-0.0002966821439907,0.0,62072.0,61984.604817026135,62003.0,-87.3951829738653,87.3951829738653,-0.0014095315222466,False
SVR,117,2024-01-24,2024-01-25,2574,62072.0,-0.0005799716458306,-0.000342874228955,0.0,62036.0,62050.7171108603,62072.0,14.717110860299726,14.717110860299726,0.0002370974168755,True
SVR,118,2024-01-25,2024-01-29,2575,62036.0,0.0031916951447545,0.0007254372681478,0.0,62234.0,62081.00322636683,62036.0,-152.99677363316732,152.99677363316732,-0.0024662578766066,True
SVR,119,2024-01-29,2024-01-30,2576,62234.0,0.0022013690265771,0.0003102998378154,0.0,62371.0,62253.31120010661,62234.0,-117.68879989338892,117.68879989338892,-0.0018910691887616,True
SVR,120,2024-01-30,2024-01-31,2577,62371.0,0.0079203475974412,0.000272008696306,0.0,62865.0,62387.9654543973,62371.0,-477.0345456026989,477.0345456026989,-0.0076483389011351,True
SVR,121,2024-01-31,2024-02-01,2578,62865.0,0.0034041199395529,0.0004514583150421,0.0,63079.0,62893.38092697512,62865.0,-185.61907302487816,185.61907302487816,-0.0029526616245107,True
SVR,122,2024-02-01,2024-02-02,2579,63079.0,-0.0069753800789486,0.0004506332116754,0.0,62639.0,63107.42549235928,63079.0,468.4254923592744,468.4254923592744,0.007426013290624,False
SVR,123,2024-02-02,2024-02-05,2580,62639.0,-0.0015485560114305,0.000168272945576,0.0,62542.0,62649.54044903794,62639.0,107.54044903793692,107.54044903793692,0.0017168289570065,False
SVR,124,2024-02-05,2024-02-06,2581,62542.0,-0.0035176361485081,0.0003139657521964,0.0,62322.0,62561.63604607387,62542.0,239.6360460738724,239.6360460738724,0.0038316019007045,False
SVR,125,2024-02-06,2024-02-07,2582,62322.0,-0.0002727768685215,7.441403042088307e-05,0.0,62305.0,62326.63763120389,62322.0,21.637631203891942,21.637631203891942,0.0003471908989423,False
SVR,126,2024-02-07,2024-02-08,2583,62305.0,-0.0013803065564561,-0.0004886264443417,0.0,62219.0,62274.55612938529,62305.0,55.55612938528793,55.55612938528793,0.0008916801121143,True
SVR,127,2024-02-08,2024-02-09,2584,62219.0,-0.001832237740883,-1.6468318716281833e-05,0.0,62105.0,62217.9753576778,62219.0,112.97535767779482,112.97535767779482,0.0018157694221667,True
SVR,128,2024-02-09,2024-02-12,2585,62105.0,-0.004009339022623,-0.000249470306077,0.0,61856.0,62089.50664664108,62105.0,233.506646641079,233.506646641079,0.0037598687165459,True
SVR,129,2024-02-12,2024-02-13,2586,61856.0,-0.0095221158820486,0.0005638784722906,0.0,61267.0,61890.879266782016,61856.0,623.8792667820162,623.8792667820162,0.0100859943543392,False
SVR,130,2024-02-13,2024-02-14,2587,61267.0,-0.0015832340411641,0.0001607078553188,0.0,61170.0,61276.84608817181,61267.0,106.84608817181288,106.84608817181288,0.0017439418964829,False
SVR,131,2024-02-14,2024-02-15,2588,61170.0,0.0022233120810855,0.0001496870960524,0.0,61306.0,61179.156359665525,61170.0,-126.84364033447493,126.84364033447493,-0.002073624985033,True
SVR,132,2024-02-15,2024-02-16,2589,61306.0,0.0031318304896748,0.000328436867999,0.0,61498.0,61326.13515062955,61306.0,-171.86484937045316,171.86484937045316,-0.0028033936216757,True
SVR,133,2024-02-16,2024-02-19,2590,61498.0,0.0023252788708576,0.0005088281530332,0.0,61641.0,61529.29191375524,61498.0,-111.70808624476194,111.70808624476194,-0.0018164507178243,True
SVR,134,2024-02-19,2024-02-20,2591,61641.0,0.0027416816729124,-0.0004274879769668,0.0,61810.0,61614.64921361178,61641.0,-195.3507863882187,195.3507863882187,-0.0031691696498792,False
SVR,135,2024-02-20,2024-02-21,2592,61810.0,-0.0010677883837566,-0.0007299473980037,0.0,61744.0,61764.88195132939,61810.0,20.881951329392905,20.881951329392905,0.0003378409857528,True
SVR,136,2024-02-21,2024-02-22,2593,61744.0,-0.0013442601710287,-8.50858838423997e-05,0.0,61661.0,61738.746457188034,61744.0,77.74645718803367,77.74645718803367,0.0012591742871863,True
SVR,137,2024-02-22,2024-02-23,2594,61661.0,0.0040382089164949,-0.000363535537089,0.0,61910.0,61638.58403524756,61661.0,-271.41596475244296,271.41596475244296,-0.0044017444535839,False
SVR,138,2024-02-23,2024-02-26,2595,61910.0,-0.0023259570344047,-0.0001000543266123,0.0,61766.0,61903.80563663942,61910.0,137.80563663942303,137.80563663942303,0.0022259027077923,True
SVR,139,2024-02-26,2024-02-27,2596,61766.0,0.0011818799987048,0.0003809814271152,0.0,61839.0,61789.5316988272,61766.0,-49.46830117280479,49.46830117280479,-0.0008008985715895,True
SVR,140,2024-02-27,2024-02-28,2597,61839.0,-0.0007600381636184,-5.3588766783193935e-05,0.0,61792.0,61835.6861242509,61839.0,43.68612425089668,43.68612425089668,0.0007064493968352,True
SVR,141,2024-02-28,2024-02-29,2598,61792.0,0.0081078456758156,-0.0003971456152446,0.0,62293.0,61767.45957814281,61792.0,-525.540421857193,525.540421857193,-0.0085049912910602,False
SVR,142,2024-02-29,2024-03-01,2599,62293.0,0.0135167675340728,0.0003012001585212,0.0,63135.0,62311.76266147477,62293.0,-823.2373385252358,823.2373385252358,-0.0132155673755516,True
SVR,143,2024-03-01,2024-03-04,2600,63135.0,0.0074443652490694,0.0004970269775969,0.0,63605.0,63166.37979823058,63135.0,-438.6202017694159,438.6202017694159,-0.0069473382714724,True
SVR,144,2024-03-04,2024-03-05,2601,63605.0,0.009244556245578,0.0004079348785141,0.0,64193.0,63630.9466979479,63605.0,-562.0533020521034,562.0533020521034,-0.0088366213670638,True
SVR,145,2024-03-05,2024-03-06,2602,64193.0,0.0132257411244216,0.0007784199553391,0.0,65042.0,64242.96911219308,64193.0,-799.030887806919,799.030887806919,-0.0124473211690824,True
SVR,146,2024-03-06,2024-03-07,2603,65042.0,0.0031364349189755,0.0004531642815329,0.0,65246.0,65071.47471119946,65042.0,-174.5252888005416,174.5252888005416,-0.0026832706374425,True
SVR,147,2024-03-07,2024-03-08,2604,65246.0,0.0092112926462923,0.0004641163417623,0.0,65847.0,65276.28173483464,65246.0,-570.7182651653638,570.7182651653638,-0.0087471763045299,True
SVR,148,2024-03-08,2024-03-11,2605,65847.0,0.0003796680182848,0.0007336211925363,0.0,65872.0,65895.30675466494,65847.0,23.306754664939945,23.306754664939945,0.0003539531742515,True
SVR,149,2024-03-11,2024-03-12,2606,65872.0,-0.008167354870051,0.000987850513503,0.0,65334.0,65937.07168902547,65872.0,603.0716890254698,603.0716890254698,0.009155205383554,False
SVR,150,2024-03-12,2024-03-13,2607,65334.0,0.005862185079744,0.0003624550058353,0.0,65717.0,65357.68063535124,65334.0,-359.31936464876344,359.31936464876344,-0.0054997300739086,True
SVR,151,2024-03-13,2024-03-14,2608,65717.0,-0.0042911271056195,0.0004882453238451,0.0,65435.0,65749.08601794712,65717.0,314.0860179471201,314.0860179471201,0.0047793724294646,False
SVR,152,2024-03-14,2024-03-15,2609,65435.0,-0.0010391992053182,0.0004242836471701,0.0,65367.0,65462.76300045258,65435.0,95.76300045257813,95.76300045257813,0.0014634828524883,False
SVR,153,2024-03-15,2024-03-18,2610,65367.0,0.0009484908287056,0.0002618772823624,0.0,65429.0,65384.11813231618,65367.0,-44.88186768382002,44.88186768382002,-0.0006866135463431,True
SVR,154,2024-03-18,2024-03-19,2611,65429.0,3.0567485365784464e-05,0.0002304225737403,0.0,65431.0,65444.07631857726,65429.0,13.076318577259372,13.076318577259372,0.0001998550883745,True
SVR,155,2024-03-19,2024-03-20,2612,65431.0,0.001910409438951,9.932688244073864e-05,0.0,65556.0,65437.49905724498,65431.0,-118.5009427550176,118.5009427550176,-0.0018110825565102,True
SVR,156,2024-03-20,2024-03-21,2613,65556.0,0.0058423332723167,0.0003886326383491,0.0,65939.0,65581.47720123961,65556.0,-357.52279876038665,357.52279876038665,-0.0054537006339675,True
SVR,157,2024-03-21,2024-03-22,2614,65939.0,-0.003836879540181,0.0004073940916639,0.0,65686.0,65965.86315901023,65939.0,279.86315901023045,279.86315901023045,0.0042442736318449,False
SVR,158,2024-03-22,2024-03-25,2615,65686.0,0.0026794141826265,0.0003993623147973,0.0,65862.0,65712.23251300977,65686.0,-149.76748699022573,149.76748699022573,-0.0022800518678291,True
SVR,159,2024-03-25,2024-03-26,2616,65862.0,0.0025052382253802,0.0005005703730604,0.0,66027.0,65894.96856591052,65862.0,-132.0314340894838,132.0314340894838,-0.0020046678523197,True
SVR,160,2024-03-26,2024-03-27,2617,66027.0,0.0040589455828676,0.0005002606041831,0.0,66295.0,66060.03070691241,66027.0,-234.9692930875899,234.9692930875899,-0.0035586849786844,True
SVR,161,2024-03-27,2024-03-28,2618,66295.0,0.0195640696885135,0.0004949220053281,0.0,67592.0,66327.81085434323,66295.0,-1264.1891456567682,1264.1891456567682,-0.0190691476831853,True
SVR,162,2024-03-28,2024-04-01,2619,67592.0,0.0099272103207479,0.0004323434870479,0.0,68263.0,67621.22296097655,67592.0,-641.7770390234509,641.7770390234509,-0.0094948668336999,True
SVR,163,2024-04-01,2024-04-02,2620,68263.0,0.0078959319104052,0.000486714168511,0.0,68802.0,68296.22456928508,68263.0,-505.7754307149153,505.7754307149153,-0.0074092177418941,True
SVR,164,2024-04-02,2024-04-03,2621,68802.0,0.0134153076945437,0.0004399262213268,0.0,69725.0,68832.26780387973,68802.0,-892.7321961202688,892.7321961202688,-0.0129753814732168,True
SVR,165,2024-04-03,2024-04-04,2622,69725.0,-0.0016206525636428,0.0006124521263471,0.0,69612.0,69767.70322450955,69725.0,155.703224509547,155.703224509547,0.0022331046899899,False
SVR,166,2024-04-04,2024-04-05,2623,69612.0,0.0156438545078434,0.0004787390747719,0.0,70701.0,69645.32598447303,69612.0,-1055.6740155269654,1055.6740155269654,-0.0151651154330714,True
SVR,167,2024-04-05,2024-04-08,2624,70701.0,-0.001329542722168,0.00047900768644,0.0,70607.0,70734.866322439,70701.0,127.86632243900384,127.86632243900384,0.001808550408608,False
SVR,168,2024-04-08,2024-04-09,2625,70607.0,0.0074071975866416,0.0004724310001974,0.0,71130.0,70640.35693563095,70607.0,-489.6430643690546,489.6430643690546,-0.0069347665864441,True
SVR,169,2024-04-09,2024-04-10,2626,71130.0,-4.2176296921159206e-05,0.0005104475350689,0.0,71127.0,71166.30813316946,71130.0,39.30813316945569,39.30813316945569,0.0005526238319901,False
SVR,170,2024-04-10,2024-04-11,2627,71127.0,0.0054409717828671,0.0004778316033462,0.0,71514.0,71160.98672845121,71127.0,-353.01327154878527,353.01327154878527,-0.0049631401795208,True
SVR,171,2024-04-11,2024-04-12,2628,71514.0,0.0047962636686522,0.0004878680979182,0.0,71857.0,71548.88939915453,71514.0,-308.11060084546625,308.11060084546625,-0.0043083955707339,True
SVR,172,2024-04-12,2024-04-15,2629,71857.0,0.0065686015280348,0.0004718942007942,0.0,72329.0,71890.90890158647,71857.0,-438.0910984135262,438.0910984135262,-0.0060967073272405,True
SVR,173,2024-04-15,2024-04-16,2630,72329.0,0.0107840561876979,0.0004834996785382,0.0,73109.0,72363.971048249,72329.0,-745.0289517509955,745.0289517509955,-0.0103005565091596,True
SVR,174,2024-04-16,2024-04-17,2631,73109.0,-0.0056627774966145,0.0004916158865138,0.0,72695.0,73144.94154584713,73109.0,449.941545847134,449.941545847134,0.0061543933831283,False
SVR,175,2024-04-17,2024-04-18,2632,72695.0,0.0044157094710777,0.0004886335138732,0.0,73016.0,72730.52121329101,72695.0,-285.4787867089908,285.4787867089908,-0.0039270759572044,True
SVR,176,2024-04-18,2024-04-19,2633,73016.0,0.0031499945217485,0.0005105099573285,0.0,73246.0,73053.2753950443,73016.0,-192.72460495569976,192.72460495569976,-0.0026394845644199,True
SVR,177,2024-04-19,2024-04-22,2634,73246.0,-0.0178849356961472,0.0004520985957129,0.0,71936.0,73279.1144137416,73246.0,1343.1144137415977,1343.1144137415977,0.0183370342918601,False
SVR,178,2024-04-22,2024-04-23,2635,71936.0,-0.004809830960854,0.0004734357890312,0.0,71590.0,71970.05707691975,71936.0,380.0570769197511,380.0570769197511,0.0052832667498852,False
SVR,179,2024-04-23,2024-04-24,2636,71590.0,0.0014247799972062,0.0004720000242231,0.0,71692.0,71623.79048173413,71590.0,-68.20951826586679,68.20951826586679,-0.000952779972983,True
SVR,180,2024-04-24,2024-04-25,2637,71692.0,0.0004603024047313,0.0004735922650412,0.0,71725.0,71725.95277666533,71692.0,0.9527766653336583,0.9527766653336583,1.3289860309962796e-05,True
SVR,181,2024-04-25,2024-04-26,2638,71725.0,0.0053258975252701,0.0004730254131582,0.0,72107.0,71758.92774775877,71725.0,-348.0722522412252,348.0722522412252,-0.0048528721121118,True
SVR,182,2024-04-26,2024-04-29,2639,72107.0,0.0019831639091905,0.0004656178969768,0.0,72250.0,72140.57430969732,72107.0,-109.4256903026835,109.4256903026835,-0.0015175460122136,True
SVR,183,2024-04-29,2024-04-30,2640,72250.0,-0.0177301038062284,0.000475154518826,0.0,70969.0,72284.32991398517,72250.0,1315.329913985173,1315.329913985173,0.0182052583250544,False
SVR,184,2024-04-30,2024-05-01,2641,70969.0,0.0042976510870944,0.00046462067425,0.0,71274.0,71001.97366463084,70969.0,-272.0263353691553,272.0263353691553,-0.0038330304128443,True
SVR,185,2024-05-01,2024-05-02,2642,71274.0,-0.0021747060639223,0.0004603173647775,0.0,71119.0,71306.80865985715,71274.0,187.80865985715357,187.80865985715357,0.0026350234286998,False
SVR,186,2024-05-02,2024-05-03,2643,71119.0,-0.0017013737538491,5.4843483340031576e-05,0.0,70998.0,71122.90041369166,71119.0,124.90041369166283,124.90041369166283,0.0017562172371891,False
SVR,187,2024-05-03,2024-05-06,2644,70998.0,0.0045494239274346,0.0004469595554911,0.0,71321.0,71029.73323452077,70998.0,-291.26676547923125,291.26676547923125,-0.0041024643719434,True
SVR,188,2024-05-06,2024-05-07,2645,71321.0,-0.0025939064230731,0.0004174197054381,0.0,71136.0,71350.77079081156,71321.0,214.77079081155532,214.77079081155532,0.0030113261285112,False
SVR,189,2024-05-07,2024-05-08,2646,71136.0,-9.840305892938606e-05,0.0003643082372136,0.0,71129.0,71161.91543076243,71136.0,32.915430762426695,32.915430762426695,0.0004627112961429,False
SVR,190,2024-05-08,2024-05-09,2647,71129.0,0.0064249462244654,0.0003676276619402,0.0,71586.0,71155.14898796614,71129.0,-430.8510120338615,430.8510120338615,-0.0060573185625251,True
SVR,191,2024-05-09,2024-05-10,2648,71586.0,0.0140949347637806,0.0004807474374406,0.0,72595.0,71620.41478605663,71586.0,-974.58521394337,974.58521394337,-0.0136141873263399,True
SVR,192,2024-05-10,2024-05-13,2649,72595.0,-0.0106894414215854,0.0005398790175874,0.0,71819.0,72634.19251728176,72595.0,815.1925172817573,815.1925172817573,0.0112293204391728,False
SVR,193,2024-05-13,2024-05-14,2650,71819.0,0.0054860134504797,0.0004850484794377,0.0,72213.0,71853.83569674475,71819.0,-359.1643032552529,359.1643032552529,-0.0050009649710419,True
SVR,194,2024-05-14,2024-05-15,2651,72213.0,0.0109121626299972,0.0005113369603424,0.0,73001.0,72249.9251759172,72213.0,-751.0748240827961,751.0748240827961,-0.0104008256696547,True
SVR,195,2024-05-15,2024-05-16,2652,73001.0,-0.0014383364611443,0.0003336346219781,0.0,72896.0,73025.35566103904,73001.0,129.35566103903693,129.35566103903693,0.0017719710831224,False
SVR,196,2024-05-16,2024-05-17,2653,72896.0,0.0095615671641791,0.0004917925443547,0.0,73593.0,72931.84970931329,72896.0,-661.1502906867099,661.1502906867099,-0.0090697746198243,True
SVR,197,2024-05-17,2024-05-20,2654,73593.0,0.0093758917288329,0.0006461943486691,0.0,74283.0,73640.5553807016,73593.0,-642.4446192984033,642.4446192984033,-0.0087296973801637,True
SVR,198,2024-05-20,2024-05-21,2655,74283.0,-0.0042136154974893,0.0012975944112803,0.0,73970.0,74379.38920565313,74283.0,409.3892056531331,409.3892056531331,0.0055112099087696,False
SVR,199,2024-05-21,2024-05-22,2656,73970.0,-0.012748411518183,0.0006986372980028,0.0,73027.0,74021.67820093328,73970.0,994.678200933282,994.678200933282,0.0134470488161858,False
SVR,200,2024-05-22,2024-05-23,2657,73027.0,-0.019102523724102,0.0003335889569936,0.0,71632.0,73051.36100076238,73027.0,1419.3610007623793,1419.3610007623793,0.0194361126810957,False
SVR,201,2024-05-23,2024-05-24,2658,71632.0,-0.003517980790708,0.0004482715985493,0.0,71380.0,71664.11059114728,71632.0,284.11059114728414,284.11059114728414,0.0039662523892573,False
SVR,202,2024-05-24,2024-05-27,2659,71380.0,0.0086999159428411,0.0004841991455456,0.0,72001.0,71414.56213500905,71380.0,-586.4378649909486,586.4378649909486,-0.0082157167972954,True
SVR,203,2024-05-27,2024-05-28,2660,72001.0,0.001999972222608,0.0005011592841298,0.0,72145.0,72037.08396961664,72001.0,-107.91603038336324,107.91603038336324,-0.0014988129384781,True
SVR,204,2024-05-28,2024-05-29,2661,72145.0,-0.0021068681128283,0.0004986702538836,0.0,71993.0,72180.97656546644,72145.0,187.97656546643705,187.97656546643705,0.0026055383667119,False
SVR,205,2024-05-29,2024-05-30,2662,71993.0,-0.001958523745364,0.0007323308402941,0.0,71852.0,72045.72269418529,71993.0,193.72269418528597,193.72269418528597,0.0026908545856581,False
SVR,206,2024-05-30,2024-05-31,2663,71852.0,-0.0020737070645214,0.0005445019051514,0.0,71703.0,71891.12355088894,71852.0,188.12355088893676,188.12355088893676,0.0026182089696728,False
SVR,207,2024-05-31,2024-06-03,2664,71703.0,0.0016038380541958,0.0004860903538595,0.0,71818.0,71737.85413664278,71703.0,-80.14586335721833,80.14586335721833,-0.0011177477003362,True
SVR,208,2024-06-03,2024-06-04,2665,71818.0,-0.0005012670918154,0.0004971883092811,0.0,71782.0,71853.70706999596,71818.0,71.70706999595859,71.70706999595859,0.0009984554010965,False
SVR,209,2024-06-04,2024-06-05,2666,71782.0,0.009793541556379,0.0004886552216745,0.0,72485.0,71817.07664912225,71782.0,-667.9233508777543,667.9233508777543,-0.0093048863347044,True
SVR,210,2024-06-05,2024-06-06,2667,72485.0,0.0065944678209284,0.0006558241118269,0.0,72963.0,72532.53741074578,72485.0,-430.4625892542245,430.4625892542245,-0.0059386437091014,True
SVR,211,2024-06-06,2024-06-07,2668,72963.0,-0.0226827296026753,0.0007033015389025,0.0,71308.0,73014.31499018296,72963.0,1706.3149901829602,1706.3149901829602,0.0233860311415778,False
SVR,212,2024-06-07,2024-06-10,2669,71308.0,-7.011835979131575e-05,0.0004933186267001,0.0,71303.0,71343.17756463274,71308.0,40.17756463274418,40.17756463274418,0.0005634369864915,False
SVR,213,2024-06-10,2024-06-11,2670,71303.0,0.0006030601797961,0.0004946557065279,0.0,71346.0,71338.27043584257,71303.0,-7.729564157431014,7.729564157431014,-0.0001084044732681,True
SVR,214,2024-06-11,2024-06-12,2671,71346.0,0.0063072912286603,0.0006628432631047,0.0,71796.0,71393.29121544948,71346.0,-402.7087845505157,402.7087845505157,-0.0056444479655555,True
SVR,215,2024-06-12,2024-06-13,2672,71796.0,-0.0106691180567162,0.0005484547113251,0.0,71030.0,71835.3768544543,71796.0,805.3768544542982,805.3768544542982,0.0112175727680413,False
SVR,216,2024-06-13,2024-06-14,2673,71030.0,0.0093059270730677,0.0004585175508173,0.0,71691.0,71062.56850163455,71030.0,-628.4314983654476,628.4314983654476,-0.0088474095222503,True
SVR,217,2024-06-14,2024-06-17,2674,71691.0,-0.0056631934273478,-2.0997999820414424e-05,0.0,71285.0,71689.49463239488,71691.0,404.4946323948825,404.4946323948825,0.0056421954275273,True
SVR,218,2024-06-17,2024-06-18,2675,71285.0,0.0030581468752191,0.0007166859258918,0.0,71503.0,71336.08895622719,71285.0,-166.91104377280865,166.91104377280865,-0.0023414609493272,True
SVR,219,2024-06-18,2024-06-19,2676,71503.0,0.000223766834958,0.0006196182358515,0.0,71519.0,71547.3045627181,71503.0,28.30456271809817,28.30456271809817,0.0003958514008935,True
SVR,220,2024-06-19,2024-06-20,2677,71519.0,0.010332918525147,0.0004052267398256,0.0,72258.0,71547.98141120559,71519.0,-710.0185887944099,710.0185887944099,-0.0099276917853213,True
SVR,221,2024-06-20,2024-06-21,2678,72258.0,-0.0114727781006946,0.0002304571030574,0.0,71429.0,72274.65236935271,72258.0,845.6523693527124,845.6523693527124,0.011703235203752,False
SVR,222,2024-06-21,2024-06-24,2679,71429.0,0.0011619930280417,0.0005604007237344,0.0,71512.0,71469.02886329564,71429.0,-42.971136704363744,42.971136704363744,-0.0006015923043072,True
SVR,223,2024-06-24,2024-06-25,2680,71512.0,-0.0043489204609016,0.0005726931007216,0.0,71201.0,71552.9544290188,71512.0,351.954429018806,351.954429018806,0.0049216135616232,False
SVR,224,2024-06-25,2024-06-26,2681,71201.0,-0.0039606185306385,0.0005947853135306,0.0,70919.0,71243.3493091087,71201.0,324.34930910870025,324.34930910870025,0.0045554038441691,False
SVR,225,2024-06-26,2024-06-27,2682,70919.0,0.0054146279558369,0.0005449136473222,0.0,71303.0,70957.64473095446,70919.0,-345.3552690455399,345.3552690455399,-0.0048697143085146,True
SVR,226,2024-06-27,2024-06-28,2683,71303.0,-0.0003926903496346,0.0006603529285313,0.0,71275.0,71350.08514486307,71303.0,75.08514486307104,75.08514486307104,0.0010530432781659,False
SVR,227,2024-06-28,2024-07-01,2684,71275.0,0.0007576289021395,0.000621434712921,0.0,71329.0,71319.29275916344,71275.0,-9.70724083656387,9.70724083656387,-0.0001361941892184,True
SVR,228,2024-07-01,2024-07-02,2685,71329.0,0.0003925472108119,0.0005108642029081,0.0,71357.0,71365.43943272924,71329.0,8.439432729239343,8.439432729239343,0.0001183169920962,True
SVR,229,2024-07-02,2024-07-03,2686,71357.0,0.0112532757823338,0.0004971738780741,0.0,72160.0,71392.47683641773,71357.0,-767.5231635822711,767.5231635822711,-0.0107561019042596,True
SVR,230,2024-07-03,2024-07-04,2687,72160.0,-0.0001247228381374,0.000518310630233,0.0,72151.0,72197.40129507762,72160.0,46.40129507762322,46.40129507762322,0.0006430334683704,False
SVR,231,2024-07-04,2024-07-05,2688,72151.0,0.015301243226012,0.0006743056680397,0.0,73255.0,72199.65182825475,72151.0,-1055.3481717452523,1055.3481717452523,-0.0146269375579722,True
SVR,232,2024-07-05,2024-07-08,2689,73255.0,-0.0125998225377107,0.000513869255849,0.0,72332.0,73292.64349233723,73255.0,960.643492337229,960.643492337229,0.0131136917935597,False
SVR,233,2024-07-08,2024-07-09,2690,72332.0,0.0007327324005972,0.0005415526892998,0.0,72385.0,72371.17158912243,72332.0,-13.828410877569697,13.828410877569697,-0.0001911797112973,True
SVR,234,2024-07-09,2024-07-10,2691,72385.0,0.0033708641293086,0.0004428487410538,0.0,72629.0,72417.05560612118,72385.0,-211.9443938788172,211.9443938788172,-0.0029280153882547,True
SVR,235,2024-07-10,2024-07-11,2692,72629.0,0.0079307163805091,0.0006393462705945,0.0,73205.0,72675.435080287,72629.0,-529.5649197129969,529.5649197129969,-0.0072913701099145,True
SVR,236,2024-07-11,2024-07-12,2693,73205.0,-0.0006283723789358,0.0003288860948666,0.0,73159.0,73229.07610657472,73205.0,70.07610657472105,70.07610657472105,0.0009572584738024,False
SVR,237,2024-07-12,2024-07-15,2694,73159.0,0.0020776664525212,0.0011901224664228,0.0,73311.0,73246.06816952102,73159.0,-64.93183047897764,64.93183047897764,-0.0008875439860983,True
SVR,238,2024-07-15,2024-07-16,2695,73311.0,0.0097393297049555,0.0006078969642912,0.0,74025.0,73355.56553434917,73311.0,-669.4344656508329,669.4344656508329,-0.0091314327406642,True
SVR,239,2024-07-16,2024-07-17,2696,74025.0,-0.0013644039175954,0.0009506221011288,0.0,73924.0,74095.36980103607,74025.0,171.36980103606766,171.36980103606766,0.0023150260187242,False
SVR,240,2024-07-17,2024-07-18,2697,73924.0,0.0005546236675504,0.0005431278565327,0.0,73965.0,73964.15018366632,73924.0,-0.849816333677154,0.849816333677154,-1.149581101766127e-05,True
SVR,241,2024-07-18,2024-07-19,2698,73965.0,-0.0147772595146352,0.0005858267211326,0.0,72872.0,74008.33067342857,73965.0,1136.3306734285725,1136.3306734285725,0.0153630862357678,False
SVR,242,2024-07-19,2024-07-22,2699,72872.0,-0.0031699418157865,3.443802972813198e-05,0.0,72641.0,72874.50956810235,72872.0,233.5095681023522,233.5095681023522,0.0032043798455146,False
SVR,243,2024-07-22,2024-07-23,2700,72641.0,-0.0549689569251524,0.0008035039161966,0.0,68648.0,72699.36732797645,72641.0,4051.367327976448,4051.367327976448,0.055772460841349,False
SVR,244,2024-07-23,2024-07-24,2701,68648.0,0.0055354853746649,0.0005066419785524,0.0,69028.0,68682.77995854367,68648.0,-345.2200414563267,345.2200414563267,-0.0050288433961124,True
SVR,245,2024-07-24,2024-07-25,2702,69028.0,-0.0222663267080025,0.0005069217511449,0.0,67491.0,69062.99179463803,69028.0,1571.99179463803,1571.99179463803,0.0227732484591474,False
SVR,246,2024-07-25,2024-07-26,2703,67491.0,0.0101050510438429,0.0004947647123101,0.0,68173.0,67524.39216519853,67491.0,-648.6078348014707,648.6078348014707,-0.0096102863315327,True
SVR,247,2024-07-26,2024-07-29,2704,68173.0,0.0004840626054303,0.0003028497044304,0.0,68206.0,68193.64617290013,68173.0,-12.353827099868797,12.353827099868797,-0.0001812129009998,True
SVR,248,2024-07-29,2024-07-30,2705,68206.0,0.0060258628273173,0.000450691862219,0.0,68617.0,68236.73988915452,68206.0,-380.2601108454837,380.2601108454837,-0.0055751709650982,True
SVR,249,2024-07-30,2024-07-31,2706,68617.0,0.0067913199352929,0.0002508516864241,0.0,69083.0,68634.21269016736,68617.0,-448.7873098326381,448.7873098326381,-0.0065404682488687,True
SVR,250,2024-07-31,2024-08-01,2707,69083.0,0.00476238727328,0.0006900812406531,0.0,69412.0,69130.67288234804,69083.0,-281.3271176519629,281.3271176519629,-0.0040723060326268,True
SVR,251,2024-08-01,2024-08-02,2708,69412.0,-0.0004466086555638,0.0005163683645309,0.0,69381.0,69447.84216091881,69412.0,66.84216091880808,66.84216091880808,0.0009629770200947,False
SVR,252,2024-08-02,2024-08-05,2709,69381.0,-0.0106657442239229,0.0005170519478593,0.0,68641.0,69416.87358119444,69381.0,775.8735811944352,775.8735811944352,0.0111827961717822,False
SVR,253,2024-08-05,2024-08-06,2710,68641.0,0.0014714237846185,0.0005030495172274,0.0,68742.0,68675.52982191202,68641.0,-66.4701780879841,66.4701780879841,-0.000968374267391,True
SVR,254,2024-08-06,2024-08-07,2711,68742.0,0.0001454714730442,0.0004798993794027,0.0,68752.0,68774.98924313892,68742.0,22.98924313891621,22.98924313891621,0.0003344279063585,True
SVR,255,2024-08-07,2024-08-08,2712,68752.0,0.0093670002327204,0.0005114412262302,0.0,69396.0,68787.16260718578,68752.0,-608.8373928142246,608.8373928142246,-0.0088555590064901,True
SVR,256,2024-08-08,2024-08-09,2713,69396.0,0.002997290910139,0.0007308778036922,0.0,69604.0,69446.71999606503,69396.0,-157.28000393496768,157.28000393496768,-0.0022664131064467,True
SVR,257,2024-08-09,2024-08-12,2714,69604.0,0.0107752428021377,0.0007457738043854,0.0,70354.0,69655.90883988045,69604.0,-698.0911601195548,698.0911601195548,-0.0100294689977522,True
SVR,258,2024-08-12,2024-08-13,2715,70354.0,2.842766580446465e-05,0.0005252536443614,0.0,70356.0,70390.9536948954,70354.0,34.953694895404624,34.953694895404624,0.0004968259785569,True
SVR,259,2024-08-13,2024-08-14,2716,70356.0,-0.0068508727045312,0.0004770526169017,0.0,69874.0,70389.56351391475,70356.0,515.5635139147489,515.5635139147489,0.0073279253214329,False
SVR,260,2024-08-14,2024-08-16,2717,69874.0,0.0152274093368063,0.0005084933195253,0.0,70938.0,69909.53046220852,69874.0,-1028.469537791476,1028.469537791476,-0.0147189160172809,True
SVR,261,2024-08-16,2024-08-19,2718,70938.0,0.0028193633877471,0.0005237699806474,0.0,71138.0,70975.15519488718,70938.0,-162.84480511282163,162.84480511282163,-0.0022955934070996,True
SVR,262,2024-08-19,2024-08-20,2719,71138.0,0.0028395512946666,0.000726824481075,0.0,71340.0,71189.70483993471,71138.0,-150.29516006528866,150.29516006528866,-0.0021127268135915,True
SVR,263,2024-08-20,2024-08-21,2720,71340.0,0.0009391645640595,0.0006129008314644,0.0,71407.0,71383.72434531667,71340.0,-23.275654683326135,23.275654683326135,-0.000326263732595,True
SVR,264,2024-08-21,2024-08-22,2721,71407.0,-0.0085565840883946,0.0005766517562803,0.0,70796.0,71448.17697196071,71407.0,652.176971960711,652.176971960711,0.0091332358446749,False
SVR,265,2024-08-22,2024-08-23,2722,70796.0,0.0070484208147352,0.0006350557956542,0.0,71295.0,70840.95941010914,70796.0,-454.0405898908648,454.0405898908648,-0.0064133650190809,True
SVR,266,2024-08-23,2024-08-26,2723,71295.0,0.0028753769549056,0.0005900383588854,0.0,71500.0,71337.06678479674,71295.0,-162.93321520325844,162.93321520325844,-0.0022853385960201,True
SVR,267,2024-08-26,2024-08-27,2724,71500.0,0.0007132867132866,0.0005175214563969,0.0,71551.0,71537.00278413239,71500.0,-13.997215867610066,13.997215867610066,-0.0001957652568896,True
SVR,268,2024-08-27,2024-08-28,2725,71551.0,-0.0031166580481055,0.0005058462082894,0.0,71328.0,71587.19380204931,71551.0,259.1938020493108,259.1938020493108,0.0036225042563949,False
SVR,269,2024-08-28,2024-08-29,2726,71328.0,0.0047386720502466,0.0009335225897575,0.0,71666.0,71394.58629928222,71328.0,-271.41370071777783,271.41370071777783,-0.003805149460489,True
SVR,270,2024-08-29,2024-08-30,2727,71666.0,-0.0065721541595735,0.0011044612095435,0.0,71195.0,71745.15231704316,71666.0,550.152317043161,550.152317043161,0.007676615369117,False
SVR,271,2024-08-30,2024-09-02,2728,71195.0,0.0005337453472855,0.0006017674721471,0.0,71233.0,71237.84283517953,71195.0,4.842835179530084,4.842835179530084,6.802212486169373e-05,True
SVR,272,2024-09-02,2024-09-03,2729,71233.0,-0.0059803742647368,0.0008047232128471,0.0,70807.0,71290.32284862074,71233.0,483.3228486207372,483.3228486207372,0.0067850974775839,False
SVR,273,2024-09-03,2024-09-04,2730,70807.0,0.0034742327735959,0.000228803097035,0.0,71053.0,70823.20086089175,70807.0,-229.7991391082469,229.7991391082469,-0.0032454296765608,True
SVR,274,2024-09-04,2024-09-05,2731,71053.0,0.0117799389188353,0.0007566672807965,0.0,71890.0,71106.76348030244,71053.0,-783.2365196975588,783.2365196975588,-0.0110232716380387,True
SVR,275,2024-09-05,2024-09-06,2732,71890.0,-0.0066907775768535,0.0004893515012343,0.0,71409.0,71925.17947942374,71890.0,516.1794794237358,516.1794794237358,0.0071801290780878,False
SVR,276,2024-09-06,2024-09-09,2733,71409.0,0.0022966292764217,0.0004676935533604,0.0,71573.0,71442.39752895191,71409.0,-130.60247104808514,130.60247104808514,-0.0018289357230612,True
SVR,277,2024-09-09,2024-09-10,2734,71573.0,0.0034649937825717,0.0008306970915845,0.0,71821.0,71632.45548293598,71573.0,-188.544517064016,188.544517064016,-0.0026342966909871,True
SVR,278,2024-09-10,2024-09-11,2735,71821.0,0.0007936397432506,0.0007799415557219,0.0,71878.0,71877.0161824735,71821.0,-0.9838175265031168,0.9838175265031168,-1.369818752863382e-05,True
SVR,279,2024-09-11,2024-09-12,2736,71878.0,0.011171707615682,0.0005555302325006,0.0,72681.0,71917.93040205169,71878.0,-763.0695979483135,763.0695979483135,-0.0106161773831813,True
SVR,280,2024-09-12,2024-09-13,2737,72681.0,0.0094385052489647,0.0003776297912169,0.0,73367.0,72708.44651085544,72681.0,-658.5534891445568,658.5534891445568,-0.0090608754577477,True
SVR,281,2024-09-13,2024-09-16,2738,73367.0,0.000749655839819,0.0010585998180687,0.0,73422.0,73444.66629285226,73367.0,22.666292852256447,22.666292852256447,0.0003089439782497,True
SVR,282,2024-09-16,2024-09-17,2739,73422.0,-0.005447958377598,0.0008339512248419,0.0,73022.0,73483.23036683034,73422.0,461.2303668303357,461.2303668303357,0.0062819096024399,False
SVR,283,2024-09-17,2024-09-18,2740,73022.0,9.586152118545854e-05,0.0005007358261502,0.0,73029.0,73058.56473149714,73022.0,29.56473149714293,29.56473149714293,0.0004048743049648,True
SVR,284,2024-09-18,2024-09-19,2741,73029.0,0.0044913664434675,0.0008260762724865,0.0,73357.0,73089.32752410341,73029.0,-267.67247589658655,267.67247589658655,-0.0036652901709809,True
SVR,285,2024-09-19,2024-09-20,2742,73357.0,0.0084518178224299,0.000627906192562,0.0,73977.0,73403.06131456778,73357.0,-573.938685432222,573.938685432222,-0.0078239116298678,True
SVR,286,2024-09-20,2024-09-23,2743,73977.0,0.0027846492828851,0.0009875985127616,0.0,74183.0,74050.05957517857,73977.0,-132.94042482142686,132.94042482142686,-0.0017970507701234,True
SVR,287,2024-09-23,2024-09-24,2744,74183.0,0.0094765647115915,0.0011376744548464,0.0,74886.0,74267.39610408389,74183.0,-618.6038959161087,618.6038959161087,-0.008338890256745,True
SVR,288,2024-09-24,2024-09-25,2745,74886.0,0.0037523702694761,0.0014045639826168,0.0,75167.0,74991.18217840225,74886.0,-175.8178215977532,175.8178215977532,-0.0023478062868592,True
SVR,289,2024-09-25,2024-09-26,2746,75167.0,0.0022882381896311,0.0005653878233896,0.0,75339.0,75209.49850652073,75167.0,-129.50149347927072,129.50149347927072,-0.0017228503662414,True
SVR,290,2024-09-26,2024-09-27,2747,75339.0,-0.0061190087471296,0.0007903901365476,0.0,74878.0,75398.54720249736,75339.0,520.5472024973569,520.5472024973569,0.0069093988836772,False
SVR,291,2024-09-27,2024-09-30,2748,74878.0,-0.0004540719570501,0.0004929945538919,0.0,74844.0,74914.91444620631,74878.0,70.91444620631228,70.91444620631228,0.000947066510942,False
SVR,292,2024-09-30,2024-10-01,2749,74844.0,0.0109026775693441,0.0006276074371153,0.0,75660.0,74890.97265102346,74844.0,-769.0273489765386,769.0273489765386,-0.0102750701322287,True
SVR,293,2024-10-01,2024-10-03,2750,75660.0,0.0022072429288924,0.0006422201450831,0.0,75827.0,75708.59037617699,75660.0,-118.40962382301224,118.40962382301224,-0.0015650227838092,True
SVR,294,2024-10-03,2024-10-04,2751,75827.0,-0.0008967781924644,0.0008266601706381,0.0,75759.0,75889.68316075898,75827.0,130.68316075898474,130.68316075898474,0.0017234383631025,False
SVR,295,2024-10-04,2024-10-07,2752,75759.0,-0.0013463746881559,0.0005173272595713,0.0,75657.0,75798.19219585786,75759.0,141.1921958578605,141.1921958578605,0.0018637019477272,False
SVR,296,2024-10-07,2024-10-08,2753,75657.0,-0.0113406558547126,0.0005289117842231,0.0,74799.0,75697.01587885896,75657.0,898.0158788589615,898.0158788589615,0.0118695676389357,False
SVR,297,2024-10-08,2024-10-09,2754,74799.0,-0.0038369496918407,0.0004704184245693,0.0,74512.0,74834.18682773937,74799.0,322.186827739366,322.186827739366,0.00430736811641,False
SVR,298,2024-10-09,2024-10-10,2755,74512.0,0.0043214515782692,0.0004347291000994,0.0,74834.0,74544.39253470661,74512.0,-289.6074652933894,289.6074652933894,-0.0038867224781697,True
SVR,299,2024-10-10,2024-10-11,2756,74834.0,0.0120800705561643,0.0011678752974396,0.0,75738.0,74921.3967800086,74834.0,-816.6032199914043,816.6032199914043,-0.0109121952587246,True
SVR,300,2024-10-11,2024-10-14,2757,75738.0,-0.0024426311758958,0.0010133582115722,0.0,75553.0,75814.74972422807,75738.0,261.74972422806604,261.74972422806604,0.003455989387468,False
SVR,301,2024-10-14,2024-10-15,2758,75553.0,0.0037721864121875,0.0008728788596334,0.0,75838.0,75618.9486164819,75553.0,-219.05138351810456,219.05138351810456,-0.002899307552554,True
SVR,302,2024-10-15,2024-10-16,2759,75838.0,0.0042854505656795,0.0012954489279381,0.0,76163.0,75936.24425579698,75838.0,-226.7557442030229,226.7557442030229,-0.0029900016377413,True
SVR,303,2024-10-16,2024-10-17,2760,76163.0,0.0049499100613159,0.0010154804189809,0.0,76540.0,76240.34203515085,76163.0,-299.6579648491461,299.6579648491461,-0.0039344296423349,True
SVR,304,2024-10-17,2024-10-18,2761,76540.0,0.0080872746276456,0.0009269508601207,0.0,77159.0,76610.94881883363,76540.0,-548.0511811663746,548.0511811663746,-0.0071603237675248,True
SVR,305,2024-10-18,2024-10-21,2762,77159.0,0.0045231275677497,0.0007069664355106,0.0,77508.0,77213.54882319756,77159.0,-294.45117680243857,294.45117680243857,-0.003816161132239,True
SVR,306,2024-10-21,2024-10-22,2763,77508.0,0.0094570883005624,0.0006748806108077,0.0,78241.0,77560.30864638249,77508.0,-680.6913536175125,680.6913536175125,-0.0087822076897546,True
SVR,307,2024-10-22,2024-10-23,2764,78241.0,-0.0097007962577165,0.0004691874564871,0.0,77482.0,78277.709695783,78241.0,795.7096957830072,795.7096957830072,0.0101699837142036,False
SVR,308,2024-10-23,2024-10-24,2765,77482.0,0.0050334271185565,0.0005339870909145,0.0,77872.0,77523.37438777824,77482.0,-348.6256122217601,348.6256122217601,-0.0044994400276419,True
SVR,309,2024-10-24,2024-10-25,2766,77872.0,0.0017592973084035,0.0004457279718695,0.0,78009.0,77906.70972862541,77872.0,-102.29027137458615,102.29027137458615,-0.0013135693365339,True
SVR,310,2024-10-25,2024-10-28,2767,78009.0,0.0019228550551859,0.0010896324384352,0.0,78159.0,78094.0011368899,78009.0,-64.9988631101005,64.9988631101005,-0.0008332226167506,True
SVR,311,2024-10-28,2024-10-29,2768,78159.0,0.0090328688954566,0.0006281001653267,0.0,78865.0,78208.09168082177,78159.0,-656.9083191782265,656.9083191782265,-0.0084047687301298,True
SVR,312,2024-10-29,2024-10-30,2769,78865.0,0.0049705192417421,0.000994170504355,0.0,79257.0,78943.40525682596,78865.0,-313.5947431740351,313.5947431740351,-0.003976348737387,True
SVR,313,2024-10-30,2024-10-31,2770,79257.0,-0.0117465965151343,0.0009316628938571,0.0,78326.0,79330.84080597844,79257.0,1004.8408059784416,1004.8408059784416,0.0126782594089914,False
SVR,314,2024-10-31,2024-11-01,2771,78326.0,0.0064218777928146,0.0005369285182731,0.0,78829.0,78368.05546312225,78326.0,-460.9445368777524,460.9445368777524,-0.0058849492745414,True
SVR,315,2024-11-01,2024-11-04,2772,78829.0,-0.0054294739245709,0.0003772517093297,0.0,78401.0,78858.73837499475,78829.0,457.7383749947476,457.7383749947476,0.0058067256339006,False
SVR,316,2024-11-04,2024-11-05,2773,78401.0,0.0011351896021734,0.000264033483554,0.0,78490.0,78421.70048914412,78401.0,-68.29951085588255,68.29951085588255,-0.0008711561186193,True
SVR,317,2024-11-05,2024-11-06,2774,78490.0,-0.0229455981653713,0.0006956482281268,0.0,76689.0,78544.60142942567,78490.0,1855.6014294256747,1855.6014294256747,0.0236412463934981,False
SVR,318,2024-11-06,2024-11-07,2775,76689.0,0.0090886567825894,0.0005273699885129,0.0,77386.0,76729.44347704906,76689.0,-656.5565229509375,656.5565229509375,-0.0085612867940764,True
SVR,319,2024-11-07,2024-11-08,2776,77386.0,-0.0017832682914221,0.000533878499481,0.0,77248.0,77427.31472156085,77386.0,179.31472156084783,179.31472156084783,0.0023171467909031,False
SVR,320,2024-11-08,2024-11-11,2777,77248.0,-0.0241559652029825,0.0005349190175356,0.0,75382.0,77289.3214242666,77248.0,1907.3214242666,1907.3214242666,0.0246908842205181,False
SVR,321,2024-11-11,2024-11-12,2778,75382.0,-0.0061553155925817,0.0005275835718481,0.0,74918.0,75421.77030481305,75382.0,503.7703048130497,503.7703048130497,0.0066828991644298,False
SVR,322,2024-11-12,2024-11-13,2779,74918.0,-0.0053925625350382,0.0005140686551609,0.0,74514.0,74956.51299550735,74918.0,442.5129955073498,442.5129955073498,0.0059066311901991,False
SVR,323,2024-11-13,2024-11-14,2780,74514.0,-0.0048715677590788,0.0005126535285538,0.0,74151.0,74552.19986502666,74514.0,401.1998650266614,401.1998650266614,0.0053842212876326,False
SVR,324,2024-11-14,2024-11-15,2781,74151.0,-0.0025083950317594,0.0004923982604572,0.0,73965.0,74187.51182341116,74151.0,222.51182341115785,222.51182341115785,0.0030007932922166,False
SVR,325,2024-11-15,2024-11-18,2782,73965.0,0.0145203812614074,0.0005988693120048,0.0,75039.0,74009.29536866244,73965.0,-1029.7046313375613,1029.7046313375613,-0.0139215119494025,True
SVR,326,2024-11-18,2024-11-19,2783,75039.0,0.006876424259385,0.0005037601342569,0.0,75555.0,75076.80165671451,75039.0,-478.1983432854904,478.1983432854904,-0.006372664125128,True
SVR,327,2024-11-19,2024-11-20,2784,75555.0,0.0059956323208258,0.0006573297815915,0.0,76008.0,75604.66455164815,75555.0,-403.3354483518488,403.3354483518488,-0.0053383025392342,True
SVR,328,2024-11-20,2024-11-21,2785,76008.0,0.0089595832017681,0.000348437035343,0.0,76689.0,76034.48400218235,76008.0,-654.5159978176525,654.5159978176525,-0.008611146166425,True
SVR,329,2024-11-21,2024-11-22,2786,76689.0,0.0116053149734642,0.000623443621372,0.0,77579.0,76736.81126787941,76689.0,-842.1887321205868,842.1887321205868,-0.0109818713520921,True
SVR,330,2024-11-22,2024-11-25,2787,77579.0,-0.0283839698887585,0.0008185347565269,0.0,75377.0,77642.50110787661,77579.0,2265.501107876611,2265.501107876611,0.0292025046452854,False
SVR,331,2024-11-25,2024-11-26,2788,75377.0,-0.0011143982912559,0.0005336851432932,0.0,75293.0,75417.227585046,75377.0,124.22758504599916,124.22758504599916,0.0016480834345491,False
SVR,332,2024-11-26,2024-11-27,2789,75293.0,0.006574316337508,0.0005351438623247,0.0,75788.0,75333.292586826,75293.0,-454.7074131739937,454.7074131739937,-0.0060391724751832,True
SVR,333,2024-11-27,2024-11-28,2790,75788.0,-0.000356256927218,0.0005869317929597,0.0,75761.0,75832.48238672485,75788.0,71.48238672484877,71.48238672484877,0.0009431887201777,False
SVR,334,2024-11-28,2024-11-29,2791,75761.0,0.0095563680521639,0.0006123045055575,0.0,76485.0,75807.38880164555,75761.0,-677.6111983544542,677.6111983544542,-0.0089440635466063,True
SVR,335,2024-11-29,2024-12-02,2792,76485.0,-0.0087598875596521,0.0007132993157627,0.0,75815.0,76539.55669816612,76485.0,724.556698166125,724.556698166125,0.0094731868754148,False
SVR,336,2024-12-02,2024-12-03,2793,75815.0,0.0015696102354414,0.0005665743833063,0.0,75934.0,75857.95483687037,75815.0,-76.04516312963096,76.04516312963096,-0.001003035852135,True
SVR,337,2024-12-03,2024-12-04,2794,75934.0,0.0013432717886585,0.0005679326346985,0.0,76036.0,75977.1253966832,75934.0,-58.87460331679904,58.87460331679904,-0.0007753391539599,True
SVR,338,2024-12-04,2024-12-05,2795,76036.0,0.0041690778052501,0.000508677398953,0.0,76353.0,76074.6777947068,76036.0,-278.322205293196,278.322205293196,-0.003660400406297,True
SVR,339,2024-12-05,2024-12-06,2796,76353.0,-0.0022003064712584,0.0006489502866537,0.0,76185.0,76402.54930123688,76353.0,217.54930123688249,217.54930123688249,0.0028492567579121,False
SVR,340,2024-12-06,2024-12-09,2797,76185.0,0.0106845179497276,0.0005648085681124,0.0,76999.0,76228.02994076165,76185.0,-770.9700592383451,770.9700592383451,-0.0101197093816151,True
SVR,341,2024-12-09,2024-12-10,2798,76999.0,0.0096884375121755,0.0006448330460745,0.0,77745.0,77048.65149971469,76999.0,-696.3485002853122,696.3485002853122,-0.0090436044661009,True
SVR,342,2024-12-10,2024-12-11,2799,77745.0,0.0069715094218276,0.0009141012647865,0.0,78287.0,77816.06680283084,77745.0,-470.9331971691572,470.9331971691572,-0.006057408157041,True
SVR,343,2024-12-11,2024-12-12,2800,78287.0,-0.0113301058924214,0.000742103546525,0.0,77400.0,78345.09706034682,78287.0,945.097060346816,945.097060346816,0.0120722094389464,False
SVR,344,2024-12-12,2024-12-13,2801,77400.0,-0.0104392764857881,0.0005903460247411,0.0,76592.0,77445.69278231496,77400.0,853.6927823149599,853.6927823149599,0.0110296225105292,False
SVR,345,2024-12-13,2024-12-16,2802,76592.0,-0.0013839565489868,0.0002914925458694,0.0,76486.0,76614.32599707323,76592.0,128.32599707323243,128.32599707323243,0.0016754490948562,False
SVR,346,2024-12-16,2024-12-17,2803,76486.0,-0.0022487775540621,0.0006298354644143,0.0,76314.0,76534.17359533119,76486.0,220.17359533118724,220.17359533118724,0.0028786130184764,False
SVR,347,2024-12-17,2024-12-18,2804,76314.0,-0.002607647351731,0.0008714930338946,0.0,76115.0,76380.50711938864,76314.0,265.5071193886397,265.5071193886397,0.0034791403856256,False
SVR,348,2024-12-18,2024-12-19,2805,76115.0,-0.012139525717664,0.0007230490574605,0.0,75191.0,76170.03487900861,76115.0,979.0348790086136,979.0348790086136,0.0128625747751245,False
SVR,349,2024-12-19,2024-12-20,2806,75191.0,0.0079131810988017,0.0005585657246635,0.0,75786.0,75232.99911540319,75191.0,-553.0008845968114,553.0008845968114,-0.0073546153741381,True
SVR,350,2024-12-20,2024-12-23,2807,75786.0,-0.0036946137809094,0.0005525656532601,0.0,75506.0,75827.87674059797,75786.0,321.8767405979743,321.8767405979743,0.0042471794341695,False
SVR,351,2024-12-23,2024-12-24,2808,75506.0,0.0007416629142054,0.0004852449631495,0.0,75562.0,75542.63890618758,75506.0,-19.361093812418403,19.361093812418403,-0.0002564179510558,True
SVR,352,2024-12-24,2024-12-26,2809,75562.0,0.0073052592572986,0.0001084804133318,0.0,76114.0,75570.19699699218,75562.0,-543.8030030078226,543.8030030078226,-0.0071967788439667,True
SVR,353,2024-12-26,2024-12-27,2810,76114.0,-0.004348740047823,0.0008844726464595,0.0,75783.0,76181.32075101261,76114.0,398.3207510126085,398.3207510126085,0.0052332126942825,False
SVR,354,2024-12-27,2024-12-30,2811,75783.0,-0.0035100220366045,0.0004782570016035,0.0,75517.0,75819.24375035251,75783.0,302.2437503525143,302.2437503525143,0.003988279038208,False
SVR,355,2024-12-30,2024-12-31,2812,75517.0,0.0094680667929074,0.0004684109097602,0.0,76232.0,75552.37298667237,75517.0,-679.6270133276266,679.6270133276266,-0.0089996558831471,True
SVR,356,2024-12-31,2025-01-01,2813,76232.0,-0.0002361213138839,0.0008706331812589,0.0,76214.0,76298.37010867373,76232.0,84.37010867372737,84.37010867372737,0.0011067544951428,False
SVR,357,2025-01-01,2025-01-02,2814,76214.0,0.0083318025559608,0.0007251859868195,0.0,76849.0,76269.26932479946,76214.0,-579.7306752005388,579.7306752005388,-0.0076066165691412,True
SVR,358,2025-01-02,2025-01-03,2815,76849.0,-0.000468451118427,0.0009346408004593,0.0,76813.0,76920.8262108745,76849.0,107.8262108744966,107.8262108744966,0.0014030919188863,False
SVR,359,2025-01-03,2025-01-06,2816,76813.0,0.0043742595654381,0.0010764788265137,0.0,77149.0,76895.68756810098,76813.0,-253.3124318990158,253.3124318990158,-0.0032977807389243,True
SVR,360,2025-01-06,2025-01-07,2817,77149.0,0.0047311047453628,0.0008129774920691,0.0,77514.0,77211.72040053563,77149.0,-302.2795994643675,302.2795994643675,-0.0039181272532936,True
SVR,361,2025-01-07,2025-01-08,2818,77514.0,0.0028768996568362,0.0005654303386433,0.0,77737.0,77557.8287672696,77514.0,-179.1712327303976,179.1712327303976,-0.0023114693181928,True
SVR,362,2025-01-08,2025-01-09,2819,77737.0,0.0042579466663237,0.0008424324345437,0.0,78068.0,77802.48817016413,77737.0,-265.51182983587205,265.51182983587205,-0.0034155142317799,True
SVR,363,2025-01-09,2025-01-10,2820,78068.0,0.0042270840805451,0.0008688385776309,0.0,78398.0,78135.8284900785,78068.0,-262.1715099215071,262.1715099215071,-0.0033582455029141,True
SVR,364,2025-01-10,2025-01-13,2821,78398.0,-0.0030485471568152,0.0006891519492941,0.0,78159.0,78452.02813452076,78398.0,293.02813452076225,293.02813452076225,0.0037376991061093,False
SVR,365,2025-01-13,2025-01-14,2822,78159.0,-0.000102355454906,0.0005754099244624,0.0,78151.0,78203.97346428606,78159.0,52.973464286056696,52.973464286056696,0.0006777653793684,False
SVR,366,2025-01-14,2025-01-15,2823,78151.0,0.006487440979642,0.0008099520981244,0.0,78658.0,78214.29856642052,78151.0,-443.7014335794811,443.7014335794811,-0.0056774888815175,True
SVR,367,2025-01-15,2025-01-16,2824,78658.0,0.0063820590404026,0.0005372957270369,0.0,79160.0,78700.26260729726,78658.0,-459.7373927027365,459.7373927027365,-0.0058447633133656,True
SVR,368,2025-01-16,2025-01-17,2825,79160.0,-0.0019833249115714,0.000589227996264,0.0,79003.0,79206.64328818426,79160.0,203.64328818426293,203.64328818426293,0.0025725529078354,False
SVR,369,2025-01-17,2025-01-20,2826,79003.0,-0.0059871144133767,0.0008889083736008,0.0,78530.0,79073.22642823958,79003.0,543.2264282395772,543.2264282395772,0.0068760227869775,False
SVR,370,2025-01-20,2025-01-21,2827,78530.0,0.0082643575703553,0.0006606077413137,0.0,79179.0,78581.87752592537,78530.0,-597.1224740746256,597.1224740746256,-0.0076037498290415,True
SVR,371,2025-01-21,2025-01-22,2828,79179.0,0.0044961416537212,0.0010305641995421,0.0,79535.0,79260.59904275555,79179.0,-274.4009572444484,274.4009572444484,-0.003465577454179,True
SVR,372,2025-01-22,2025-01-23,2829,79535.0,0.0007418117809769,0.0007348215786811,0.0,79594.0,79593.4440342604,79535.0,-0.5559657395933755,0.5559657395933755,-6.990202295734864e-06,True
SVR,373,2025-01-23,2025-01-24,2830,79594.0,0.0043973163806316,0.0010119212269151,0.0,79944.0,79674.54285813507,79594.0,-269.4571418649284,269.4571418649284,-0.0033853951537164,True
SVR,374,2025-01-24,2025-01-27,2831,79944.0,-0.005428800160112,0.0009421056561438,0.0,79510.0,80019.31569457476,79944.0,509.31569457476144,509.31569457476144,0.0063709058162558,False
SVR,375,2025-01-27,2025-01-28,2832,79510.0,0.0082128034209534,0.0005624271715867,0.0,80163.0,79554.71858441285,79510.0,-608.2814155871456,608.2814155871456,-0.0076503762493666,True
SVR,376,2025-01-28,2025-01-29,2833,80163.0,0.001833763706448,0.0005875002561796,0.0,80310.0,80210.09578303613,80163.0,-99.90421696387055,99.90421696387055,-0.0012462634502683,True
SVR,377,2025-01-29,2025-01-30,2834,80310.0,0.015303200099614,0.0009445716404892,0.0,81539.0,80385.8585484477,80310.0,-1153.1414515523063,1153.1414515523063,-0.0143586284591247,True
SVR,378,2025-01-30,2025-01-31,2835,81539.0,0.0036424287764136,0.0004170354862701,0.0,81836.0,81573.004656515,81539.0,-262.9953434850031,262.9953434850031,-0.0032253932901434,True
SVR,379,2025-01-31,2025-02-01,2836,81836.0,-0.0021139840656924,0.0001019416288286,0.0,81663.0,81844.34249513682,81836.0,181.34249513682155,181.34249513682155,0.002215925694521,False
SVR,380,2025-02-01,2025-02-03,2837,81663.0,0.0117801207401149,0.0009270510034286,0.0,82625.0,81738.705766093,81663.0,-886.2942339069996,886.2942339069996,-0.0108530697366862,True
SVR,381,2025-02-03,2025-02-04,2838,82625.0,0.0064992435703479,0.000637672273918,0.0,83162.0,82677.68767163248,82625.0,-484.3123283675232,484.3123283675232,-0.0058615712964298,True
SVR,382,2025-02-04,2025-02-05,2839,83162.0,0.0097881243837329,0.0006087199612336,0.0,83976.0,83212.62236941612,83162.0,-763.3776305838837,763.3776305838837,-0.0091794044224992,True
SVR,383,2025-02-05,2025-02-06,2840,83976.0,-0.001428979708488,0.0006006155607893,0.0,83856.0,84026.43729233285,83976.0,170.4372923328483,170.4372923328483,0.0020295952692773,False
SVR,384,2025-02-06,2025-02-07,2841,83856.0,0.0062249570692616,0.0006191532255569,0.0,84378.0,83907.9197128823,83856.0,-470.0802871177002,470.0802871177002,-0.0056058038437046,True
SVR,385,2025-02-07,2025-02-10,2842,84378.0,0.0110218303349214,0.0008150252672443,0.0,85308.0,84446.77020199953,84378.0,-861.229798000466,861.229798000466,-0.010206805067677,True
SVR,386,2025-02-10,2025-02-11,2843,85308.0,-0.0022858348572232,0.0012533868192556,0.0,85113.0,85414.92392277706,85308.0,301.9239227770595,301.9239227770595,0.0035392216764788,False
SVR,387,2025-02-11,2025-02-12,2844,85113.0,-0.0010456686992585,0.0007916977895355,0.0,85024.0,85180.38377396076,85113.0,156.3837739607552,156.3837739607552,0.001837366488794,False
SVR,388,2025-02-12,2025-02-13,2845,85024.0,0.0040459164471207,0.0007649459562681,0.0,85368.0,85089.03876498574,85024.0,-278.9612350142561,278.9612350142561,-0.0032809704908525,True
SVR,389,2025-02-13,2025-02-14,2846,85368.0,-0.0121474088651485,0.000641282817271,0.0,84331.0,85422.7450315448,85368.0,1091.7450315447932,1091.7450315447932,0.0127886916824195,False
SVR,390,2025-02-14,2025-02-17,2847,84331.0,0.0050752392358681,0.0006004562392247,0.0,84759.0,84381.63707511006,84331.0,-377.36292488993786,377.36292488993786,-0.0044747829966433,True
SVR,391,2025-02-17,2025-02-18,2848,84759.0,0.011597588456683,0.0006010963537079,0.0,85742.0,84809.94832584393,84759.0,-932.0516741560714,932.0516741560714,-0.010996492102975,True
SVR,392,2025-02-18,2025-02-19,2849,85742.0,-0.0002682466002659,0.0009950003264031,0.0,85719.0,85827.31331798647,85742.0,108.31331798646715,108.31331798646715,0.001263246926669,False
SVR,393,2025-02-19,2025-02-20,2850,85719.0,0.0012949287789172,0.0005674220498677,0.0,85830.0,85767.63885069262,85719.0,-62.36114930738404,62.36114930738404,-0.0007275067290494,True
SVR,394,2025-02-20,2025-02-21,2851,85830.0,-0.0004077828265175,0.0007028521240551,0.0,85795.0,85890.32579780764,85830.0,95.32579780764354,95.32579780764354,0.0011106349505726,False
SVR,395,2025-02-21,2025-02-24,2852,85795.0,0.0027390873594033,0.0011252377165914,0.0,86030.0,85891.53976989495,85795.0,-138.46023010504723,138.46023010504723,-0.0016138496428118,True
SVR,396,2025-02-24,2025-02-25,2853,86030.0,-0.0051261187957689,0.0006428801270378,0.0,85589.0,86085.30697732908,86030.0,496.3069773290772,496.3069773290772,0.0057689989228067,False
SVR,397,2025-02-25,2025-02-26,2854,85589.0,0.002897568612789,0.0005382469951579,0.0,85837.0,85635.06802206858,85589.0,-201.93197793142463,201.93197793142463,-0.002359321617631,True
SVR,398,2025-02-26,2025-02-27,2855,85837.0,-0.0083180912660041,0.0004830308871812,0.0,85123.0,85878.46192226298,85837.0,755.4619222629844,755.4619222629844,0.0088011221531853,False
SVR,399,2025-02-27,2025-02-28,2856,85123.0,-0.0100325411463412,0.0006068851564359,0.0,84269.0,85174.6598851713,85123.0,905.659885171306,905.659885171306,0.0106394263027771,False
SVR,400,2025-02-28,2025-03-03,2857,84269.0,0.0128873013801042,0.00059301564209,0.0,85355.0,84318.9728351433,84269.0,-1036.0271648566995,1036.0271648566995,-0.0122942857380141,True
SVR,401,2025-03-03,2025-03-04,2858,85355.0,0.0076386854900123,0.0005474508034396,0.0,86007.0,85401.72766332758,85355.0,-605.272336672424,605.272336672424,-0.0070912346865726,True
SVR,402,2025-03-04,2025-03-05,2859,86007.0,-0.0018486867348006,0.0006874133311101,0.0,85848.0,86066.12235836878,86007.0,218.12235836878244,218.12235836878244,0.0025361000659107,False
SVR,403,2025-03-05,2025-03-06,2860,85848.0,0.0017938682322244,0.0006193964658378,0.0,86002.0,85901.17394779925,85848.0,-100.82605220074764,100.82605220074764,-0.0011744717663865,True
SVR,404,2025-03-06,2025-03-07,2861,86002.0,-0.0012325294760586,0.0006050203091822,0.0,85896.0,86054.0329566303,86002.0,158.03295663029712,158.03295663029712,0.0018375497852408,False
SVR,405,2025-03-07,2025-03-10,2862,85896.0,-0.005075905746484,0.0005994708179484,0.0,85460.0,85947.49214537849,85896.0,487.49214537849184,487.49214537849184,0.0056753765644324,False
SVR,406,2025-03-10,2025-03-11,2863,85460.0,0.0076410016381933,0.0004219172745612,0.0,86113.0,85496.057050284,85460.0,-616.9429497160017,616.9429497160017,-0.007219084363632,True
SVR,407,2025-03-11,2025-03-12,2864,86113.0,0.006363731376215,0.0004763842132257,0.0,86661.0,86154.02287375352,86113.0,-506.9771262464783,506.9771262464783,-0.0058873471629892,True
SVR,408,2025-03-12,2025-03-13,2865,86661.0,0.01192001015451,0.0005551065181905,0.0,87694.0,86709.10608597292,86661.0,-984.8939140270812,984.8939140270812,-0.0113649036363194,True
SVR,409,2025-03-13,2025-03-14,2866,87694.0,0.0026227564029466,0.0008878528533278,0.0,87924.0,87771.85936811972,87694.0,-152.1406318802765,152.1406318802765,-0.0017349035496187,True
SVR,410,2025-03-14,2025-03-17,2867,87924.0,0.0005914198626086,0.00051992728787,0.0,87976.0,87969.71408685869,87924.0,-6.285913141313358,6.285913141313358,-7.14925747385104e-05,True
SVR,411,2025-03-17,2025-03-18,2868,87976.0,0.0077748476857324,0.0007898303129849,0.0,88660.0,88045.48611161516,87976.0,-614.5138883848413,614.5138883848413,-0.0069850173727474,True
SVR,412,2025-03-18,2025-03-19,2869,88660.0,-0.0010827881795624,0.0010216718588096,0.0,88564.0,88750.58142700206,88660.0,186.5814270020637,186.5814270020637,0.002104460038372,False
SVR,413,2025-03-19,2025-03-20,2870,88564.0,0.0009258841064088,0.0006668607548096,0.0,88646.0,88623.05985588896,88564.0,-22.94014411103853,22.94014411103853,-0.0002590233515991,True
SVR,414,2025-03-20,2025-03-21,2871,88646.0,-0.0097127901992193,0.0006308206598739,0.0,87785.0,88701.91972821519,88646.0,916.9197282151872,916.9197282151872,0.0103436108590932,False
SVR,415,2025-03-21,2025-03-24,2872,87785.0,-0.0053767727971749,0.0006691887763582,0.0,87313.0,87843.74473673262,87785.0,530.744736732624,530.744736732624,0.0060459615735331,False
SVR,416,2025-03-24,2025-03-25,2873,87313.0,0.0028976212018829,0.0004724658348891,0.0,87566.0,87354.25240944167,87313.0,-211.7475905583269,211.7475905583269,-0.0024251553669937,True
SVR,417,2025-03-25,2025-03-26,2874,87566.0,-0.0006851974510654,0.0007746614505238,0.0,87506.0,87633.83400457657,87566.0,127.83400457656536,127.83400457656536,0.0014598589015892,False
SVR,418,2025-03-26,2025-03-27,2875,87506.0,0.008079445980847,0.000562406063592,0.0,88213.0,87555.21390500068,87506.0,-657.7860949993192,657.7860949993192,-0.0075170399172549,True
SVR,419,2025-03-27,2025-03-28,2876,88213.0,0.0061895638964777,0.0007397917617554,0.0,88759.0,88278.25925067974,88213.0,-480.7407493202627,480.7407493202627,-0.0054497721347222,True
SVR,420,2025-03-28,2025-03-31,2877,88759.0,0.0155364526414223,0.0008165204875788,0.0,90138.0,88831.47354195702,88759.0,-1306.5264580429794,1306.5264580429794,-0.0147199321538434,True
SVR,421,2025-03-31,2025-04-01,2878,90138.0,0.0030065011426922,0.0006341065851878,0.0,90409.0,90195.15709937566,90138.0,-213.84290062433865,213.84290062433865,-0.0023723945575043,True
SVR,422,2025-04-01,2025-04-02,2879,90409.0,-0.0004977380570518,0.0004089305614817,0.0,90364.0,90445.971003133,90409.0,81.9710031329887,81.9710031329887,0.0009066686185335,False
SVR,423,2025-04-02,2025-04-03,2880,90364.0,-0.0066508786684963,0.0007852235861421,0.0,89763.0,90434.95594413814,90364.0,671.9559441381425,671.9559441381425,0.0074361022546384,False
SVR,424,2025-04-03,2025-04-04,2881,89763.0,-0.0203090360170671,0.0006185624154271,0.0,87940.0,89818.52401809598,89763.0,1878.5240180959809,1878.5240180959809,0.0209275984324942,False
SVR,425,2025-04-04,2025-04-07,2882,87940.0,-0.0127473277234477,0.0006117566984932,0.0,86819.0,87993.79788406548,87940.0,1174.7978840654832,1174.7978840654832,0.0133590844219409,False
SVR,426,2025-04-07,2025-04-08,2883,86819.0,0.0072564761169791,0.0006040390973117,0.0,87449.0,86871.4420703895,86819.0,-577.5579296104988,577.5579296104988,-0.0066524370196673,True
SVR,427,2025-04-08,2025-04-09,2884,87449.0,0.0233278825372502,0.0006124747726982,0.0,89489.0,87502.56030639767,87449.0,-1986.4396936023256,1986.4396936023256,-0.0227154077645519,True
SVR,428,2025-04-09,2025-04-10,2885,89489.0,0.0241035211031523,0.0006202897002574,0.0,91646.0,89544.50910498634,89489.0,-2101.49089501366,2101.49089501366,-0.0234832314028948,True
SVR,429,2025-04-10,2025-04-11,2886,91646.0,0.0178294742814744,0.0006306367378289,0.0,93280.0,91703.79533447509,91646.0,-1576.2046655249142,1576.2046655249142,-0.0171988375436454,True
SVR,430,2025-04-11,2025-04-14,2887,93280.0,-0.0047705831903944,0.000636512332516,0.0,92835.0,93339.3738703771,93280.0,504.3738703770941,504.3738703770941,0.0054070955229104,False
SVR,431,2025-04-14,2025-04-15,2888,92835.0,0.0025421446652662,0.0006367463777383,0.0,93071.0,92894.11234997734,92835.0,-176.88765002266155,176.88765002266155,-0.0019053982875278,True
SVR,432,2025-04-15,2025-04-16,2889,93071.0,0.0224774634418885,0.0006377306791476,0.0,95163.0,93130.35423203895,93071.0,-2032.6457679610469,2032.6457679610469,-0.0218397327627408,True
SVR,433,2025-04-16,2025-04-17,2890,95163.0,-0.0039826403118858,0.0006452194692207,0.0,94784.0,95224.40102034944,95163.0,440.4010203494545,440.4010203494545,0.0046278597811065,False
SVR,434,2025-04-17,2025-04-21,2891,94784.0,0.0212694125590817,0.0006451422700777,0.0,96800.0,94845.14916492705,94784.0,-1954.8508350729533,1954.8508350729533,-0.0206242702890039,True
SVR,435,2025-04-21,2025-04-22,2892,96800.0,0.002654958677686,0.0006517653426793,0.0,97057.0,96863.09088517136,96800.0,-193.90911482863885,193.90911482863885,-0.0020031933350066,True
SVR,436,2025-04-22,2025-04-23,2893,97057.0,-0.0260362467416054,0.0006517429667138,0.0,94530.0,97120.25621712036,97057.0,2590.2562171203463,2590.2562171203463,0.0266879897083192,False
SVR,437,2025-04-23,2025-04-24,2894,94530.0,0.0135089389611764,0.0006454933112431,0.0,95807.0,94591.01848271182,94530.0,-1215.981517288179,1215.981517288179,-0.0128634456499332,True
SVR,438,2025-04-24,2025-04-25,2895,95807.0,-0.0076821109104763,0.000652546211166,0.0,95071.0,95869.5184948532,95807.0,798.5184948531969,798.5184948531969,0.0083346571216423,False
SVR,439,2025-04-25,2025-04-28,2896,95071.0,0.0114440786359668,0.0006457997070199,0.0,96159.0,95132.3968239461,95071.0,-1026.6031760539045,1026.6031760539045,-0.0107982789289468,True
SVR,440,2025-04-28,2025-04-29,2897,96159.0,-0.0062396655539262,0.00065477285306,0.0,95559.0,96221.9623027774,96159.0,662.9623027773923,662.9623027773923,0.0068944384069862,False
SVR,441,2025-04-29,2025-04-30,2898,95559.0,-0.0088008455509162,0.0006457188361253,0.0,94718.0,95620.7042462613,95559.0,902.7042462613026,902.7042462613026,0.0094465643870415,False
SVR,442,2025-04-30,2025-05-01,2899,94718.0,-0.024662682911379,0.0006383324882181,0.0,92382.0,94778.46157661904,94718.0,2396.4615766190545,2396.4615766190545,0.0253010153995971,False
SVR,443,2025-05-01,2025-05-02,2900,92382.0,0.0033556320495333,0.0006325444187609,0.0,92692.0,92440.43571849396,92382.0,-251.56428150602733,251.56428150602733,-0.0027230876307723,True
SVR,444,2025-05-02,2025-05-05,2901,92692.0,0.0213071246709533,0.0006325178182107,0.0,94667.0,92750.6293416056,92692.0,-1916.370658394415,1916.370658394415,-0.0206746068527425,True
SVR,445,2025-05-05,2025-05-06,2902,94667.0,0.0295034172414885,0.0006400463412904,0.0,97460.0,94727.59126699092,94667.0,-2732.4087330090697,2732.4087330090697,-0.028863370900198,True
SVR,446,2025-05-06,2025-05-07,2903,97460.0,-0.0040529447978657,0.0006464865820239,0.0,97065.0,97523.00658228406,97460.0,458.0065822840552,458.0065822840552,0.0046994313798896,False
SVR,447,2025-05-07,2025-05-08,2904,97065.0,-0.0093957657239993,0.0007009028637099,0.0,96153.0,97133.033136466,97065.0,980.0331364660088,980.0331364660088,0.0100966685877092,False
SVR,448,2025-05-08,2025-05-09,2905,96153.0,0.0035048308425114,0.0006374281100966,0.0,96490.0,96214.29062507012,96153.0,-275.7093749298656,275.7093749298656,-0.0028674027324147,True
SVR,449,2025-05-09,2025-05-12,2906,96490.0,-0.0367084671986734,0.0006374372983532,0.0,92948.0,96551.50632491813,96490.0,3603.506324918111,3603.506324918111,0.0373459044970266,False
SVR,450,2025-05-12,2025-05-13,2907,92948.0,0.007649438395662,0.0006334281613287,0.0,93659.0,93006.8758807392,92948.0,-652.124119260814,652.124119260814,-0.0070160102343332,True
SVR,451,2025-05-13,2025-05-14,2908,93659.0,-0.0144566993027899,0.000626348598234,0.0,92305.0,93717.663183362,93659.0,1412.663183362005,1412.663183362005,0.0150830479010239,False
SVR,452,2025-05-14,2025-05-15,2909,92305.0,0.0092086019175559,0.0006335599545244,0.0,93155.0,92363.48075160236,92305.0,-791.519248397628,791.519248397628,-0.0085750419630314,True
SVR,453,2025-05-15,2025-05-16,2910,93155.0,-0.0076431753529064,0.0006411039731421,0.0,92443.0,93214.72204061806,93155.0,771.7220406180568,771.7220406180568,0.0082842793260485,False
SVR,454,2025-05-16,2025-05-19,2911,92443.0,0.0094220222190972,0.0006280843658932,0.0,93314.0,92501.06200303626,92443.0,-812.9379969637375,812.9379969637375,-0.0087939378532039,True
SVR,455,2025-05-19,2025-05-20,2912,93314.0,0.0155067835480207,0.0006419901706236,0.0,94761.0,93373.90667078157,93314.0,-1387.0933292184343,1387.0933292184343,-0.014864793377397,True
SVR,456,2025-05-20,2025-05-21,2913,94761.0,0.0075136395774633,0.0006780384990879,0.0,95473.0,94825.25160621208,94761.0,-647.7483937879297,647.7483937879297,-0.0068356010783753,True
SVR,457,2025-05-21,2025-05-22,2914,95473.0,-0.0001256899856504,0.0006525125410755,0.0,95461.0,95535.2973298341,95473.0,74.29732983409485,74.29732983409485,0.0007782025267259,False
SVR,458,2025-05-22,2025-05-23,2915,95461.0,0.0078461361184147,0.0006562872521013,0.0,96210.0,95523.64983737284,95461.0,-686.3501626271463,686.3501626271463,-0.0071898488663133,True
SVR,459,2025-05-23,2025-05-26,2916,96210.0,-0.0041159962581852,0.0006600837244243,0.0,95814.0,96273.50665512688,96210.0,459.5066551268683,459.5066551268683,0.0047760799826095,False
SVR,460,2025-05-26,2025-05-27,2917,95814.0,-0.0079215980963116,0.0006601593076795,0.0,95055.0,95877.252503906,95814.0,822.2525039060129,822.2525039060129,0.0085817574039911,False
SVR,461,2025-05-27,2025-05-28,2918,95055.0,0.0012834674662036,3.54474071985767e-05,0.0,95177.0,95058.36945329126,95055.0,-118.6305467087368,118.6305467087368,-0.001248020059005,True
SVR,462,2025-05-28,2025-05-29,2919,95177.0,0.0012397953287033,0.0006568933764999,0.0,95295.0,95239.52114089511,95177.0,-55.478859104870935,55.478859104870935,-0.0005829019522033,True
SVR,463,2025-05-29,2025-05-30,2920,95295.0,-0.0061178445878588,0.0006564429631542,0.0,94712.0,95357.55573217376,95295.0,645.5557321737724,645.5557321737724,0.006774287551013,False
SVR,464,2025-05-30,2025-06-02,2921,94712.0,0.0283068671340485,0.0006480792702714,0.0,97393.0,94773.38088384597,94712.0,-2619.619116154048,2619.619116154048,-0.027658787863777,True
SVR,465,2025-06-02,2025-06-03,2922,97393.0,-0.0018995204994198,0.0006556900966759,0.0,97208.0,97456.85962558557,97393.0,248.85962558555184,248.85962558555184,0.0025552105960957,False
SVR,466,2025-06-03,2025-06-04,2923,97208.0,0.0078697226565713,0.0006544552942328,0.0,97973.0,97271.6182902418,97208.0,-701.3817097582069,701.3817097582069,-0.0072152673623384,True
SVR,467,2025-06-04,2025-06-05,2924,97973.0,-0.0056954467047043,0.0006538995118432,0.0,97415.0,98037.06449687382,97973.0,622.0644968738197,622.0644968738197,0.0063493462165475,False
SVR,468,2025-06-05,2025-06-06,2925,97415.0,-0.0079043268490478,0.0006574080055708,0.0,96645.0,97479.04140086268,97415.0,834.0414008626831,834.0414008626831,0.0085617348546186,False
SVR,469,2025-06-06,2025-06-09,2926,96645.0,0.000600134512908,0.0006616899998252,0.0,96703.0,96708.94903003312,96645.0,5.949030033109011,5.949030033109011,6.155548691727042e-05,True
SVR,470,2025-06-09,2025-06-10,2927,96703.0,-0.0026989855537056,0.0006418393032486,0.0,96442.0,96765.06778614208,96703.0,323.06778614207,323.06778614207,0.0033408248569542,False
SVR,471,2025-06-10,2025-06-11,2928,96442.0,-0.0018145621202381,0.0006185734314991,0.0,96267.0,96501.65645888064,96442.0,234.6564588806505,234.6564588806505,0.0024331355517372,False
SVR,472,2025-06-11,2025-06-12,2929,96267.0,0.0157790312360415,0.0006312143920308,0.0,97786.0,96327.76511587764,96267.0,-1458.234884122372,1458.234884122372,-0.0151478168440106,True
SVR,473,2025-06-12,2025-06-13,2930,97786.0,0.018090524205919,0.0006573772798154,0.0,99555.0,97850.28229468405,97786.0,-1704.717705315954,1704.717705315954,-0.0174331469261035,True
SVR,474,2025-06-13,2025-06-16,2931,99555.0,-0.0096529556526543,0.0011057376741016,0.0,98594.0,99665.0817141452,99555.0,1071.081714145199,1071.081714145199,0.0107586933267559,False
SVR,475,2025-06-16,2025-06-17,2932,98594.0,0.003215205793456,0.0006576735255426,0.0,98911.0,98658.84266357736,98594.0,-252.15733642264968,252.15733642264968,-0.0025575322679133,True
SVR,476,2025-06-17,2025-06-18,2933,98911.0,0.0013547532630344,0.0006171458065342,0.0,99045.0,98972.04250887012,98911.0,-72.95749112988415,72.95749112988415,-0.0007376074565001,True
SVR,477,2025-06-18,2025-06-19,2934,99045.0,-0.001787066484931,0.0006530792350818,0.0,98868.0,99109.68423283868,99045.0,241.6842328386847,241.6842328386847,0.0024401457200128,False
SVR,478,2025-06-19,2025-06-20,2935,98868.0,-0.0029736618521665,0.0006003441598138,0.0,98574.0,98927.35482639247,98868.0,353.35482639247493,353.35482639247493,0.0035740060119803,False
SVR,479,2025-06-20,2025-06-23,2936,98574.0,0.0028202162842128,0.0006214770646872,0.0,98852.0,98635.26148017448,98574.0,-216.7385198255215,216.7385198255215,-0.0021987392195255,True
SVR,480,2025-06-23,2025-06-24,2937,98852.0,-0.0235807065107432,0.0006529586045207,0.0,96521.0,98916.54626397409,98852.0,2395.546263974087,2395.546263974087,0.0242336651152639,False
SVR,481,2025-06-24,2025-06-25,2938,96521.0,0.0024761450875974,0.0006496543741096,0.0,96760.0,96583.70528984343,96521.0,-176.294710156566,176.294710156566,-0.0018264907134877,True
SVR,482,2025-06-25,2025-06-26,2939,96760.0,-0.0031831335262505,0.0006498164583587,0.0,96452.0,96822.8762405108,96760.0,370.8762405107991,370.8762405107991,0.0038329499846092,False
SVR,483,2025-06-26,2025-06-27,2940,96452.0,-0.0160079625098494,0.0006528878195218,0.0,94908.0,96514.97233596852,96452.0,1606.9723359685304,1606.9723359685304,0.0166608503293712,False
SVR,484,2025-06-27,2025-06-30,2941,94908.0,0.008113120074177,0.0006410814653894,0.0,95678.0,94968.8437597172,94908.0,-709.1562402828131,709.1562402828131,-0.0074720386087875,True
SVR,485,2025-06-30,2025-07-01,2942,95678.0,0.0163151403666463,0.0006187071876264,0.0,97239.0,95737.19666629772,95678.0,-1501.803333702279,1501.803333702279,-0.0156964331790198,True
SVR,486,2025-07-01,2025-07-02,2943,97239.0,0.0011518012320159,0.0006594750534187,0.0,97351.0,97303.1266947194,97239.0,-47.87330528060557,47.87330528060557,-0.0004923261785971,True
SVR,487,2025-07-02,2025-07-03,2944,97351.0,-0.005649659479615,0.0006099120842914,0.0,96801.0,97410.37555131786,97351.0,609.3755513178621,609.3755513178621,0.0062595715639064,False
SVR,488,2025-07-03,2025-07-04,2945,96801.0,0.0017148583175794,0.0006319051718919,0.0,96967.0,96862.16905254433,96801.0,-104.83094745568816,104.83094745568816,-0.0010829531456874,True
SVR,489,2025-07-04,2025-07-07,2946,96967.0,0.0027225757216373,0.0005460830886689,0.0,97231.0,97019.95203885896,96967.0,-211.047961141041,211.047961141041,-0.0021764926329683,True
SVR,490,2025-07-07,2025-07-08,2947,97231.0,-0.0076724501445012,0.0004557819805792,0.0,96485.0,97275.3161377537,97231.0,790.3161377537035,790.3161377537035,0.0081282321250804,False
SVR,491,2025-07-08,2025-07-09,2948,96485.0,-0.0003523863813027,0.0006037015012555,0.0,96451.0,96543.24813934864,96485.0,92.24813934863778,92.24813934863778,0.0009560878825582,False
SVR,492,2025-07-09,2025-07-10,2949,96451.0,0.0023535266612062,0.0001987541059531,0.0,96678.0,96470.1700322733,96451.0,-207.82996772670597,207.82996772670597,-0.002154772555253,True
SVR,493,2025-07-10,2025-07-11,2950,96678.0,0.0111814476923395,0.0006369946358087,0.0,97759.0,96739.58336740072,96678.0,-1019.4166325992846,1019.4166325992846,-0.0105444530565307,True
SVR,494,2025-07-11,2025-07-14,2951,97759.0,-0.0001022923720578,0.0005874174762917,0.0,97749.0,97816.4253450648,97759.0,67.42534506481024,67.42534506481024,0.0006897098483495,False
SVR,495,2025-07-14,2025-07-15,2952,97749.0,-0.0054732017718851,0.0005424648318896,0.0,97214.0,97802.0253948524,97749.0,588.0253948523896,588.0253948523896,0.0060156666037747,False
SVR,496,2025-07-15,2025-07-16,2953,97214.0,0.0055959018248399,0.0005910798971234,0.0,97758.0,97271.46124111894,97214.0,-486.5387588810554,486.5387588810554,-0.0050048219277164,True
SVR,497,2025-07-16,2025-07-17,2954,97758.0,-0.0031097199206202,0.0004102014446964,0.0,97454.0,97798.10047283064,97758.0,344.1004728306434,344.1004728306434,0.0035199213653166,False
SVR,498,2025-07-17,2025-07-18,2955,97454.0,0.0052434994971986,0.0007530909594907,0.0,97965.0,97527.3917263662,97454.0,-437.6082736337994,437.6082736337994,-0.0044904085377078,True
SVR,499,2025-07-18,2025-07-21,2956,97965.0,0.0127800745164088,0.0004675072864456,0.0,99217.0,98010.79935131664,97965.0,-1206.200648683371,1206.200648683371,-0.0123125672299631,True
SVR,500,2025-07-21,2025-07-22,2957,99217.0,0.0095850509489301,0.0006467750327841,0.0,100168.0,99281.17107842774,99217.0,-886.8289215722616,886.8289215722616,-0.0089382759161459,True
SVR,501,2025-07-22,2025-07-23,2958,100168.0,-0.008625509144637,0.001022606838959,0.0,99304.0,100270.43248184484,100168.0,966.4324818448368,966.4324818448368,0.009648115983596,False
SVR,502,2025-07-23,2025-07-24,2959,99304.0,-0.0064045758479014,0.0006283944148564,0.0,98668.0,99366.4020789729,99304.0,698.4020789728966,698.4020789728966,0.0070329702627578,False
SVR,503,2025-07-24,2025-07-25,2960,98668.0,-0.0083715084931285,0.0003788061276284,0.0,97842.0,98705.37604300084,98668.0,863.3760430008406,863.3760430008406,0.0087503146207569,False
SVR,504,2025-07-25,2025-07-28,2961,97842.0,-0.0034443286114347,0.000608808560187,0.0,97505.0,97901.5670471458,97842.0,396.5670471458143,396.5670471458143,0.0040531371716217,False
SVR,505,2025-07-28,2025-07-29,2962,97505.0,0.0063586482744475,0.0006456482083798,0.0,98125.0,97567.95392855808,97505.0,-557.0460714419169,557.0460714419169,-0.0057130000660676,True
SVR,506,2025-07-29,2025-07-30,2963,98125.0,-0.0012433121019108,0.0007315872493262,0.0,98003.0,98196.78699884017,98125.0,193.7869988401508,193.7869988401508,0.001974899351237,False
SVR,507,2025-07-30,2025-07-31,2964,98003.0,0.0036223380916911,0.0006949472624686,0.0,98358.0,98071.10691656372,98003.0,-286.89308343628363,286.89308343628363,-0.0029273908292224,True
SVR,508,2025-07-31,2025-08-01,2965,98358.0,0.0089672421155371,0.000580321243179,0.0,99240.0,98415.0792368366,98358.0,-824.9207631634054,824.9207631634054,-0.008386920872358,True
SVR,509,2025-08-01,2025-08-04,2966,99240.0,0.0137746876259572,0.0006554664356092,0.0,100607.0,99305.04848906989,99240.0,-1301.9515109301285,1301.9515109301285,-0.0131192211903479,True
SVR,510,2025-08-04,2025-08-05,2967,100607.0,0.0015704672637093,0.0004349463554538,0.0,100765.0,100650.75864798314,100607.0,-114.24135201686296,114.24135201686296,-0.0011355209082554,True
SVR,511,2025-08-05,2025-08-06,2968,100765.0,-0.0007740783009974,0.0004300652764599,0.0,100687.0,100808.33552758249,100765.0,121.33552758248698,121.33552758248698,0.0012041435774573,False
SVR,512,2025-08-06,2025-08-07,2969,100687.0,0.0014699017748069,0.000569062815117,0.0,100835.0,100744.29722766568,100687.0,-90.70277233431987,90.70277233431987,-0.0009008389596898,True
SVR,513,2025-08-07,2025-08-08,2970,100835.0,0.0037387811771705,0.000650279495287,0.0,101212.0,100900.57093290726,100835.0,-311.42906709274394,311.42906709274394,-0.0030885016818834,True
SVR,514,2025-08-08,2025-08-11,2971,101212.0,-0.0140991186815793,0.0006401241793354,0.0,99785.0,101276.7882484389,101212.0,1491.7882484388974,1491.7882484388974,0.0147392428609147,False
SVR,515,2025-08-11,2025-08-12,2972,99785.0,-0.0016535551435586,0.0004314219753103,0.0,99620.0,99828.04944180636,99785.0,208.0494418063463,208.0494418063463,0.0020849771188689,False
SVR,516,2025-08-12,2025-08-13,2973,99620.0,0.0003613732182292,0.0005862472888333,0.0,99656.0,99678.40195491358,99620.0,22.401954913584632,22.401954913584632,0.0002248740706041,True
SVR,517,2025-08-13,2025-08-14,2974,99656.0,-0.0029501485108773,0.0005940569187456,0.0,99362.0,99715.20133629451,99656.0,353.2013362945145,353.2013362945145,0.0035442054296229,False
SVR,518,2025-08-14,2025-08-18,2975,99362.0,-0.0034419597029045,0.0006946825299589,0.0,99020.0,99431.02504554178,99362.0,411.0250455417845,411.0250455417845,0.0041366422328634,False
SVR,519,2025-08-18,2025-08-19,2976,99020.0,-0.0066754191072511,0.0006154807734425,0.0,98359.0,99080.9449061863,99020.0,721.9449061862979,721.9449061862979,0.0072908998806936,False
SVR,520,2025-08-19,2025-08-20,2977,98359.0,0.0055307597677893,0.0006109936102342,0.0,98903.0,98419.09672050904,98359.0,-483.9032794909581,483.9032794909581,-0.004919766157555,True
SVR,521,2025-08-20,2025-08-21,2978,98903.0,0.0013346410119006,0.0006783727246102,0.0,99035.0,98970.09309758212,98903.0,-64.90690241787524,64.90690241787524,-0.0006562682872903,True
SVR,522,2025-08-21,2025-08-22,2979,99035.0,0.0083000959256829,0.0007355452069536,0.0,99857.0,99107.84471957068,99035.0,-749.1552804293315,749.1552804293315,-0.0075645507187292,True
SVR,523,2025-08-22,2025-08-25,2980,99857.0,0.002613737644832,0.0009908075100714,0.0,100118.0,99955.9390655332,99857.0,-162.06093446679006,162.06093446679006,-0.0016229301347605,True
SVR,524,2025-08-25,2025-08-26,2981,100118.0,0.0041251323438342,0.0006530211999855,0.0,100531.0,100183.37917650017,100118.0,-347.6208234998485,347.6208234998485,-0.0034721111438486,True
SVR,525,2025-08-26,2025-08-27,2982,100531.0,0.004336970685659,0.0009999628128652,0.0,100967.0,100631.52726154016,100531.0,-335.4727384598518,335.4727384598518,-0.0033370078727937,True
SVR,526,2025-08-27,2025-08-28,2983,100967.0,0.0050907722325115,0.0008184451025073,0.0,101481.0,101049.63594666486,100967.0,-431.3640533351426,431.3640533351426,-0.0042723271300041,True
SVR,527,2025-08-28,2025-08-29,2984,101481.0,0.0165843852543825,0.0006868700661399,0.0,103164.0,101550.70426118196,101481.0,-1613.2957388180512,1613.2957388180512,-0.0158975151882425,True
SVR,528,2025-08-29,2025-09-01,2985,103164.0,0.0071730448606102,0.0006725021903629,0.0,103904.0,103233.37801596662,103164.0,-670.6219840333797,670.6219840333797,-0.0065005426702472,True
SVR,529,2025-09-01,2025-09-02,2986,103904.0,0.0172370649830613,0.0007097468121282,0.0,105695.0,103977.74553276737,103904.0,-1717.254467232633,1717.254467232633,-0.016527318170933,True
SVR,530,2025-09-02,2025-09-03,2987,105695.0,0.0131037418988599,0.0006644060633292,0.0,107080.0,105765.22439886356,105695.0,-1314.7756011364254,1314.7756011364254,-0.0124393358355306,True
SVR,531,2025-09-03,2025-09-04,2988,107080.0,-0.0071908853193873,0.0007072317633947,0.0,106310.0,107155.7303772243,107080.0,845.7303772243031,845.7303772243031,0.007898117082782,False
SVR,532,2025-09-04,2025-09-05,2989,106310.0,0.0121813564104975,0.0006653785633999,0.0,107605.0,106380.73639507504,106310.0,-1224.263604924956,1224.263604924956,-0.0115159778470975,True
SVR,533,2025-09-05,2025-09-08,2990,107605.0,0.0073230797825378,0.0007313961935901,0.0,108393.0,107683.70188741128,107605.0,-709.2981125887309,709.2981125887309,-0.0065916835889476,True
SVR,534,2025-09-08,2025-09-09,2991,108393.0,0.004742003634921,0.0006903765044875,0.0,108907.0,108467.83198045094,108393.0,-439.1680195490626,439.1680195490626,-0.0040516271304334,True
SVR,535,2025-09-09,2025-09-10,2992,108907.0,-0.0002111893634018,0.0007401594807708,0.0,108884.0,108987.6085485723,108907.0,103.60854857230152,103.60854857230152,0.0009513488441726,False
SVR,536,2025-09-10,2025-09-11,2993,108884.0,-0.0001285772014253,0.0006827253027138,0.0,108870.0,108958.33786186072,108884.0,88.33786186070938,88.33786186070938,0.0008113025041391,False
SVR,537,2025-09-11,2025-09-12,2994,108870.0,0.0033709929273444,0.000673311954327,0.0,109237.0,108943.30347246758,108870.0,-293.69652753241826,293.69652753241826,-0.0026976809730173,True
SVR,538,2025-09-12,2025-09-15,2995,109237.0,0.0073967611706655,0.0006758969373671,0.0,110045.0,109310.8329537472,109237.0,-734.1670462528127,734.1670462528127,-0.0067208642332983,True
SVR,539,2025-09-15,2025-09-16,2996,110045.0,-4.543595801720368e-05,0.0006995700662509,0.0,110040.0,110121.98418794056,110045.0,81.98418794057216,81.98418794057216,0.0007450060242681,False
SVR,540,2025-09-16,2025-09-17,2997,110040.0,-0.0031624863685932,0.0008075359776691,0.0,109692.0,110128.86125898272,110040.0,436.8612589827098,436.8612589827098,0.0039700223462623,False
SVR,541,2025-09-17,2025-09-18,2998,109692.0,-0.0067552784159282,0.0007712914405196,0.0,108951.0,109776.60450069347,109692.0,825.6045006934728,825.6045006934728,0.0075265698564478,False
SVR,542,2025-09-18,2025-09-19,2999,108951.0,0.0070123266422519,0.0006576287008915,0.0,109715.0,109022.64930459084,108951.0,-692.3506954091717,692.3506954091717,-0.0063546979413603,True
SVR,543,2025-09-19,2025-09-22,3000,109715.0,0.0214647040058333,0.0006928413060724,0.0,112070.0,109791.01508389576,109715.0,-2278.984916104251,2278.984916104251,-0.0207718626997608,True
SVR,544,2025-09-22,2025-09-23,3001,112070.0,0.0146783260462211,0.0007125841652026,0.0,113715.0,112149.85930739426,112070.0,-1565.1406926057389,1565.1406926057389,-0.0139657418810184,True
SVR,545,2025-09-23,2025-09-24,3002,113715.0,-0.0109044541177505,0.0007623596469512,0.0,112475.0,113801.69172725306,113715.0,1326.6917272530554,1326.6917272530554,0.0116668137647017,False
SVR,546,2025-09-24,2025-09-25,3003,112475.0,0.0011647032673927,0.0007027521292404,0.0,112606.0,112554.04204573632,112475.0,-51.9579542636784,51.9579542636784,-0.0004619511381522,True
SVR,547,2025-09-25,2025-09-26,3004,112606.0,0.009395591709145,0.0007061995228169,0.0,113664.0,112685.52230346634,112606.0,-978.477696533664,978.477696533664,-0.008689392186328,True
SVR,548,2025-09-26,2025-09-29,3005,113664.0,0.018211570945946,0.0007107569822131,0.0,115734.0,113744.78748162628,113664.0,-1989.2125183737223,1989.2125183737223,-0.0175008139637328,True
SVR,549,2025-09-29,2025-09-30,3006,115734.0,0.0072493822040196,0.0006772880955944,0.0,116573.0,115812.38526045551,115734.0,-760.6147395444859,760.6147395444859,-0.0065720941084251,True
SVR,550,2025-09-30,2025-10-01,3007,116573.0,0.0033884347147281,0.000724949821839,0.0,116968.0,116657.50957558122,116573.0,-310.4904244187783,310.4904244187783,-0.002663484892889,True
SVR,551,2025-10-01,2025-10-03,3008,116968.0,0.0034368374256206,0.0007095591864938,0.0,117370.0,117050.9957189258,116968.0,-319.004281074187,319.004281074187,-0.0027272782391267,True
SVR,552,2025-10-03,2025-10-06,3009,117370.0,0.0183522194768679,0.0007288848680074,0.0,119524.0,117455.54921695804,117370.0,-2068.450783041946,2068.450783041946,-0.0176233346088604,True
SVR,553,2025-10-06,2025-10-07,3010,119524.0,0.0069442120410962,0.0007569754080117,0.0,120354.0,119614.47672866718,119524.0,-739.523271332815,739.523271332815,-0.0061872366330844,True
SVR,554,2025-10-07,2025-10-08,3011,120354.0,0.018179703208867,0.0007503977713666,0.0,122542.0,120444.31337337504,120354.0,-2097.6866266249563,2097.6866266249563,-0.0174293054375003,True
SVR,555,2025-10-08,2025-10-09,3012,122542.0,-0.0218129294445985,0.0007509508233716,0.0,119869.0,122634.0230157976,122542.0,2765.023015797604,2765.023015797604,0.0225638802679701,False
SVR,556,2025-10-09,2025-10-10,3013,119869.0,0.0071578139468919,0.0007403538014718,0.0,120727.0,119957.74546982865,119869.0,-769.254530171369,769.254530171369,-0.00641746014542,True
SVR,557,2025-10-10,2025-10-13,3014,120727.0,0.0268125605705433,0.0007511527066915,0.0,123964.0,120817.68441282076,120727.0,-3146.3155871792405,3146.3155871792405,-0.0260614078638517,True
SVR,558,2025-10-13,2025-10-14,3015,123964.0,0.0144316091768577,0.0007587609154216,0.0,125753.0,124058.05903811932,123964.0,-1694.9409618806822,1694.9409618806822,-0.013672848261436,True
SVR,559,2025-10-14,2025-10-15,3016,125753.0,0.0070614617543915,0.000767070540199,0.0,126641.0,125849.46142164164,125753.0,-791.5385783583624,791.5385783583624,-0.0062943912141924,True
SVR,560,2025-10-15,2025-10-16,3017,126641.0,0.0165349294462298,0.0007763074111204,0.0,128735.0,126739.3123468517,126641.0,-1995.6876531482997,1995.6876531482997,-0.0157586220351093,True
SVR,561,2025-10-16,2025-10-17,3018,128735.0,-0.0216258204839399,0.0008070354073968,0.0,125951.0,128838.89370317124,128735.0,2887.8937031712267,2887.8937031712267,0.0224328558913367,False
SVR,562,2025-10-17,2025-10-20,3019,125951.0,0.0281220474629022,0.0007738317991,0.0,129493.0,126048.46488892844,125951.0,-3444.5351110715565,3444.5351110715565,-0.0273482156638021,True
SVR,563,2025-10-20,2025-10-21,3020,129493.0,-0.0164333207200388,0.000775646075265,0.0,127365.0,129593.4407372243,129493.0,2228.4407372243004,2228.4407372243004,0.0172089667953038,False
SVR,564,2025-10-21,2025-10-22,3021,127365.0,-0.0494327326973658,0.0007759459269099,0.0,121069.0,127463.82835298088,127365.0,6394.828352980883,6394.828352980883,0.0502086786242757,False
SVR,565,2025-10-22,2025-10-23,3022,121069.0,0.0184688070439171,0.0007701705086649,0.0,123305.0,121162.24377331354,121069.0,-2142.756226686455,2142.756226686455,-0.0176986365352521,True
SVR,566,2025-10-23,2025-10-24,3023,123305.0,-0.0061311382344593,0.0007767486322671,0.0,122549.0,123400.7769901017,123305.0,851.7769901017018,851.7769901017018,0.0069078868667264,False
SVR,567,2025-10-24,2025-10-27,3024,122549.0,-0.0207835233253637,0.0007711995866269,0.0,120002.0,122643.50973814154,122549.0,2641.50973814154,2641.50973814154,0.0215547229119906,False
SVR,568,2025-10-27,2025-10-28,3025,120002.0,-0.0108581523641272,0.0007628062664669,0.0,118699.0,120093.53827758857,120002.0,1394.538277588552,1394.538277588552,0.0116209586305941,False
SVR,569,2025-10-28,2025-10-29,3026,118699.0,0.0061078863343415,0.000708906294409,0.0,119424.0,118783.14646824004,118699.0,-640.8535317599453,640.8535317599453,-0.0053989800399324,True
SVR,570,2025-10-29,2025-10-30,3027,119424.0,0.0069249062165059,0.0007597796871076,0.0,120251.0,119514.73592935316,119424.0,-736.2640706468519,736.2640706468519,-0.0061651265293982,True
SVR,571,2025-10-30,2025-10-31,3028,120251.0,0.0079666697158442,0.0007672541185419,0.0,121209.0,120343.26307500878,120251.0,-865.7369249912153,865.7369249912153,-0.0071994155973022,True
SVR,572,2025-10-31,2025-11-03,3029,121209.0,0.0016995437632518,0.0007739625508886,0.0,121415.0,121302.81122683069,121209.0,-112.18877316932776,112.18877316932776,-0.0009255812123631,True
SVR,573,2025-11-03,2025-11-04,3030,121415.0,-0.0130544001976691,0.0007742310257473,0.0,119830.0,121509.0032599911,121415.0,1679.0032599911065,1679.0032599911065,0.0138286312234164,False
SVR,574,2025-11-04,2025-11-05,3031,119830.0,0.0055411833430694,0.0007570826780485,0.0,120494.0,119920.72121731057,119830.0,-573.2787826894491,573.2787826894491,-0.0047841006650208,True
SVR,575,2025-11-05,2025-11-06,3032,120494.0,0.000771822663369,0.0007686314930814,0.0,120587.0,120586.61548312736,120494.0,-0.3845168726402335,0.3845168726402335,-3.191170287593641e-06,True
SVR,576,2025-11-06,2025-11-07,3033,120587.0,0.003889308134376,0.0007664414716041,0.0,121056.0,120679.42287773632,120587.0,-376.57712226366857,376.57712226366857,-0.0031228666627718,True
SVR,577,2025-11-07,2025-11-10,3034,121056.0,0.0234684773988897,0.0007553774064822,0.0,123897.0,121147.44296731912,121056.0,-2749.5570326808665,2749.5570326808665,-0.0227130999924074,True
SVR,578,2025-11-10,2025-11-11,3035,123897.0,0.0,0.000775807819729,0.0,123897.0,123993.12026144096,123897.0,96.12026144097037,96.12026144097037,0.000775807819729,False
SVR,579,2025-11-11,2025-11-12,3036,123897.0,0.019903629627836,0.0008410039833746,0.0,126363.0,124001.19787052817,123897.0,-2361.802129471834,2361.802129471834,-0.0190626256444613,True
SVR,580,2025-11-12,2025-11-13,3037,126363.0,0.0024136812199773,0.0007836995824319,0.0,126668.0,126462.03063033483,126363.0,-205.96936966515204,205.96936966515204,-0.0016299816375453,True
SVR,581,2025-11-13,2025-11-14,3038,126668.0,-0.0253734171219249,0.0007862735678567,0.0,123454.0,126767.59570029328,126668.0,3313.5957002932846,3313.5957002932846,0.0261596906897816,False
SVR,582,2025-11-14,2025-11-17,3039,123454.0,-0.0053866217376512,0.000776914038113,0.0,122789.0,123549.9131456612,123454.0,760.9131456612085,760.9131456612085,0.0061635357757642,False
SVR,583,2025-11-17,2025-11-18,3040,122789.0,-0.0016125222943422,0.0007822765380213,0.0,122591.0,122885.05495382712,122789.0,294.05495382711524,294.05495382711524,0.0023947988323635,False
SVR,584,2025-11-18,2025-11-19,3041,122591.0,0.0025532053739671,0.0007730337682397,0.0,122904.0,122685.76698268228,122591.0,-218.23301731773245,218.23301731773245,-0.0017801716057273,True
SVR,585,2025-11-19,2025-11-20,3042,122904.0,-0.0026524767298053,0.0007711018447847,0.0,122578.0,122998.7715011314,122904.0,420.771501131414,420.771501131414,0.00342357857459,False
SVR,586,2025-11-20,2025-11-21,3043,122578.0,0.0103689079606454,0.0007660961172459,0.0,123849.0,122671.9065298598,122578.0,-1177.0934701402148,1177.0934701402148,-0.0096028118433994,True
SVR,587,2025-11-21,2025-11-24,3044,123849.0,-0.0018974719214527,0.000815822293643,0.0,123614.0,123950.03877524538,123849.0,336.03877524538257,336.03877524538257,0.0027132942150957,False
SVR,588,2025-11-24,2025-11-25,3045,123614.0,0.0105327875483358,0.0007810479149564,0.0,124916.0,123710.54845695944,123614.0,-1205.451543040559,1205.451543040559,-0.0097517396333793,True
SVR,589,2025-11-25,2025-11-26,3046,124916.0,0.0060680777482469,0.0007942317549098,0.0,125674.0,125015.21225389632,124916.0,-658.7877461036696,658.7877461036696,-0.005273845993337,True
SVR,590,2025-11-26,2025-11-27,3047,125674.0,-0.0016630329264605,0.0007915685284908,0.0,125465.0,125773.47958324956,125674.0,308.4795832495729,308.4795832495729,0.0024546014549513,False
SVR,591,2025-11-27,2025-11-28,3048,125465.0,0.0117801777388115,0.0007826771641634,0.0,126943.0,125563.19859040176,125465.0,-1379.8014095982362,1379.8014095982362,-0.010997500574648,True
SVR,592,2025-11-28,2025-12-01,3049,126943.0,0.0085944085140574,0.0008019487806811,0.0,128034.0,127044.80178406602,126943.0,-989.1982159339824,989.1982159339824,-0.0077924597333762,True
SVR,593,2025-12-01,2025-12-02,3050,128034.0,0.0049361888248433,0.0008347344490895,0.0,128666.0,128140.87439045472,128034.0,-525.12560954527,525.12560954527,-0.0041014543757537,True
SVR,594,2025-12-02,2025-12-03,3051,128666.0,0.0049663469758911,0.0008087159599679,0.0,129305.0,128770.05424770524,128666.0,-534.9457522947632,534.9457522947632,-0.0041576310159231,True
SVR,595,2025-12-03,2025-12-04,3052,129305.0,-0.003178531379297,0.0008011871521151,0.0,128894.0,129408.59750470426,129305.0,514.5975047042593,514.5975047042593,0.0039797185314121,False
SVR,596,2025-12-04,2025-12-05,3053,128894.0,0.0024205936661132,0.0008019398487304,0.0,129206.0,128997.36523486226,128894.0,-208.63476513774367,208.63476513774367,-0.0016186538173827,True
SVR,597,2025-12-05,2025-12-08,3054,129206.0,-0.0036376019689488,0.0008018444302195,0.0,128736.0,129309.60311145095,129206.0,573.6031114509533,573.6031114509533,0.0044394463991683,False
SVR,598,2025-12-08,2025-12-09,3055,128736.0,0.0009088366890379,0.0008011518499339,0.0,128853.0,128839.1370845531,128736.0,-13.862915446894476,13.862915446894476,-0.0001076848391039,True
SVR,599,2025-12-09,2025-12-10,3056,128853.0,-0.002739555928073,0.0008015898687311,0.0,128500.0,128956.28725935562,128853.0,456.287259355624,456.287259355624,0.0035411457968041,False
SVR,600,2025-12-10,2025-12-11,3057,128500.0,0.018715953307393,0.0008014841564267,0.0,130905.0,128602.99071410084,128500.0,-2302.009285899156,2302.009285899156,-0.0179144691509662,True
SVR,601,2025-12-11,2025-12-12,3058,130905.0,0.0056529544326038,0.0008092248782117,0.0,131645.0,131010.9315826823,130905.0,-634.0684173176996,634.0684173176996,-0.004843729554392,True
SVR,602,2025-12-12,2025-12-15,3059,131645.0,0.0064263739602719,0.0008092742258057,0.0,132491.0,131751.5369054562,131645.0,-739.4630945438112,739.4630945438112,-0.0056170997344661,True
SVR,603,2025-12-15,2025-12-16,3060,132491.0,0.0010264848178367,0.0008108781565049,0.0,132627.0,132598.43405783348,132491.0,-28.565942166518653,28.565942166518653,-0.0002156066613317,True
SVR,604,2025-12-16,2025-12-17,3061,132627.0,0.0036794921094498,0.0008134337344491,0.0,133115.0,132734.88327589878,132627.0,-380.11672410121537,380.11672410121537,-0.0028660583750006,True
SVR,605,2025-12-17,2025-12-18,3062,133115.0,-0.0032378019006122,0.0008120117816738,0.0,132684.0,133223.09094831752,133115.0,539.0909483175201,539.0909483175201,0.004049813682286,False
SVR,606,2025-12-18,2025-12-19,3063,132684.0,-0.0019369328630429,0.000812921827312,0.0,132427.0,132791.86171973508,132684.0,364.8617197350832,364.8617197350832,0.0027498546903549,False
SVR,607,2025-12-19,2025-12-22,3064,132427.0,0.0166959909988144,0.0008200163906184,0.0,134638.0,132535.59231056043,132427.0,-2102.4076894395694,2102.4076894395694,-0.0158759746081959,True
SVR,608,2025-12-22,2025-12-23,3065,134638.0,0.0086231227439503,0.0008188222653295,0.0,135799.0,134748.24459215943,134638.0,-1050.7554078405665,1050.7554078405665,-0.0078043004786207,True
SVR,609,2025-12-23,2025-12-24,3066,135799.0,0.0022459664651433,0.0010116738554497,0.0,136104.0,135936.38429789623,135799.0,-167.61570210376522,167.61570210376522,-0.0012342926096935,True
SVR,610,2025-12-24,2025-12-26,3067,136104.0,0.0123802386410392,0.0010416949420798,0.0,137789.0,136245.77884839685,136104.0,-1543.221151603153,1543.221151603153,-0.0113385436989593,True
SVR,611,2025-12-26,2025-12-29,3068,137789.0,-0.0376953167524257,0.0009590270811601,0.0,132595.0,137921.143382486,137789.0,5326.143382485985,5326.143382485985,0.0386543438335858,False
SVR,612,2025-12-29,2025-12-30,3069,132595.0,0.01040009050115,0.0008223304973788,0.0,133974.0,132704.03691229995,132595.0,-1269.9630877000454,1269.9630877000454,-0.0095777600037711,True
SVR,613,2025-12-30,2025-12-31,3070,133974.0,0.0110469195515547,0.000833845686441,0.0,135454.0,134085.71364199527,133974.0,-1368.286358004727,1368.286358004727,-0.0102130738651136,True
SVR,614,2025-12-31,2026-01-01,3071,135454.0,0.0023402778803136,0.0008712054942534,0.0,135771.0,135572.0082690186,135454.0,-198.99173098139,198.99173098139,-0.0014690723860601,True
SVR,615,2026-01-01,2026-01-02,3072,135771.0,0.0001620375485191,0.0008499546033304,0.0,135793.0,135886.39918644878,135771.0,93.39918644877616,93.39918644877616,0.0006879170548113,True
KNN,1,2023-08-11,2023-08-14,2458,58629.0,0.0005799177881253,0.0006265281266923,0.0,58663.0,58665.732717539846,58629.0,2.732717539845908,2.732717539845908,4.661033856703876e-05,True
KNN,2,2023-08-14,2023-08-16,2459,58663.0,-0.0042616299882378,0.0007464018185267,0.0,58413.0,58706.78616988024,58663.0,293.78616988023714,293.78616988023714,0.0050080318067645,False
KNN,3,2023-08-16,2023-08-17,2460,58413.0,-0.0066081180559122,0.0006236753863755,0.0,58027.0,58449.43075034436,58413.0,422.43075034435606,422.43075034435606,0.0072317934422877,False
KNN,4,2023-08-17,2023-08-18,2461,58027.0,0.0012235683388768,0.0006370339696729,0.0,58098.0,58063.96517015822,58027.0,-34.034829841781175,34.034829841781175,-0.0005865343692038,True
KNN,5,2023-08-18,2023-08-21,2462,58098.0,0.0011360115666632,0.0004176598089103,0.0,58164.0,58122.26519957807,58098.0,-41.73480042193114,41.73480042193114,-0.0007183517577528,True
KNN,6,2023-08-21,2023-08-22,2463,58164.0,0.000979987621209,5.859755421030345e-05,0.0,58221.0,58167.40826814308,58164.0,-53.59173185691907,53.59173185691907,-0.0009213900669986,True
KNN,7,2023-08-22,2023-08-23,2464,58221.0,0.0035897700142559,0.0004823483182133,0.0,58430.0,58249.08280143469,58221.0,-180.91719856530835,180.91719856530835,-0.0031074216960425,True
KNN,8,2023-08-23,2023-08-24,2465,58430.0,0.0001026869758684,6.792173948555275e-05,0.0,58436.0,58433.968667238136,58430.0,-2.031332761864178,2.031332761864178,-3.476523638284725e-05,True
KNN,9,2023-08-24,2023-08-25,2466,58436.0,-0.0027893764118009,4.382342966259021e-05,0.0,58273.0,58438.56086593577,58436.0,165.56086593576765,165.56086593576765,0.0028331998414634,False
KNN,10,2023-08-25,2023-08-28,2467,58273.0,0.0038439757692241,0.0005412998716541,0.0,58497.0,58304.54316742091,58273.0,-192.45683257908968,192.45683257908968,-0.0033026758975699,True
KNN,11,2023-08-28,2023-08-29,2468,58497.0,0.0059148332393115,0.0003545010895446,0.0,58843.0,58517.7372502351,58497.0,-325.26274976490095,325.26274976490095,-0.0055603321497668,True
KNN,12,2023-08-29,2023-08-30,2469,58843.0,0.0046564587121662,1.651721089028789e-05,0.0,59117.0,58843.97192224042,58843.0,-273.02807775957626,273.02807775957626,-0.0046399415012759,True
KNN,13,2023-08-30,2023-08-31,2470,59117.0,-6.766243212608103e-05,1.4299783500530198e-05,0.0,59113.0,59117.8453603012,59117.0,4.845360301194887,4.845360301194887,8.196221562661122e-05,False
KNN,14,2023-08-31,2023-09-01,2471,59113.0,-0.0001184172686211,0.0004988730707178,0.0,59106.0,59142.48988382935,59113.0,36.48988382934476,36.48988382934476,0.0006172903393389,False
KNN,15,2023-09-01,2023-09-04,2472,59106.0,0.0047203329611207,0.0004689802920051,0.0,59385.0,59133.71954913925,59106.0,-251.28045086075144,251.28045086075144,-0.0042513526691155,True
KNN,16,2023-09-04,2023-09-05,2473,59385.0,-0.0014144986107602,0.0006271048864022,0.0,59301.0,59422.24062367899,59385.0,121.24062367899025,121.24062367899025,0.0020416034971624,False
KNN,17,2023-09-05,2023-09-06,2474,59301.0,-0.0032039931872986,0.0008018581105707,0.0,59111.0,59348.55098781495,59301.0,237.5509878149533,237.5509878149533,0.0040058512978693,False
KNN,18,2023-09-06,2023-09-07,2475,59111.0,-0.0016071458780937,0.0006996590575567,0.0,59016.0,59152.35754655124,59111.0,136.35754655124038,136.35754655124038,0.0023068049356504,False
KNN,19,2023-09-07,2023-09-08,2476,59016.0,-0.0018808458723058,0.000614839212276,0.0,58905.0,59052.28535095168,59016.0,147.285350951679,147.285350951679,0.0024956850845818,False
KNN,20,2023-09-08,2023-09-11,2477,58905.0,0.0006111535523301,0.0001745880425184,0.0,58941.0,58915.28410864454,58905.0,-25.715891355459465,25.715891355459465,-0.0004365655098116,True
KNN,21,2023-09-11,2023-09-12,2478,58941.0,-0.0050728694796491,0.0003047885336212,0.0,58642.0,58958.964540960165,58941.0,316.9645409601653,316.9645409601653,0.0053776580132703,False
KNN,22,2023-09-12,2023-09-13,2479,58642.0,-0.0005456839807645,0.0005120075762573,0.0,58610.0,58672.02514828688,58642.0,62.02514828687709,62.02514828687709,0.0010576915570218,False
KNN,23,2023-09-13,2023-09-14,2480,58610.0,-3.4123869646851546e-05,0.0002099016774098,0.0,58608.0,58622.30233731298,58610.0,14.302337312983582,14.302337312983582,0.0002440255470566,False
KNN,24,2023-09-14,2023-09-15,2481,58608.0,0.0065520065520066,0.0002043322393906,0.0,58992.0,58619.9755038862,58608.0,-372.02449611380143,372.02449611380143,-0.0063476743126159,True
KNN,25,2023-09-15,2023-09-18,2482,58992.0,0.003729319229726,0.0003161638512217,0.0,59212.0,59010.65113791127,58992.0,-201.3488620887292,201.3488620887292,-0.0034131553785042,True
KNN,26,2023-09-18,2023-09-19,2483,59212.0,0.0008950888333445,0.0003859571698211,0.0,59265.0,59234.85329593946,59212.0,-30.146704060542103,30.146704060542103,-0.0005091316635233,True
KNN,27,2023-09-19,2023-09-20,2484,59265.0,0.0016535898084872,0.0001804116144038,0.0,59363.0,59275.69209432764,59265.0,-87.30790567236545,87.30790567236545,-0.0014731781940833,True
KNN,28,2023-09-20,2023-09-21,2485,59363.0,-0.008591210012971,0.0004697847564125,0.0,58853.0,59390.88783249492,59363.0,537.8878324949183,537.8878324949183,0.0090609947693835,False
KNN,29,2023-09-21,2023-09-22,2486,58853.0,0.0007306339523898,0.0004546332696457,0.0,58896.0,58879.756531818464,58853.0,-16.243468181535718,16.243468181535718,-0.000276000682744,True
KNN,30,2023-09-22,2023-09-25,2487,58896.0,-0.0032090464547677,0.0006027507592299,0.0,58707.0,58931.4996087156,58896.0,224.49960871560324,224.49960871560324,0.0038117972139976,False
KNN,31,2023-09-25,2023-09-26,2488,58707.0,-0.0039007273408622,0.0001837373731865,0.0,58478.0,58717.78666996766,58707.0,239.7866699676597,239.7866699676597,0.0040844647140487,False
KNN,32,2023-09-26,2023-09-27,2489,58478.0,-0.0122952221348199,0.0005344047009275,0.0,57759.0,58509.25091810085,58478.0,750.25091810085,750.25091810085,0.0128296268357474,False
KNN,33,2023-09-27,2023-09-28,2490,57759.0,-0.0106130646306202,0.0005662907911508,0.0,57146.0,57791.70838980608,57759.0,645.708389806081,645.708389806081,0.011179355421771,False
KNN,34,2023-09-28,2023-09-29,2491,57146.0,-0.0014874181919994,0.0005810675049623,0.0,57061.0,57179.20568363858,57146.0,118.20568363858185,118.20568363858185,0.0020684856969617,False
KNN,35,2023-09-29,2023-10-03,2492,57061.0,-0.0118469707856504,0.000175885152155,0.0,56385.0,57071.03618266713,57061.0,686.0361826671287,686.0361826671287,0.0120228559378054,False
KNN,36,2023-10-03,2023-10-04,2493,56385.0,-0.0027666932694865,0.0007237356401554,0.0,56229.0,56425.80783407017,56385.0,196.8078340701686,196.8078340701686,0.0034904289096419,False
KNN,37,2023-10-04,2023-10-05,2494,56229.0,-0.0020807768233473,0.0007738501307304,0.0,56112.0,56272.51281900084,56229.0,160.51281900083995,160.51281900083995,0.0028546269540777,False
KNN,38,2023-10-05,2023-10-06,2495,56112.0,0.0083761049329911,0.0001315059744869,0.0,56582.0,56119.379063240405,56112.0,-462.6209367595948,462.6209367595948,-0.0082445989585041,True
KNN,39,2023-10-06,2023-10-09,2496,56582.0,0.0121239970308579,0.0004801923816219,0.0,57268.0,56609.170245336936,56582.0,-658.8297546630638,658.8297546630638,-0.0116438046492359,True
KNN,40,2023-10-09,2023-10-10,2497,57268.0,0.0016763288398407,0.0004549608146554,0.0,57364.0,57294.05469593369,57268.0,-69.94530406630656,69.94530406630656,-0.0012213680251852,True
KNN,41,2023-10-10,2023-10-11,2498,57364.0,0.004741649815215,0.0005612502184926,0.0,57636.0,57396.19555753361,57364.0,-239.80444246638945,239.80444246638945,-0.0041803995967223,True
KNN,42,2023-10-11,2023-10-12,2499,57636.0,-0.0003990561454646,-0.0001865151007603,0.0,57613.0,57625.25001565258,57636.0,12.25001565257844,12.25001565257844,0.0002125410447042,True
KNN,43,2023-10-12,2023-10-13,2500,57613.0,0.0239529272907157,8.4704453660104e-05,0.0,58993.0,57617.88007768872,57613.0,-1375.119922311285,1375.119922311285,-0.0238682228370555,True
KNN,44,2023-10-13,2023-10-16,2501,58993.0,0.0,0.000117973621731,0.0,58993.0,58999.95961786679,58993.0,6.9596178667852655,6.9596178667852655,0.000117973621731,False
KNN,45,2023-10-16,2023-10-17,2502,58993.0,-0.0012035326225144,0.0001896664180173,0.0,58922.0,59004.1889909981,58993.0,82.18899099810369,82.18899099810369,0.0013931990405317,False
KNN,46,2023-10-17,2023-10-18,2503,58922.0,0.0128644648857811,0.00044528262117,0.0,59680.0,58948.23694260458,58922.0,-731.7630573954157,731.7630573954157,-0.012419182264611,True
KNN,47,2023-10-18,2023-10-19,2504,59680.0,0.0042727882037534,0.0001612430973881,0.0,59935.0,59689.62298805212,59680.0,-245.3770119478795,245.3770119478795,-0.0041115451063652,True
KNN,48,2023-10-19,2023-10-20,2505,59935.0,0.0078418286477017,0.0004111155599563,0.0,60405.0,59959.64021108599,59935.0,-445.3597889140146,445.3597889140146,-0.0074307130877453,True
KNN,49,2023-10-20,2023-10-23,2506,60405.0,-4.966476285073185e-05,-5.450893861608892e-05,0.0,60402.0,60401.70738756289,60405.0,-0.2926124371078913,0.2926124371078913,-4.844175765357072e-06,True
KNN,50,2023-10-23,2023-10-24,2507,60402.0,-0.0008443429025528,-3.315566986969924e-05,0.0,60351.0,60399.99733122853,60402.0,48.99733122852922,48.99733122852922,0.0008111872326831,True
KNN,51,2023-10-24,2023-10-25,2508,60351.0,0.004987489851038,0.0001312059845504,0.0,60652.0,60358.918412373605,60351.0,-293.08158762639505,293.08158762639505,-0.0048562838664875,True
KNN,52,2023-10-25,2023-10-26,2509,60652.0,0.0013684627052694,0.0003604289276799,0.0,60735.0,60673.86073532164,60652.0,-61.139264678356994,61.139264678356994,-0.0010080337775894,True
KNN,53,2023-10-26,2023-10-27,2510,60735.0,0.0035728986581049,0.0006191890171702,0.0,60952.0,60772.60644495784,60735.0,-179.39355504215928,179.39355504215928,-0.0029537096409346,True
KNN,54,2023-10-27,2023-10-30,2511,60952.0,0.002050794067463,0.0002186790138063,0.0,61077.0,60965.32892324952,60952.0,-111.67107675047735,111.67107675047735,-0.0018321150536566,True
KNN,55,2023-10-30,2023-10-31,2512,61077.0,-0.0032418095191315,0.0003440188060784,0.0,60879.0,61098.01163661885,61077.0,219.0116366188522,219.0116366188522,0.0035858283252099,False
KNN,56,2023-10-31,2023-11-01,2513,60879.0,-0.0020039750981455,0.0005169003271838,0.0,60757.0,60910.46837501863,60879.0,153.46837501863047,153.46837501863047,0.0025208754253293,False
KNN,57,2023-11-01,2023-11-02,2514,60757.0,0.0007900324242473,0.0007165052864349,0.0,60805.0,60800.532711687934,60757.0,-4.467288312065648,4.467288312065648,-7.352713781231396e-05,True
KNN,58,2023-11-02,2023-11-03,2515,60805.0,0.0003947043828631,0.0001935694003157,0.0,60829.0,60816.76998738619,60805.0,-12.230012613807048,12.230012613807048,-0.0002011349825473,True
KNN,59,2023-11-03,2023-11-06,2516,60829.0,-0.0001808347991911,0.0004545410202298,0.0,60818.0,60856.64927571957,60829.0,38.6492757195665,38.6492757195665,0.0006353758194209,False
KNN,60,2023-11-06,2023-11-07,2517,60818.0,-0.0074484527606958,0.0002343477662591,0.0,60365.0,60832.25256244835,60818.0,467.2525624483533,467.2525624483533,0.0076828005269549,False
KNN,61,2023-11-07,2023-11-08,2518,60365.0,-0.005334216847511,0.0006407766939082,0.0,60043.0,60403.68048512777,60365.0,360.6804851277702,360.6804851277702,0.0059749935414192,False
KNN,62,2023-11-08,2023-11-09,2519,60043.0,0.003797278616991,0.0004581285641706,0.0,60271.0,60070.5074133785,60043.0,-200.49258662149805,200.49258662149805,-0.0033391500528203,True
KNN,63,2023-11-09,2023-11-10,2520,60271.0,-0.0095236515073584,0.0002531688908639,0.0,59697.0,60286.25874222127,60271.0,589.2587422212673,589.2587422212673,0.0097768203982223,False
KNN,64,2023-11-10,2023-11-12,2521,59697.0,0.0014741109268472,0.0006807932198426,0.0,59785.0,59737.64131284495,59697.0,-47.358687155050575,47.358687155050575,-0.0007933177070045,True
KNN,65,2023-11-12,2023-11-13,2522,59785.0,0.0009868696161243,0.0002219986609474,0.0,59844.0,59798.272189944735,59785.0,-45.72781005526485,45.72781005526485,-0.0007648709551768,True
KNN,66,2023-11-13,2023-11-14,2523,59844.0,0.0039937169975268,0.0003427485804841,0.0,60083.0,59864.51144605049,59844.0,-218.4885539495081,218.4885539495081,-0.0036509684170426,True
KNN,67,2023-11-14,2023-11-15,2524,60083.0,0.0006158147895412,0.0005207010211336,0.0,60120.0,60114.28527945277,60083.0,-5.714720547228353,5.714720547228353,-9.511376840752832e-05,True
KNN,68,2023-11-15,2023-11-16,2525,60120.0,0.0088822355289421,0.0001316095993348,0.0,60654.0,60127.91236911201,60120.0,-526.0876308879888,526.0876308879888,-0.0087506259296072,True
KNN,69,2023-11-16,2023-11-17,2526,60654.0,0.0003956870115737,0.0004496288967383,0.0,60678.0,60681.27179110277,60654.0,3.271791102772113,3.271791102772113,5.394188516466818e-05,True
KNN,70,2023-11-17,2023-11-20,2527,60678.0,-0.0003460891921289,0.0001801229585374,0.0,60657.0,60688.92950087813,60678.0,31.92950087813369,31.92950087813369,0.0005262121506663,False
KNN,71,2023-11-20,2023-11-21,2528,60657.0,0.0091498095850437,0.0002866820278159,0.0,61212.0,60674.38927176123,60657.0,-537.6107282387675,537.6107282387675,-0.0088631275572277,True
KNN,72,2023-11-21,2023-11-22,2529,61212.0,-0.0024014899039404,0.000297135221469,0.0,61065.0,61230.18824117657,61212.0,165.18824117656914,165.18824117656914,0.0026986251254094,False
KNN,73,2023-11-22,2023-11-23,2530,61065.0,0.0004585277982478,0.0005061145302931,0.0,61093.0,61095.90588379235,61065.0,2.905883792351233,2.905883792351233,4.758673204537122e-05,True
KNN,74,2023-11-23,2023-11-24,2531,61093.0,0.0042394382335129,0.0005028761657737,0.0,61352.0,61123.72221359561,61093.0,-228.2777864043892,228.2777864043892,-0.0037365620677391,True
KNN,75,2023-11-24,2023-11-27,2532,61352.0,0.0033413743643238,0.0003229922958267,0.0,61557.0,61371.81622333356,61352.0,-185.18377666643937,185.18377666643937,-0.003018382068497,True
KNN,76,2023-11-27,2023-11-28,2533,61557.0,0.0138408304498269,0.0005411908596336,0.0,62409.0,61590.31408574646,61557.0,-818.6859142535395,818.6859142535395,-0.0132996395901932,True
KNN,77,2023-11-28,2023-11-29,2534,62409.0,0.0009774231280745,0.0002317987137674,0.0,62470.0,62423.46632592751,62409.0,-46.53367407248879,46.53367407248879,-0.000745624414307,True
KNN,78,2023-11-29,2023-11-30,2535,62470.0,0.0027052985433007,0.0004370233095401,0.0,62639.0,62497.30084614697,62470.0,-141.69915385302738,141.69915385302738,-0.0022682752337605,True
KNN,79,2023-11-30,2023-12-01,2536,62639.0,0.0037835853062788,0.0001032336570714,0.0,62876.0,62645.4664530453,62639.0,-230.53354695469895,230.53354695469895,-0.0036803516492073,True
KNN,80,2023-12-01,2023-12-04,2537,62876.0,-0.0091290794579808,0.0007663516462508,0.0,62302.0,62924.18512610967,62876.0,622.1851261096672,622.1851261096672,0.0098954311042316,False
KNN,81,2023-12-04,2023-12-05,2538,62302.0,0.0047831530287951,0.0003557182188801,0.0,62600.0,62324.16195647268,62302.0,-275.83804352732113,275.83804352732113,-0.0044274348099149,True
KNN,82,2023-12-05,2023-12-06,2539,62600.0,-0.0052875399361022,0.0006326072543796,0.0,62269.0,62639.601214124166,62600.0,370.6012141241663,370.6012141241663,0.0059201471904818,False
KNN,83,2023-12-06,2023-12-07,2540,62269.0,0.0003372464629269,0.000119967986762,0.0,62290.0,62276.47028656769,62269.0,-13.529713432311835,13.529713432311835,-0.0002172784761648,True
KNN,84,2023-12-07,2023-12-08,2541,62290.0,-0.0111253812811045,0.0002991574749802,0.0,61597.0,62308.63451911652,62290.0,711.6345191165165,711.6345191165165,0.0114245387560847,False
KNN,85,2023-12-08,2023-12-11,2542,61597.0,-0.0099193142523175,0.000666073668063,0.0,60986.0,61638.02813973168,61597.0,652.0281397316794,652.0281397316794,0.0105853879203805,False
KNN,86,2023-12-11,2023-12-12,2543,60986.0,-3.2794411832237635e-05,0.0006710705305902,0.0,60984.0,61026.92590737858,60986.0,42.92590737857972,42.92590737857972,0.0007038649424225,False
KNN,87,2023-12-12,2023-12-13,2544,60984.0,0.0001311819493636,0.0005794775687835,0.0,60992.0,61019.3388600547,60984.0,27.33886005469685,27.33886005469685,0.0004482956194199,True
KNN,88,2023-12-13,2023-12-14,2545,60992.0,0.0202813483735571,0.0003638165640788,0.0,62229.0,61014.1898998763,60992.0,-1214.810100123701,1214.810100123701,-0.0199175318094782,True
KNN,89,2023-12-14,2023-12-15,2546,62229.0,-0.0038245833935945,-0.0001040556039816,0.0,61991.0,62222.52472381983,62229.0,231.52472381982807,231.52472381982807,0.0037205277896128,True
KNN,90,2023-12-15,2023-12-18,2547,61991.0,0.0010646706780017,6.818755383160249e-07,0.0,62057.0,61991.04227014649,61991.0,-65.95772985350777,65.95772985350777,-0.0010639888024633,True
KNN,91,2023-12-18,2023-12-19,2548,62057.0,0.0024815895064214,0.000245560518375,0.0,62211.0,62072.23874908881,62057.0,-138.7612509111932,138.7612509111932,-0.0022360289880463,True
KNN,92,2023-12-19,2023-12-20,2549,62211.0,-0.0009644596614746,0.0004830547480321,0.0,62151.0,62241.05131892983,62211.0,90.051318929829,90.051318929829,0.0014475144095067,False
KNN,93,2023-12-20,2023-12-21,2550,62151.0,0.0017055236440282,0.0004441878677859,0.0,62257.0,62178.60672017076,62151.0,-78.39327982923714,78.39327982923714,-0.0012613357762422,True
KNN,94,2023-12-21,2023-12-22,2551,62257.0,0.0064249803234976,0.0003634144109824,0.0,62657.0,62279.62509098454,62257.0,-377.3749090154597,377.3749090154597,-0.0060615659125151,True
KNN,95,2023-12-22,2023-12-26,2552,62657.0,0.0010373940661059,0.0003236665687929,0.0,62722.0,62677.27997620086,62657.0,-44.72002379914193,44.72002379914193,-0.0007137274973129,True
KNN,96,2023-12-26,2023-12-27,2553,62722.0,0.0090877204170785,0.0003050912727438,0.0,63292.0,62741.13593480904,62722.0,-550.8640651909664,550.8640651909664,-0.0087826291443346,True
KNN,97,2023-12-27,2023-12-28,2554,63292.0,-0.0027333628262655,0.0002981342084599,0.0,63119.0,63310.86951032185,63292.0,191.8695103218488,191.8695103218488,0.0030314970347254,False
KNN,98,2023-12-28,2023-12-29,2555,63119.0,-0.0026141098559863,0.0003943494014082,0.0,62954.0,63143.89093986749,63119.0,189.89093986748776,189.89093986748776,0.0030084592573945,False
KNN,99,2023-12-29,2024-01-01,2556,62954.0,0.0007465768656478,0.0005450802693547,0.0,63001.0,62988.31498327696,62954.0,-12.6850167230441,12.6850167230441,-0.000201496596293,True
KNN,100,2024-01-01,2024-01-02,2557,63001.0,0.0006031650291264,0.0004160954321331,0.0,63039.0,63027.21442831981,63001.0,-11.785571680185967,11.785571680185967,-0.0001870695969932,True
KNN,101,2024-01-02,2024-01-03,2558,63039.0,-0.0118180808705722,0.0004867198798125,0.0,62294.0,63069.68233450351,63039.0,775.6823345035082,775.6823345035082,0.0123048007503847,False
KNN,102,2024-01-03,2024-01-04,2559,62294.0,0.002407936558898,0.0008247200402681,0.0,62444.0,62345.37511018847,62294.0,-98.62488981153,98.62488981153,-0.0015832165186298,True
KNN,103,2024-01-04,2024-01-05,2560,62444.0,0.0029306258407533,0.0002549977217471,0.0,62627.0,62459.92307773679,62444.0,-167.07692226321524,167.07692226321524,-0.0026756281190061,True
KNN,104,2024-01-05,2024-01-08,2561,62627.0,-0.0077761987641112,0.000683221422428,0.0,62140.0,62669.7881080224,62627.0,529.788108022396,529.788108022396,0.0084594201865392,False
KNN,105,2024-01-08,2024-01-09,2562,62140.0,0.0011425812681042,0.0006552490836337,0.0,62211.0,62180.717178057006,62140.0,-30.282821942993905,30.282821942993905,-0.0004873321844704,True
KNN,106,2024-01-09,2024-01-10,2563,62211.0,-0.002636189741364,0.0002291516445359,0.0,62047.0,62225.25575295824,62211.0,178.25575295823364,178.25575295823364,0.0028653413858999,False
KNN,107,2024-01-10,2024-01-11,2564,62047.0,-0.0034973487839863,0.0006052636339498,0.0,61830.0,62084.55479269569,62047.0,254.5547926956933,254.5547926956933,0.0041026124179362,False
KNN,108,2024-01-11,2024-01-12,2565,61830.0,0.0087659712113861,0.0006361932733946,0.0,62372.0,61869.335830094,61830.0,-502.6641699060056,502.6641699060056,-0.0081297779379914,True
KNN,109,2024-01-12,2024-01-15,2566,62372.0,0.0031264028730839,0.0001478373810157,0.0,62567.0,62381.22091312872,62372.0,-185.77908687128365,185.77908687128365,-0.0029785654920681,True
KNN,110,2024-01-15,2024-01-16,2567,62567.0,-0.0080233989163616,0.0001898519654865,0.0,62065.0,62578.8784679246,62567.0,513.8784679246019,513.8784679246019,0.0082132508818481,False
KNN,111,2024-01-16,2024-01-17,2568,62065.0,-0.008120518810924,0.0004497024760264,0.0,61561.0,62092.91078417458,62065.0,531.910784174579,531.910784174579,0.0085702212869504,False
KNN,112,2024-01-17,2024-01-18,2569,61561.0,0.0037361316417861,0.0005509402549282,0.0,61791.0,61594.91643303364,61561.0,-196.08356696636477,196.08356696636477,-0.0031851913868578,True
KNN,113,2024-01-18,2024-01-19,2570,61791.0,0.0037222249194865,0.0005337757824251,0.0,62021.0,61823.98253937183,61791.0,-197.01746062817256,197.01746062817256,-0.0031884491370613,True
KNN,114,2024-01-19,2024-01-22,2571,62021.0,-0.0021444349494526,0.0003052212302772,0.0,61888.0,62039.93012592302,62021.0,151.93012592301966,151.93012592301966,0.0024496561797298,False
KNN,115,2024-01-22,2024-01-23,2572,61888.0,0.0018581954498448,0.0004589488757969,0.0,62003.0,61916.40342802532,61888.0,-86.59657197468186,86.59657197468186,-0.0013992465740478,True
KNN,116,2024-01-23,2024-01-24,2573,62003.0,0.0011128493782559,0.0002625011293748,0.0,62072.0,62019.27585752463,62003.0,-52.72414247536653,52.72414247536653,-0.000850348248881,True
KNN,117,2024-01-24,2024-01-25,2574,62072.0,-0.0005799716458306,0.0006432116200769,0.0,62036.0,62111.92543168142,62072.0,75.92543168141856,75.92543168141856,0.0012231832659075,False
KNN,118,2024-01-25,2024-01-29,2575,62036.0,0.0031916951447545,0.0006289258242903,0.0,62234.0,62075.01604243568,62036.0,-158.98395756432,158.98395756432,-0.0025627693204641,True
KNN,119,2024-01-29,2024-01-30,2576,62234.0,0.0022013690265771,0.0003702694706546,0.0,62371.0,62257.04335023672,62234.0,-113.9566497632768,113.9566497632768,-0.0018310995559224,True
KNN,120,2024-01-30,2024-01-31,2577,62371.0,0.0079203475974412,0.0002165218691437,0.0,62865.0,62384.50468550036,62371.0,-480.4953144996398,480.4953144996398,-0.0077038257282974,True
KNN,121,2024-01-31,2024-02-01,2578,62865.0,0.0034041199395529,0.0005017059466714,0.0,63079.0,62896.5397443375,62865.0,-182.4602556625032,182.4602556625032,-0.0029024139928814,True
KNN,122,2024-02-01,2024-02-02,2579,63079.0,-0.0069753800789486,0.0003242097646799,0.0,62639.0,63099.45082774624,63079.0,460.4508277462373,460.4508277462373,0.0072995898436285,False
KNN,123,2024-02-02,2024-02-05,2580,62639.0,-0.0015485560114305,0.0004520601592572,0.0,62542.0,62667.31659631572,62639.0,125.31659631571527,125.31659631571527,0.0020006161706877,False
KNN,124,2024-02-05,2024-02-06,2581,62542.0,-0.0035176361485081,0.0008266953276252,0.0,62322.0,62593.70317918034,62542.0,271.70317918033834,271.70317918033834,0.0043443314761333,False
KNN,125,2024-02-06,2024-02-07,2582,62322.0,-0.0002727768685215,0.0007944427916775,0.0,62305.0,62371.51126366293,62322.0,66.51126366292738,66.51126366292738,0.001067219660199,False
KNN,126,2024-02-07,2024-02-08,2583,62305.0,-0.0013803065564561,0.0003393150557929,0.0,62219.0,62326.14102455117,62305.0,107.14102455117244,107.14102455117244,0.001719621612249,False
KNN,127,2024-02-08,2024-02-09,2584,62219.0,-0.001832237740883,0.0006627040847657,0.0,62105.0,62260.23278545004,62219.0,155.23278545003996,155.23278545003996,0.0024949418256487,False
KNN,128,2024-02-09,2024-02-12,2585,62105.0,-0.004009339022623,0.0007513064755599,0.0,61856.0,62151.65988866465,62105.0,295.6598886646534,295.6598886646534,0.0047606454981829,False
KNN,129,2024-02-12,2024-02-13,2586,61856.0,-0.0095221158820486,0.0005597327297622,0.0,61267.0,61890.62282773217,61856.0,623.6228277321716,623.6228277321716,0.0100818486118108,False
KNN,130,2024-02-13,2024-02-14,2587,61267.0,-0.0015832340411641,0.0005226094516167,0.0,61170.0,61299.01871327221,61267.0,129.01871327221306,129.01871327221306,0.0021058434927808,False
KNN,131,2024-02-14,2024-02-15,2588,61170.0,0.0022233120810855,0.0006399213091798,0.0,61306.0,61209.14398648254,61170.0,-96.856013517463,96.856013517463,-0.0015833907719056,True
KNN,132,2024-02-15,2024-02-16,2589,61306.0,0.0031318304896748,0.0002336159056401,0.0,61498.0,61320.32205671118,61306.0,-177.67794328882155,177.67794328882155,-0.0028982145840346,True
KNN,133,2024-02-16,2024-02-19,2590,61498.0,0.0023252788708576,0.0003695741948746,0.0,61641.0,61520.7280738364,61498.0,-120.27192616360117,120.27192616360117,-0.0019557046759829,True
KNN,134,2024-02-19,2024-02-20,2591,61641.0,0.0027416816729124,0.000534541526379,0.0,61810.0,61673.94967422754,61641.0,-136.0503257724631,136.0503257724631,-0.0022071401465333,True
KNN,135,2024-02-20,2024-02-21,2592,61810.0,-0.0010677883837566,0.0006543498358089,0.0,61744.0,61850.44536335135,61810.0,106.44536335134762,106.44536335134762,0.0017221382195655,False
KNN,136,2024-02-21,2024-02-22,2593,61744.0,-0.0013442601710287,0.000355274804283,0.0,61661.0,61765.93608751565,61744.0,104.93608751564898,104.93608751564898,0.0016995349753117,False
KNN,137,2024-02-22,2024-02-23,2594,61661.0,0.0040382089164949,0.0004958820468288,0.0,61910.0,61691.57658288951,61661.0,-218.42341711049085,218.42341711049085,-0.003542326869666,True
KNN,138,2024-02-23,2024-02-26,2595,61910.0,-0.0023259570344047,0.0005666384255477,0.0,61766.0,61945.08058492567,61910.0,179.08058492566488,179.08058492566488,0.0028925954599524,False
KNN,139,2024-02-26,2024-02-27,2596,61766.0,0.0011818799987048,0.0003371660655475,0.0,61839.0,61786.82539920461,61766.0,-52.1746007953916,52.1746007953916,-0.0008447139331572,True
KNN,140,2024-02-27,2024-02-28,2597,61839.0,-0.0007600381636184,0.000492841329936,0.0,61792.0,61869.47681500192,61839.0,77.47681500191538,77.47681500191538,0.0012528794935544,False
KNN,141,2024-02-28,2024-02-29,2598,61792.0,0.0081078456758156,0.0005005981597859,0.0,62293.0,61822.93296148949,61792.0,-470.06703851051134,470.06703851051134,-0.0076072475160296,True
KNN,142,2024-02-29,2024-03-01,2599,62293.0,0.0135167675340728,-0.0001238598488306,0.0,63135.0,62285.2843984368,62293.0,-849.7156015632063,849.7156015632063,-0.0136406273829034,False
KNN,143,2024-03-01,2024-03-04,2600,63135.0,0.0074443652490694,0.0001487849930722,0.0,63605.0,63144.39354053761,63135.0,-460.6064594623895,460.6064594623895,-0.0072955802559971,True
KNN,144,2024-03-04,2024-03-05,2601,63605.0,0.009244556245578,0.0002425845142354,0.0,64193.0,63620.42958802794,63605.0,-572.5704119720613,572.5704119720613,-0.0090019717313425,True
KNN,145,2024-03-05,2024-03-06,2602,64193.0,0.0132257411244216,0.0005225395168153,0.0,65042.0,64226.54337920293,64193.0,-815.4566207970711,815.4566207970711,-0.0127032016076062,True
KNN,146,2024-03-06,2024-03-07,2603,65042.0,0.0031364349189755,0.0002132561113712,0.0,65246.0,65055.870603995805,65042.0,-190.1293960041949,190.1293960041949,-0.0029231788076042,True
KNN,147,2024-03-07,2024-03-08,2604,65246.0,0.0092112926462923,0.0003506202628268,0.0,65847.0,65268.876569668406,65246.0,-578.1234303315941,578.1234303315941,-0.0088606723834654,True
KNN,148,2024-03-08,2024-03-11,2605,65847.0,0.0003796680182848,0.0002384184250481,0.0,65872.0,65862.69913803415,65847.0,-9.300861965850345,9.300861965850345,-0.0001412495932366,True
KNN,149,2024-03-11,2024-03-12,2606,65872.0,-0.008167354870051,0.0007620607894314,0.0,65334.0,65922.19846832143,65872.0,588.198468321425,588.198468321425,0.0089294156594825,False
KNN,150,2024-03-12,2024-03-13,2607,65334.0,0.005862185079744,0.0006066509788353,0.0,65717.0,65373.63493505123,65334.0,-343.3650649487681,343.3650649487681,-0.0052555341009086,True
KNN,151,2024-03-13,2024-03-14,2608,65717.0,-0.0042911271056195,0.0004770891675757,0.0,65435.0,65748.35286882558,65717.0,313.3528688255756,313.3528688255756,0.0047682162731952,False
KNN,152,2024-03-14,2024-03-15,2609,65435.0,-0.0010391992053182,0.0006272649811113,0.0,65367.0,65476.04508403903,65435.0,109.04508403902582,109.04508403902582,0.0016664641864295,False
KNN,153,2024-03-15,2024-03-18,2610,65367.0,0.0009484908287056,0.0008735687478246,0.0,65429.0,65424.10256833905,65367.0,-4.897431660952861,4.897431660952861,-7.492208088098523e-05,True
KNN,154,2024-03-18,2024-03-19,2611,65429.0,3.0567485365784464e-05,0.0004358248481912,0.0,65431.0,65457.51558399231,65429.0,26.515583992309985,26.515583992309985,0.0004052573628254,True
KNN,155,2024-03-19,2024-03-20,2612,65431.0,0.001910409438951,0.0005142389452277,0.0,65556.0,65464.6471684252,65431.0,-91.35283157480444,91.35283157480444,-0.0013961704937232,True
KNN,156,2024-03-20,2024-03-21,2613,65556.0,0.0058423332723167,0.000435153143133,0.0,65939.0,65584.52689945123,65556.0,-354.47310054877016,354.47310054877016,-0.0054071801291836,True
KNN,157,2024-03-21,2024-03-22,2614,65939.0,-0.003836879540181,0.0003670956218267,0.0,65686.0,65963.20591820763,65939.0,277.20591820763366,277.20591820763366,0.0042039751620077,False
KNN,158,2024-03-22,2024-03-25,2615,65686.0,0.0026794141826265,0.0006314057932074,0.0,65862.0,65727.47452093262,65686.0,-134.5254790673789,134.5254790673789,-0.002048008389419,True
KNN,159,2024-03-25,2024-03-26,2616,65862.0,0.0025052382253802,0.0003871082969517,0.0,66027.0,65887.49572665384,65862.0,-139.5042733461596,139.5042733461596,-0.0021181299284284,True
KNN,160,2024-03-26,2024-03-27,2617,66027.0,0.0040589455828676,0.0005874129383545,0.0,66295.0,66065.78511408073,66027.0,-229.21488591926757,229.21488591926757,-0.003471532644513,True
KNN,161,2024-03-27,2024-03-28,2618,66295.0,0.0195640696885135,0.0006717686507841,0.0,67592.0,66339.53490270374,66295.0,-1252.4650972962554,1252.4650972962554,-0.0188923010377293,True
KNN,162,2024-03-28,2024-04-01,2619,67592.0,0.0099272103207479,0.0002962131965556,0.0,68263.0,67612.02164238159,67592.0,-650.9783576184127,650.9783576184127,-0.0096309971241922,True
KNN,163,2024-04-01,2024-04-02,2620,68263.0,0.0078959319104052,0.0005230478377293,0.0,68802.0,68298.70481454692,68263.0,-503.29518545308383,503.29518545308383,-0.0073728840726758,True
KNN,164,2024-04-02,2024-04-03,2621,68802.0,0.0134153076945437,0.0008462742647794,0.0,69725.0,68860.22536196535,68802.0,-864.7746380346507,864.7746380346507,-0.0125690334297642,True
KNN,165,2024-04-03,2024-04-04,2622,69725.0,-0.0016206525636428,0.0007094214220423,0.0,69612.0,69774.46440865191,69725.0,162.46440865191107,162.46440865191107,0.0023300739856851,False
KNN,166,2024-04-04,2024-04-05,2623,69612.0,0.0156438545078434,0.0008763640188907,0.0,70701.0,69673.00545208302,69612.0,-1027.9945479169835,1027.9945479169835,-0.0147674904889526,True
KNN,167,2024-04-05,2024-04-08,2624,70701.0,-0.001329542722168,0.0005145137506215,0.0,70607.0,70737.37663668269,70701.0,130.37663668268942,130.37663668268942,0.0018440564727895,False
KNN,168,2024-04-08,2024-04-09,2625,70607.0,0.0074071975866416,0.0005950985159806,0.0,71130.0,70649.01812091784,70607.0,-480.9818790821592,480.9818790821592,-0.0068120990706609,True
KNN,169,2024-04-09,2024-04-10,2626,71130.0,-4.2176296921159206e-05,0.0007014424771949,0.0,71127.0,71179.89360340287,71130.0,52.89360340287385,52.89360340287385,0.0007436187741161,False
KNN,170,2024-04-10,2024-04-11,2627,71127.0,0.0054409717828671,0.0004561862675661,0.0,71514.0,71159.44716065317,71127.0,-354.55283934682666,354.55283934682666,-0.0049847855153009,True
KNN,171,2024-04-11,2024-04-12,2628,71514.0,0.0047962636686522,0.0008387460009659,0.0,71857.0,71573.98208151308,71514.0,-283.01791848691937,283.01791848691937,-0.0039575176676862,True
KNN,172,2024-04-12,2024-04-15,2629,71857.0,0.0065686015280348,0.0005392965163609,0.0,72329.0,71895.75222977615,71857.0,-433.2477702238539,433.2477702238539,-0.0060293050116738,True
KNN,173,2024-04-15,2024-04-16,2630,72329.0,0.0107840561876979,0.0002344818098164,0.0,73109.0,72345.95983482222,72329.0,-763.0401651777793,763.0401651777793,-0.0105495743778814,True
KNN,174,2024-04-16,2024-04-17,2631,73109.0,-0.0056627774966145,0.0004465070316417,0.0,72695.0,73141.6436825763,73109.0,446.64368257629394,446.64368257629394,0.0061092845282562,False
KNN,175,2024-04-17,2024-04-18,2632,72695.0,0.0044157094710777,0.0009474453581259,0.0,73016.0,72763.87454030897,72695.0,-252.1254596910294,252.1254596910294,-0.0034682641129517,True
KNN,176,2024-04-18,2024-04-19,2633,73016.0,0.0031499945217485,0.0006559161216419,0.0,73246.0,73063.8923715378,73016.0,-182.10762846219583,182.10762846219583,-0.0024940784001065,True
KNN,177,2024-04-19,2024-04-22,2634,73246.0,-0.0178849356961472,0.0006509413353203,0.0,71936.0,73293.67884904688,73246.0,1357.6788490468753,1357.6788490468753,0.0185358770314675,False
KNN,178,2024-04-22,2024-04-23,2635,71936.0,-0.004809830960854,0.0005038607922249,0.0,71590.0,71972.2457299495,71936.0,382.2457299495,382.2457299495,0.0053136917530789,False
KNN,179,2024-04-23,2024-04-24,2636,71590.0,0.0014247799972062,0.0004428532282927,0.0,71692.0,71621.70386261347,71590.0,-70.29613738652552,70.29613738652552,-0.0009819267689134,True
KNN,180,2024-04-24,2024-04-25,2637,71692.0,0.0004603024047313,0.0008593254810579,0.0,71725.0,71753.60676238801,71692.0,28.606762388008065,28.606762388008065,0.0003990230763266,True
KNN,181,2024-04-25,2024-04-26,2638,71725.0,0.0053258975252701,0.0007079400229887,0.0,72107.0,71775.77699814887,71725.0,-331.2230018511327,331.2230018511327,-0.0046179575022813,True
KNN,182,2024-04-26,2024-04-29,2639,72107.0,0.0019831639091905,0.00050482041424,0.0,72250.0,72143.4010856096,72107.0,-106.59891439040076,106.59891439040076,-0.0014783434949504,True
KNN,183,2024-04-29,2024-04-30,2640,72250.0,-0.0177301038062284,0.0006160416705157,0.0,70969.0,72294.50901069478,72250.0,1325.5090106947755,1325.5090106947755,0.0183461454767441,False
KNN,184,2024-04-30,2024-05-01,2641,70969.0,0.0042976510870944,0.000791807149667,0.0,71274.0,71025.19376160472,70969.0,-248.80623839527837,248.80623839527837,-0.0035058439374273,True
KNN,185,2024-05-01,2024-05-02,2642,71274.0,-0.0021747060639223,0.000827099123571,0.0,71119.0,71332.9506629334,71274.0,213.9506629334064,213.9506629334064,0.0030018051874933,False
KNN,186,2024-05-02,2024-05-03,2643,71119.0,-0.0017013737538491,0.0005816815474034,0.0,70998.0,71160.3686099698,71119.0,162.36860996979522,162.36860996979522,0.0022830553012525,False
KNN,187,2024-05-03,2024-05-06,2644,70998.0,0.0045494239274346,0.0007185121075776,0.0,71321.0,71049.0129226138,70998.0,-271.9870773862058,271.9870773862058,-0.0038309118198569,True
KNN,188,2024-05-06,2024-05-07,2645,71321.0,-0.0025939064230731,0.0005482812274635,0.0,71136.0,71360.10396542393,71321.0,224.10396542392849,224.10396542392849,0.0031421876505366,False
KNN,189,2024-05-07,2024-05-08,2646,71136.0,-9.840305892938606e-05,0.0007306358012748,0.0,71129.0,71187.97450835949,71136.0,58.974508359489846,58.974508359489846,0.0008290388602041,False
KNN,190,2024-05-08,2024-05-09,2647,71129.0,0.0064249462244654,0.0006364481992063,0.0,71586.0,71174.26992396134,71129.0,-411.730076038657,411.730076038657,-0.005788498025259,True
KNN,191,2024-05-09,2024-05-10,2648,71586.0,0.0140949347637806,0.0004579169688068,0.0,72595.0,71618.780444129,71586.0,-976.2195558709936,976.2195558709936,-0.0136370177949737,True
KNN,192,2024-05-10,2024-05-13,2649,72595.0,-0.0106894414215854,0.0003430517634346,0.0,71819.0,72619.90384276654,72595.0,800.9038427665364,800.9038427665364,0.01103249318502,False
KNN,193,2024-05-13,2024-05-14,2650,71819.0,0.0054860134504797,0.000782053189177,0.0,72213.0,71875.16627799351,71819.0,-337.8337220064859,337.8337220064859,-0.0047039602613026,True
KNN,194,2024-05-14,2024-05-15,2651,72213.0,0.0109121626299972,0.0006842779266785,0.0,73001.0,72262.41376191925,72213.0,-738.5862380807521,738.5862380807521,-0.0102278847033186,True
KNN,195,2024-05-15,2024-05-16,2652,73001.0,-0.0014383364611443,0.0004563837294773,0.0,72896.0,73034.31646863557,73001.0,138.31646863557398,138.31646863557398,0.0018947201906216,False
KNN,196,2024-05-16,2024-05-17,2653,72896.0,0.0095615671641791,0.0005851504726723,0.0,73593.0,72938.65512885593,72896.0,-654.3448711440724,654.3448711440724,-0.0089764166915067,True
KNN,197,2024-05-17,2024-05-20,2654,73593.0,0.0093758917288329,0.0004687110783037,0.0,74283.0,73627.49385438561,73593.0,-655.5061456143885,655.5061456143885,-0.0089071806505291,True
KNN,198,2024-05-20,2024-05-21,2655,74283.0,-0.0042136154974893,0.0005671347239388,0.0,73970.0,74325.12846869836,74283.0,355.1284686983563,355.1284686983563,0.0047807502214281,False
KNN,199,2024-05-21,2024-05-22,2656,73970.0,-0.012748411518183,0.0007061348445843,0.0,73027.0,74022.2327944539,73970.0,995.2327944538991,995.2327944538991,0.0134545463627673,False
KNN,200,2024-05-22,2024-05-23,2657,73027.0,-0.019102523724102,0.0007672281937951,0.0,71632.0,73083.02837330828,73027.0,1451.028373308276,1451.028373308276,0.0198697519178971,False
KNN,201,2024-05-23,2024-05-24,2658,71632.0,-0.003517980790708,0.0007988833172416,0.0,71380.0,71689.22560978065,71632.0,309.22560978065303,309.22560978065303,0.0043168641079496,False
KNN,202,2024-05-24,2024-05-27,2659,71380.0,0.0086999159428411,0.0006554804725434,0.0,72001.0,71426.78819613016,71380.0,-574.2118038698391,574.2118038698391,-0.0080444354702976,True
KNN,203,2024-05-27,2024-05-28,2660,72001.0,0.001999972222608,0.000509344439147,0.0,72145.0,72037.67330896303,72001.0,-107.32669103697116,107.32669103697116,-0.0014906277834609,True
KNN,204,2024-05-28,2024-05-29,2661,72145.0,-0.0021068681128283,0.0005316866974661,0.0,71993.0,72183.35853678868,72145.0,190.35853678868443,190.35853678868443,0.0026385548102944,False
KNN,205,2024-05-29,2024-05-30,2662,71993.0,-0.001958523745364,0.0008338858890968,0.0,71852.0,72053.03394681375,71993.0,201.0339468137536,201.0339468137536,0.0027924096344608,False
KNN,206,2024-05-30,2024-05-31,2663,71852.0,-0.0020737070645214,0.0008116594396576,0.0,71703.0,71910.31935405829,71852.0,207.319354058287,207.319354058287,0.002885366504179,False
KNN,207,2024-05-31,2024-06-03,2664,71703.0,0.0016038380541958,0.000561420060479,0.0,71818.0,71743.25550259653,71703.0,-74.74449740347336,74.74449740347336,-0.0010424179937167,True
KNN,208,2024-06-03,2024-06-04,2665,71818.0,-0.0005012670918154,0.0007502447616384,0.0,71782.0,71871.88107829134,71818.0,89.88107829133514,89.88107829133514,0.0012515118534538,False
KNN,209,2024-06-04,2024-06-05,2666,71782.0,0.009793541556379,0.0007799951374951,0.0,72485.0,71837.98961095967,71782.0,-647.0103890403261,647.0103890403261,-0.0090135464188838,True
KNN,210,2024-06-05,2024-06-06,2667,72485.0,0.0065944678209284,0.000680572611526,0.0,72963.0,72534.33130574645,72485.0,-428.66869425354525,428.66869425354525,-0.0059138952094023,True
KNN,211,2024-06-06,2024-06-07,2668,72963.0,-0.0226827296026753,0.0005874486109177,0.0,71308.0,73005.8620129984,72963.0,1697.862012998405,1697.862012998405,0.023270178213593,False
KNN,212,2024-06-07,2024-06-10,2669,71308.0,-7.011835979131575e-05,0.0004865278559296,0.0,71303.0,71342.69332835062,71308.0,39.69332835062232,39.69332835062232,0.0005566462157209,False
KNN,213,2024-06-10,2024-06-11,2670,71303.0,0.0006030601797961,0.00084386809968,0.0,71346.0,71363.17032711148,71303.0,17.170327111482038,17.170327111482038,0.0002408079198839,True
KNN,214,2024-06-11,2024-06-12,2671,71346.0,0.0063072912286603,0.000654344530497,0.0,71796.0,71392.68486487283,71346.0,-403.3151351271663,403.3151351271663,-0.0056529466981632,True
KNN,215,2024-06-12,2024-06-13,2672,71796.0,-0.0106691180567162,0.0004430626106109,0.0,71030.0,71827.81012319142,71796.0,797.8101231914188,797.8101231914188,0.0111121806673271,False
KNN,216,2024-06-13,2024-06-14,2673,71030.0,0.0093059270730677,0.0006646077809541,0.0,71691.0,71077.20709068119,71030.0,-613.792909318814,613.792909318814,-0.0086413192921135,True
KNN,217,2024-06-14,2024-06-17,2674,71691.0,-0.0056631934273478,0.0003450163738599,0.0,71285.0,71715.7345688584,71691.0,430.7345688584028,430.7345688584028,0.0060082098012077,False
KNN,218,2024-06-17,2024-06-18,2675,71285.0,0.0030581468752191,0.0006625388487917,0.0,71503.0,71332.22908183612,71285.0,-170.77091816387838,170.77091816387838,-0.0023956080264273,True
KNN,219,2024-06-18,2024-06-19,2676,71503.0,0.000223766834958,0.0007365704200019,0.0,71519.0,71555.6669947414,71503.0,36.66699474140478,36.66699474140478,0.0005128035850439,True
KNN,220,2024-06-19,2024-06-20,2677,71519.0,0.010332918525147,0.000524616253846,0.0,72258.0,71556.52002985882,71519.0,-701.479970141183,701.479970141183,-0.0098083022713009,True
KNN,221,2024-06-20,2024-06-21,2678,72258.0,-0.0114727781006946,0.0004217276211351,0.0,71429.0,72288.47319444799,72258.0,859.4731944479863,859.4731944479863,0.0118945057218297,False
KNN,222,2024-06-21,2024-06-24,2679,71429.0,0.0011619930280417,0.0007995165699984,0.0,71512.0,71486.10866907841,71429.0,-25.891330921585904,25.891330921585904,-0.0003624764580432,True
KNN,223,2024-06-24,2024-06-25,2680,71512.0,-0.0043489204609016,0.0007238125358121,0.0,71201.0,71563.76128206101,71512.0,362.7612820610084,362.7612820610084,0.0050727329967137,False
KNN,224,2024-06-25,2024-06-26,2681,71201.0,-0.0039606185306385,0.0007468579684121,0.0,70919.0,71254.17703420891,71201.0,335.17703420891485,335.17703420891485,0.0047074764990506,False
KNN,225,2024-06-26,2024-06-27,2682,70919.0,0.0054146279558369,0.0006045490288311,0.0,71303.0,70961.87401257567,70919.0,-341.125987424326,341.125987424326,-0.0048100789270057,True
KNN,226,2024-06-27,2024-06-28,2683,71303.0,-0.0003926903496346,0.0006455845249209,0.0,71275.0,71349.03211338044,71303.0,74.03211338043911,74.03211338043911,0.0010382748745555,False
KNN,227,2024-06-28,2024-07-01,2684,71275.0,0.0007576289021395,0.0004740324846611,0.0,71329.0,71308.78666534423,71275.0,-20.21333465576754,20.21333465576754,-0.0002835964174783,True
KNN,228,2024-07-01,2024-07-02,2685,71329.0,0.0003925472108119,0.0007408032444227,0.0,71357.0,71381.84075462143,71329.0,24.84075462142937,24.84075462142937,0.0003482560336108,True
KNN,229,2024-07-02,2024-07-03,2686,71357.0,0.0112532757823338,0.0008611348618992,0.0,72160.0,71418.44800034055,71357.0,-741.5519996594521,741.5519996594521,-0.0103921409204345,True
KNN,230,2024-07-03,2024-07-04,2687,72160.0,-0.0001247228381374,0.0005114766611432,0.0,72151.0,72196.90815586809,72160.0,45.90815586809185,45.90815586809185,0.0006361994992806,False
KNN,231,2024-07-04,2024-07-05,2688,72151.0,0.015301243226012,0.000650615520169,0.0,73255.0,72197.94256039572,72151.0,-1057.0574396042794,1057.0574396042794,-0.0146506277058429,True
KNN,232,2024-07-05,2024-07-08,2689,73255.0,-0.0125998225377107,0.0005060752343866,0.0,72332.0,73292.072541295,73255.0,960.0725412949978,960.0725412949978,0.0131058977720973,False
KNN,233,2024-07-08,2024-07-09,2690,72332.0,0.0007327324005972,0.0006144003862443,0.0,72385.0,72376.44080873783,72332.0,-8.559191262174863,8.559191262174863,-0.0001183320143528,True
KNN,234,2024-07-09,2024-07-10,2691,72385.0,0.0033708641293086,0.0006999446433124,0.0,72629.0,72435.66549300618,72385.0,-193.3345069938223,193.3345069938223,-0.0026709194859961,True
KNN,235,2024-07-10,2024-07-11,2692,72629.0,0.0079307163805091,0.0007254234675746,0.0,73205.0,72681.68678102648,72629.0,-523.3132189735188,523.3132189735188,-0.0072052929129344,True
KNN,236,2024-07-11,2024-07-12,2693,73205.0,-0.0006283723789358,0.0006265694280751,0.0,73159.0,73250.86801498225,73205.0,91.86801498224668,91.86801498224668,0.0012549418070109,False
KNN,237,2024-07-12,2024-07-15,2694,73159.0,0.0020776664525212,0.0007464632718265,0.0,73311.0,73213.61050650357,73159.0,-97.38949349643372,97.38949349643372,-0.0013312031806946,True
KNN,238,2024-07-15,2024-07-16,2695,73311.0,0.0097393297049555,0.0007722894326548,0.0,74025.0,73367.61731059737,73311.0,-657.3826894026279,657.3826894026279,-0.0089670402723006,True
KNN,239,2024-07-16,2024-07-17,2696,74025.0,-0.0013644039175954,0.0006519593404782,0.0,73924.0,74073.2612901789,74025.0,149.26129017889616,149.26129017889616,0.0020163632580736,False
KNN,240,2024-07-17,2024-07-18,2697,73924.0,0.0005546236675504,0.0006508939572646,0.0,73965.0,73972.11668489684,73924.0,7.116684896842344,7.116684896842344,9.627028971424032e-05,True
KNN,241,2024-07-18,2024-07-19,2698,73965.0,-0.0147772595146352,0.0006973964378319,0.0,72872.0,74016.58292752423,73965.0,1144.5829275242286,1144.5829275242286,0.0154746559524671,False
KNN,242,2024-07-19,2024-07-22,2699,72872.0,-0.0031699418157865,0.0007844488201652,0.0,72641.0,72929.16435442308,72872.0,288.1643544230756,288.1643544230756,0.0039543906359517,False
KNN,243,2024-07-22,2024-07-23,2700,72641.0,-0.0549689569251524,0.0007369251658061,0.0,68648.0,72694.53098096933,72641.0,4046.530980969328,4046.530980969328,0.0557058820909585,False
KNN,244,2024-07-23,2024-07-24,2701,68648.0,0.0055354853746649,-6.236484260888935e-05,0.0,69028.0,68643.71877828459,68648.0,-384.28122171541327,384.28122171541327,-0.0055978502172737,False
KNN,245,2024-07-24,2024-07-25,2702,69028.0,-0.0222663267080025,0.0001215515835349,0.0,67491.0,69036.39046270825,69028.0,1545.390462708252,1545.390462708252,0.0223878782915374,False
KNN,246,2024-07-25,2024-07-26,2703,67491.0,0.0101050510438429,8.037764858490016e-05,0.0,68173.0,67496.42476788064,67491.0,-676.5752321193577,676.5752321193577,-0.010024673395258,True
KNN,247,2024-07-26,2024-07-29,2704,68173.0,0.0004840626054303,-7.75908487950727e-05,0.0,68206.0,68167.7103990651,68173.0,-38.28960093490605,38.28960093490605,-0.0005616534542253,False
KNN,248,2024-07-29,2024-07-30,2705,68206.0,0.0060258628273173,-5.573356287476329e-05,0.0,68617.0,68202.19863661056,68206.0,-414.8013633894443,414.8013633894443,-0.006081596390192,False
KNN,249,2024-07-30,2024-07-31,2706,68617.0,0.0067913199352929,0.0001813892661641,0.0,69083.0,68629.44638727639,68617.0,-453.5536127236119,453.5536127236119,-0.0066099306691287,True
KNN,250,2024-07-31,2024-08-01,2707,69083.0,0.00476238727328,0.0002616743674752,0.0,69412.0,69101.0772503283,69083.0,-310.9227496717067,310.9227496717067,-0.0045007129058047,True
KNN,251,2024-08-01,2024-08-02,2708,69412.0,-0.0004466086555638,0.0002022941449335,0.0,69381.0,69426.04164118813,69412.0,45.0416411881306,45.0416411881306,0.0006489028004973,False
KNN,252,2024-08-02,2024-08-05,2709,69381.0,-0.0106657442239229,0.0002067073720373,0.0,68641.0,69395.34156417933,69381.0,754.3415641793254,754.3415641793254,0.0108724515959602,False
KNN,253,2024-08-05,2024-08-06,2710,68641.0,0.0014714237846185,0.0005504976917039,0.0,68742.0,68678.78671205624,68641.0,-63.21328794375586,63.21328794375586,-0.0009209260929145,True
KNN,254,2024-08-06,2024-08-07,2711,68742.0,0.0001454714730442,0.000278132116664,0.0,68752.0,68761.11935796372,68742.0,9.119357963718356,9.119357963718356,0.0001326606436198,True
KNN,255,2024-08-07,2024-08-08,2712,68752.0,0.0093670002327204,0.0002814354631399,0.0,69396.0,68771.3492509618,68752.0,-624.6507490382064,624.6507490382064,-0.0090855647695804,True
KNN,256,2024-08-08,2024-08-09,2713,69396.0,0.002997290910139,0.0004926164741963,0.0,69604.0,69430.18561284333,69396.0,-173.81438715667173,173.81438715667173,-0.0025046744359426,True
KNN,257,2024-08-09,2024-08-12,2714,69604.0,0.0107752428021377,0.0004097621443952,0.0,70354.0,69632.52108429848,69604.0,-721.4789157015184,721.4789157015184,-0.0103654806577424,True
KNN,258,2024-08-12,2024-08-13,2715,70354.0,2.842766580446465e-05,0.0002480430218272,0.0,70356.0,70371.45081875763,70354.0,15.45081875762844,15.45081875762844,0.0002196153560227,True
KNN,259,2024-08-13,2024-08-14,2716,70356.0,-0.0068508727045312,0.0002644020700442,0.0,69874.0,70374.60227204004,70356.0,500.602272040036,500.602272040036,0.0071152747745754,False
KNN,260,2024-08-14,2024-08-16,2717,69874.0,0.0152274093368063,0.000236702111017,0.0,70938.0,69890.5393233052,69874.0,-1047.4606766947982,1047.4606766947982,-0.0149907072257892,True
KNN,261,2024-08-16,2024-08-19,2718,70938.0,0.0028193633877471,7.980291973648136e-05,0.0,71138.0,70943.66105952027,70938.0,-194.33894047973445,194.33894047973445,-0.0027395604680106,True
KNN,262,2024-08-19,2024-08-20,2719,71138.0,0.0028395512946666,0.0003913361541997,0.0,71340.0,71165.83887133747,71138.0,-174.1611286625266,174.1611286625266,-0.0024482151404668,True
KNN,263,2024-08-20,2024-08-21,2720,71340.0,0.0009391645640595,0.0002557886909029,0.0,71407.0,71358.24796520901,71340.0,-48.75203479098855,48.75203479098855,-0.0006833758731565,True
KNN,264,2024-08-21,2024-08-22,2721,71407.0,-0.0085565840883946,0.0002515011697434,0.0,70796.0,71424.95894402788,71407.0,628.9589440278796,628.9589440278796,0.008808085258138,False
KNN,265,2024-08-22,2024-08-23,2722,70796.0,0.0070484208147352,0.0002296016581958,0.0,71295.0,70812.25487899363,70796.0,-482.74512100637367,482.74512100637367,-0.0068188191565393,True
KNN,266,2024-08-23,2024-08-26,2723,71295.0,0.0028753769549056,0.0002872303071607,0.0,71500.0,71315.47808474903,71295.0,-184.52191525096717,184.52191525096717,-0.0025881466477448,True
KNN,267,2024-08-26,2024-08-27,2724,71500.0,0.0007132867132866,0.0001490341258711,0.0,71551.0,71510.6559399998,71500.0,-40.34406000020681,40.34406000020681,-0.0005642525874154,True
KNN,268,2024-08-27,2024-08-28,2725,71551.0,-0.0031166580481055,0.000411655749213,0.0,71328.0,71580.45438051195,71551.0,252.4543805119465,252.4543805119465,0.0035283137973185,False
KNN,269,2024-08-28,2024-08-29,2726,71328.0,0.0047386720502466,0.000439831756467,0.0,71666.0,71359.37231952528,71328.0,-306.62768047471764,306.62768047471764,-0.0042988402937795,True
KNN,270,2024-08-29,2024-08-30,2727,71666.0,-0.0065721541595735,0.00044673832125,0.0,71195.0,71698.01594853071,71666.0,503.01594853070856,503.01594853070856,0.0070188924808235,False
KNN,271,2024-08-30,2024-09-02,2728,71195.0,0.0005337453472855,0.00047268238504,0.0,71233.0,71228.65262240292,71195.0,-4.347377597077866,4.347377597077866,-6.106296224546199e-05,True
KNN,272,2024-09-02,2024-09-03,2729,71233.0,-0.0059803742647368,0.0006107491164328,0.0,70807.0,71276.50549181087,71233.0,469.50549181086535,469.50549181086535,0.0065911233811696,False
KNN,273,2024-09-03,2024-09-04,2730,70807.0,0.0034742327735959,0.0006334366457226,0.0,71053.0,70851.85174857368,70807.0,-201.1482514263189,201.1482514263189,-0.0028407961278732,True
KNN,274,2024-09-04,2024-09-05,2731,71053.0,0.0117799389188353,0.0005032000330126,0.0,71890.0,71088.75387194565,71053.0,-801.2461280543503,801.2461280543503,-0.0112767388858226,True
KNN,275,2024-09-05,2024-09-06,2732,71890.0,-0.0066907775768535,0.0004584629331315,0.0,71409.0,71922.95890026283,71890.0,513.9589002628345,513.9589002628345,0.007149240509985,False
KNN,276,2024-09-06,2024-09-09,2733,71409.0,0.0022966292764217,0.0007115133700671,0.0,71573.0,71459.80845824312,71409.0,-113.19154175688163,113.19154175688163,-0.0015851159063545,True
KNN,277,2024-09-09,2024-09-10,2734,71573.0,0.0034649937825717,0.0007488903134465,0.0,71821.0,71626.60032640431,71573.0,-194.39967359568985,194.39967359568985,-0.0027161034691251,True
KNN,278,2024-09-10,2024-09-11,2735,71821.0,0.0007936397432506,0.0006221491799818,0.0,71878.0,71865.68337625547,71821.0,-12.316623744525714,12.316623744525714,-0.0001714905632687,True
KNN,279,2024-09-11,2024-09-12,2736,71878.0,0.011171707615682,0.0005305051479653,0.0,72681.0,71916.13164902545,71878.0,-764.868350974546,764.868350974546,-0.0106412024677166,True
KNN,280,2024-09-12,2024-09-13,2737,72681.0,0.0094385052489647,0.000493376816695,0.0,73367.0,72716.85912041421,72681.0,-650.140879585786,650.140879585786,-0.0089451284322696,True
KNN,281,2024-09-13,2024-09-16,2738,73367.0,0.000749655839819,0.0006706812745673,0.0,73422.0,73416.20587307119,73367.0,-5.794126928813057,5.794126928813057,-7.89745652516699e-05,True
KNN,282,2024-09-16,2024-09-17,2739,73422.0,-0.005447958377598,0.0006329084288942,0.0,73022.0,73468.46940266628,73422.0,446.4694026662765,446.4694026662765,0.0060808668064922,False
KNN,283,2024-09-17,2024-09-18,2740,73022.0,9.586152118545854e-05,0.0005393577133776,0.0,73029.0,73061.38497894627,73022.0,32.38497894626926,32.38497894626926,0.0004434961921922,True
KNN,284,2024-09-18,2024-09-19,2741,73029.0,0.0044913664434675,0.0006044338927871,0.0,73357.0,73073.14120275635,73029.0,-283.8587972436508,283.8587972436508,-0.0038869325506803,True
KNN,285,2024-09-19,2024-09-20,2742,73357.0,0.0084518178224299,0.0006045174112557,0.0,73977.0,73401.34558373748,73357.0,-575.6544162625214,575.6544162625214,-0.0078473004111741,True
KNN,286,2024-09-20,2024-09-23,2743,73977.0,0.0027846492828851,0.000640718651161,0.0,74183.0,74024.39844365694,73977.0,-158.60155634305556,158.60155634305556,-0.002143930631724,True
KNN,287,2024-09-23,2024-09-24,2744,74183.0,0.0094765647115915,0.0006271595138725,0.0,74886.0,74229.5245742176,74183.0,-656.4754257823952,656.4754257823952,-0.0088494051977189,True
KNN,288,2024-09-24,2024-09-25,2745,74886.0,0.0037523702694761,0.0006965269333336,0.0,75167.0,74938.16011592963,74886.0,-228.839884070374,228.839884070374,-0.0030558433361424,True
KNN,289,2024-09-25,2024-09-26,2746,75167.0,0.0022882381896311,0.000725590901152,0.0,75339.0,75221.5404912669,75167.0,-117.4595087330963,117.4595087330963,-0.001562647288479,True
KNN,290,2024-09-26,2024-09-27,2747,75339.0,-0.0061190087471296,0.0006793125581715,0.0,74878.0,75390.17872882007,75339.0,512.1787288200721,512.1787288200721,0.0067983213053011,False
KNN,291,2024-09-27,2024-09-30,2748,74878.0,-0.0004540719570501,0.0006681287472516,0.0,74844.0,74928.02814433671,74878.0,84.02814433671301,84.02814433671301,0.0011222007043017,False
KNN,292,2024-09-30,2024-10-01,2749,74844.0,0.0109026775693441,0.0006337028890842,0.0,75660.0,74891.42885903062,74844.0,-768.5711409693758,768.5711409693758,-0.0102689746802598,True
KNN,293,2024-10-01,2024-10-03,2750,75660.0,0.0022072429288924,0.0008709564535409,0.0,75827.0,75725.8965652749,75660.0,-101.10343472509705,101.10343472509705,-0.0013362864753514,True
KNN,294,2024-10-03,2024-10-04,2751,75827.0,-0.0008967781924644,0.0007894626386541,0.0,75759.0,75886.86258350124,75827.0,127.86258350123536,127.86258350123536,0.0016862408311185,False
KNN,295,2024-10-04,2024-10-07,2752,75759.0,-0.0013463746881559,0.000729780731187,0.0,75657.0,75814.287458414,75759.0,157.2874584139936,157.2874584139936,0.0020761554193429,False
KNN,296,2024-10-07,2024-10-08,2753,75657.0,-0.0113406558547126,0.0007927243408822,0.0,74799.0,75716.97514545813,75657.0,917.9751454581274,917.9751454581274,0.0121333801955948,False
KNN,297,2024-10-08,2024-10-09,2754,74799.0,-0.0038369496918407,0.0006743112753324,0.0,74512.0,74849.4378090836,74799.0,337.4378090835962,337.4378090835962,0.0045112609671731,False
KNN,298,2024-10-09,2024-10-10,2755,74512.0,0.0043214515782692,0.000701400162348,0.0,74834.0,74564.26272889688,74512.0,-269.7372711031203,269.7372711031203,-0.0036200514159211,True
KNN,299,2024-10-10,2024-10-11,2756,74834.0,0.0120800705561643,0.0007438289405309,0.0,75738.0,74889.6636949357,74834.0,-848.3363050642947,848.3363050642947,-0.0113362416156333,True
KNN,300,2024-10-11,2024-10-14,2757,75738.0,-0.0024426311758958,0.0007349497267486,0.0,75553.0,75793.66362240448,75738.0,240.6636224044778,240.6636224044778,0.0031775809026444,False
KNN,301,2024-10-14,2024-10-15,2758,75553.0,0.0037721864121875,0.0006878232400148,0.0,75838.0,75604.96710925284,75553.0,-233.03289074715576,233.03289074715576,-0.0030843631721726,True
KNN,302,2024-10-15,2024-10-16,2759,75838.0,0.0042854505656795,0.0007628577120764,0.0,76163.0,75895.85360316845,75838.0,-267.1463968315511,267.1463968315511,-0.003522592853603,True
KNN,303,2024-10-16,2024-10-17,2760,76163.0,0.0049499100613159,0.0007569572167882,0.0,76540.0,76220.65213250225,76163.0,-319.3478674977523,319.3478674977523,-0.0041929528445276,True
KNN,304,2024-10-17,2024-10-18,2761,76540.0,0.0080872746276456,0.000726016919612,0.0,77159.0,76595.5693350271,76540.0,-563.4306649728969,563.4306649728969,-0.0073612577080336,True
KNN,305,2024-10-18,2024-10-21,2762,77159.0,0.0045231275677497,0.0006265207312626,0.0,77508.0,77207.3417131035,77159.0,-300.6582868965052,300.6582868965052,-0.003896606836487,True
KNN,306,2024-10-21,2024-10-22,2763,77508.0,0.0094570883005624,0.0006184288810134,0.0,78241.0,77555.93318570958,77508.0,-685.0668142904178,685.0668142904178,-0.0088386594195489,True
KNN,307,2024-10-22,2024-10-23,2764,78241.0,-0.0097007962577165,0.0006646086296026,0.0,77482.0,78292.99964378875,78241.0,810.9996437887457,810.9996437887457,0.0103654048873191,False
KNN,308,2024-10-23,2024-10-24,2765,77482.0,0.0050334271185565,0.0007362462458566,0.0,77872.0,77539.04583162146,77482.0,-332.95416837853554,332.95416837853554,-0.0042971808726998,True
KNN,309,2024-10-24,2024-10-25,2766,77872.0,0.0017592973084035,0.0007532154416332,0.0,78009.0,77930.65439287086,77872.0,-78.3456071291439,78.3456071291439,-0.0010060818667702,True
KNN,310,2024-10-25,2024-10-28,2767,78009.0,0.0019228550551859,0.000783432483276,0.0,78159.0,78070.11478458789,78009.0,-88.8852154121123,88.8852154121123,-0.0011394225719098,True
KNN,311,2024-10-28,2024-10-29,2768,78159.0,0.0090328688954566,0.0007469835916361,0.0,78865.0,78217.3834905387,78159.0,-647.6165094612952,647.6165094612952,-0.0082858853038204,True
KNN,312,2024-10-29,2024-10-30,2769,78865.0,0.0049705192417421,0.0007282460198496,0.0,79257.0,78922.43312235545,78865.0,-334.56687764455273,334.56687764455273,-0.0042422732218924,True
KNN,313,2024-10-30,2024-10-31,2770,79257.0,-0.0117465965151343,0.0007873799139017,0.0,78326.0,79319.40536983611,79257.0,993.4053698361096,993.4053698361096,0.012533976429036,False
KNN,314,2024-10-31,2024-11-01,2771,78326.0,0.0064218777928146,0.0006943382309728,0.0,78829.0,78380.38473627917,78326.0,-448.6152637208288,448.6152637208288,-0.0057275395618417,True
KNN,315,2024-11-01,2024-11-04,2772,78829.0,-0.0054294739245709,0.0007855284506777,0.0,78401.0,78890.92242223847,78829.0,489.9224222384655,489.9224222384655,0.0062150023752486,False
KNN,316,2024-11-04,2024-11-05,2773,78401.0,0.0011351896021734,0.0007629358368714,0.0,78490.0,78460.81493254656,78401.0,-29.185067453436204,29.185067453436204,-0.0003722537653019,True
KNN,317,2024-11-05,2024-11-06,2774,78490.0,-0.0229455981653713,0.0007848217523701,0.0,76689.0,78551.60065934354,78490.0,1862.600659343545,1862.600659343545,0.0237304199177414,False
KNN,318,2024-11-06,2024-11-07,2775,76689.0,0.0090886567825894,0.0004487078440099,0.0,77386.0,76723.4109558493,76689.0,-662.5890441507072,662.5890441507072,-0.0086399489385794,True
KNN,319,2024-11-07,2024-11-08,2776,77386.0,-0.0017832682914221,0.0005798926670674,0.0,77248.0,77430.87557393368,77386.0,182.87557393367752,182.87557393367752,0.0023631609584895,False
KNN,320,2024-11-08,2024-11-11,2777,77248.0,-0.0241559652029825,0.0006776943663015,0.0,75382.0,77300.35053440806,77248.0,1918.3505344080625,1918.3505344080625,0.024833659569284,False
KNN,321,2024-11-11,2024-11-12,2778,75382.0,-0.0061553155925817,0.0004983639485851,0.0,74918.0,75419.56767117225,75382.0,501.5676711722481,501.5676711722481,0.0066536795411668,False
KNN,322,2024-11-12,2024-11-13,2779,74918.0,-0.0053925625350382,0.0003437451452606,0.0,74514.0,74943.75269879264,74918.0,429.7526987926394,429.7526987926394,0.0057363076802988,False
KNN,323,2024-11-13,2024-11-14,2780,74514.0,-0.0048715677590788,0.0005600519918949,0.0,74151.0,74555.73171412406,74514.0,404.7317141240637,404.7317141240637,0.0054316197509737,False
KNN,324,2024-11-14,2024-11-15,2781,74151.0,-0.0025083950317594,0.0003231705611645,0.0,73965.0,74174.96342028091,74151.0,209.9634202809102,209.9634202809102,0.0028315655929239,False
KNN,325,2024-11-15,2024-11-18,2782,73965.0,0.0145203812614074,0.0005816732404624,0.0,75039.0,74008.0234612308,73965.0,-1030.9765387692023,1030.9765387692023,-0.0139387080209449,True
KNN,326,2024-11-18,2024-11-19,2783,75039.0,0.006876424259385,0.0005911362233916,0.0,75555.0,75083.35827106709,75039.0,-471.6417289329111,471.6417289329111,-0.0062852880359933,True
KNN,327,2024-11-19,2024-11-20,2784,75555.0,0.0059956323208258,0.0006470807870882,0.0,76008.0,75603.89018886845,75555.0,-404.1098111315514,404.1098111315514,-0.0053485515337375,True
KNN,328,2024-11-20,2024-11-21,2785,76008.0,0.0089595832017681,0.0006786239160545,0.0,76689.0,76059.58084661147,76008.0,-629.4191533885314,629.4191533885314,-0.0082809592857135,True
KNN,329,2024-11-21,2024-11-22,2786,76689.0,0.0116053149734642,0.0007361795661759,0.0,77579.0,76745.45687475047,76689.0,-833.5431252495327,833.5431252495327,-0.0108691354072882,True
KNN,330,2024-11-22,2024-11-25,2787,77579.0,-0.0283839698887585,0.0007366924264507,0.0,75377.0,77636.15186175161,77579.0,2259.151861751612,2259.151861751612,0.0291206623152092,False
KNN,331,2024-11-25,2024-11-26,2788,75377.0,-0.0011143982912559,0.0006570050102918,0.0,75293.0,75426.52306666077,75377.0,133.52306666076765,133.52306666076765,0.0017714033015477,False
KNN,332,2024-11-26,2024-11-27,2789,75293.0,0.006574316337508,0.0005081260425204,0.0,75788.0,75331.25833411948,75293.0,-456.741665880516,456.741665880516,-0.0060661902949875,True
KNN,333,2024-11-27,2024-11-28,2790,75788.0,-0.000356256927218,0.0006485423747989,0.0,75761.0,75837.15172950126,75788.0,76.15172950125998,76.15172950125998,0.0010047993020169,False
KNN,334,2024-11-28,2024-11-29,2791,75761.0,0.0095563680521639,0.0005989660018972,0.0,76485.0,75806.37826326974,75761.0,-678.6217367302597,678.6217367302597,-0.0089574020502666,True
KNN,335,2024-11-29,2024-12-02,2792,76485.0,-0.0087598875596521,0.0006013997692151,0.0,75815.0,76530.99806134842,76485.0,715.9980613484222,715.9980613484222,0.0093612873288672,False
KNN,336,2024-12-02,2024-12-03,2793,75815.0,0.0015696102354414,0.0005855744888654,0.0,75934.0,75859.39532987334,75815.0,-74.6046701266605,74.6046701266605,-0.0009840357465759,True
KNN,337,2024-12-03,2024-12-04,2794,75934.0,0.0013432717886585,0.000516638221485,0.0,76036.0,75973.23040671024,75934.0,-62.76959328976227,62.76959328976227,-0.0008266335671734,True
KNN,338,2024-12-04,2024-12-05,2795,76036.0,0.0041690778052501,0.0004897281146879,0.0,76353.0,76073.23696692841,76036.0,-279.76303307159105,279.76303307159105,-0.0036793496905621,True
KNN,339,2024-12-05,2024-12-06,2796,76353.0,-0.0022003064712584,0.0006005248927663,0.0,76185.0,76398.85187713738,76353.0,213.85187713737832,213.85187713737832,0.0028008313640247,False
KNN,340,2024-12-06,2024-12-09,2797,76185.0,0.0106845179497276,0.0005194379923017,0.0,76999.0,76224.57338344351,76185.0,-774.4266165564914,774.4266165564914,-0.0101650799574258,True
KNN,341,2024-12-09,2024-12-10,2798,76999.0,0.0096884375121755,0.0008016042554858,0.0,77745.0,77060.72272606815,76999.0,-684.2772739318461,684.2772739318461,-0.0088868332566896,True
KNN,342,2024-12-10,2024-12-11,2799,77745.0,0.0069715094218276,0.0007780773991643,0.0,78287.0,77805.49162739803,77745.0,-481.5083726019657,481.5083726019657,-0.0061934320226632,True
KNN,343,2024-12-11,2024-12-12,2800,78287.0,-0.0113301058924214,0.000678609189998,0.0,77400.0,78340.12627765737,78287.0,940.1262776573712,940.1262776573712,0.0120087150824194,False
KNN,344,2024-12-12,2024-12-13,2801,77400.0,-0.0104392764857881,0.0006082712469898,0.0,76592.0,77447.08019451701,77400.0,855.0801945170097,855.0801945170097,0.0110475477327779,False
KNN,345,2024-12-13,2024-12-16,2802,76592.0,-0.0013839565489868,0.0003379023182726,0.0,76486.0,76617.88061436113,76592.0,131.88061436112912,131.88061436112912,0.0017218588672594,False
KNN,346,2024-12-16,2024-12-17,2803,76486.0,-0.0022487775540621,0.0005752019154824,0.0,76314.0,76529.9948937076,76486.0,215.99489370759693,215.99489370759693,0.0028239794695445,False
KNN,347,2024-12-17,2024-12-18,2804,76314.0,-0.002607647351731,0.0004720749401148,0.0,76115.0,76350.02592697993,76314.0,235.02592697992804,235.02592697992804,0.0030797222918458,False
KNN,348,2024-12-18,2024-12-19,2805,76115.0,-0.012139525717664,0.0003616892067279,0.0,75191.0,76142.5299739701,76115.0,951.5299739701004,951.5299739701004,0.0125012149243919,False
KNN,349,2024-12-19,2024-12-20,2806,75191.0,0.0079131810988017,0.0002623498737735,0.0,75786.0,75210.7263493589,75191.0,-575.273650641102,575.273650641102,-0.0076508312250281,True
KNN,350,2024-12-20,2024-12-23,2807,75786.0,-0.0036946137809094,0.0004888527340486,0.0,75506.0,75823.04819330262,75786.0,317.0481933026167,317.0481933026167,0.004183466514958,False
KNN,351,2024-12-23,2024-12-24,2808,75506.0,0.0007416629142054,0.0004124101125242,0.0,75562.0,75537.13943795626,75506.0,-24.86056204374472,24.86056204374472,-0.0003292528016811,True
KNN,352,2024-12-24,2024-12-26,2809,75562.0,0.0073052592572986,0.0004245924378289,0.0,76114.0,75594.08305378724,75562.0,-519.9169462127611,519.9169462127611,-0.0068806668194696,True
KNN,353,2024-12-26,2024-12-27,2810,76114.0,-0.004348740047823,0.0006426439289514,0.0,75783.0,76162.91420000822,76114.0,379.9142000082211,379.9142000082211,0.0049913839767744,False
KNN,354,2024-12-27,2024-12-30,2811,75783.0,-0.0035100220366045,0.0004322565400722,0.0,75517.0,75815.75769737629,75783.0,298.7576973762916,298.7576973762916,0.0039422785766767,False
KNN,355,2024-12-30,2024-12-31,2812,75517.0,0.0094680667929074,0.0003627387497377,0.0,76232.0,75544.39294216395,75517.0,-687.6070578360523,687.6070578360523,-0.0091053280431696,True
KNN,356,2024-12-31,2025-01-01,2813,76232.0,-0.0002361213138839,0.0006668619646532,0.0,76214.0,76282.83622128944,76232.0,68.83622128944262,68.83622128944262,0.0009029832785371,False
KNN,357,2025-01-01,2025-01-02,2814,76214.0,0.0083318025559608,0.0005506433679711,0.0,76849.0,76255.96673364655,76214.0,-593.03326635345,593.03326635345,-0.0077811591879896,True
KNN,358,2025-01-02,2025-01-03,2815,76849.0,-0.000468451118427,0.0006118326866033,0.0,76813.0,76896.01873013278,76849.0,83.01873013278237,83.01873013278237,0.0010802838050303,False
KNN,359,2025-01-03,2025-01-06,2816,76813.0,0.0043742595654381,0.0006265593772523,0.0,77149.0,76861.12790544488,76813.0,-287.87209455511766,287.87209455511766,-0.0037477001881857,True
KNN,360,2025-01-06,2025-01-07,2817,77149.0,0.0047311047453628,0.0005446971437376,0.0,77514.0,77191.02283994222,77149.0,-322.97716005778057,322.97716005778057,-0.0041864076016251,True
KNN,361,2025-01-07,2025-01-08,2818,77514.0,0.0028768996568362,0.000602473072622,0.0,77737.0,77560.70009775122,77514.0,-176.29990224877838,176.29990224877838,-0.0022744265842141,True
KNN,362,2025-01-08,2025-01-09,2819,77737.0,0.0042579466663237,0.0007192907333581,0.0,78068.0,77792.91550373906,77737.0,-275.0844962609408,275.0844962609408,-0.0035386559329655,True
KNN,363,2025-01-09,2025-01-10,2820,78068.0,0.0042270840805451,0.0005945393793036,0.0,78398.0,78114.41450026348,78068.0,-283.58549973652407,283.58549973652407,-0.0036325447012414,True
KNN,364,2025-01-10,2025-01-13,2821,78398.0,-0.0030485471568152,0.0006365464851689,0.0,78159.0,78447.90397134428,78398.0,288.9039713442762,288.9039713442762,0.0036850936419841,False
KNN,365,2025-01-13,2025-01-14,2822,78159.0,-0.000102355454906,0.0007211925314287,0.0,78151.0,78215.36768706395,78159.0,64.3676870639465,64.3676870639465,0.0008235479863347,False
KNN,366,2025-01-14,2025-01-15,2823,78151.0,0.006487440979642,0.0006142530219177,0.0,78658.0,78199.0044879159,78151.0,-458.9955120841041,458.9955120841041,-0.0058731879577242,True
KNN,367,2025-01-15,2025-01-16,2824,78658.0,0.0063820590404026,0.0008072390776016,0.0,79160.0,78721.495811366,78658.0,-438.5041886340041,438.5041886340041,-0.0055748199628009,True
KNN,368,2025-01-16,2025-01-17,2825,79160.0,-0.0019833249115714,0.0006409399319595,0.0,79003.0,79210.73680501392,79160.0,207.73680501391937,207.73680501391937,0.0026242648435309,False
KNN,369,2025-01-17,2025-01-20,2826,79003.0,-0.0059871144133767,0.0006532635953444,0.0,78530.0,79054.609783823,79003.0,524.6097838230053,524.6097838230053,0.0066403780087211,False
KNN,370,2025-01-20,2025-01-21,2827,78530.0,0.0082643575703553,0.000569771599687,0.0,79179.0,78574.74416372343,78530.0,-604.2558362765703,604.2558362765703,-0.0076945859706682,True
KNN,371,2025-01-21,2025-01-22,2828,79179.0,0.0044961416537212,0.0006579674884105,0.0,79535.0,79231.09720776486,79179.0,-303.9027922351379,303.9027922351379,-0.0038381741653106,True
KNN,372,2025-01-22,2025-01-23,2829,79535.0,0.0007418117809769,0.0006201546118774,0.0,79594.0,79584.32399705566,79535.0,-9.676002944339416,9.676002944339416,-0.0001216571690994,True
KNN,373,2025-01-23,2025-01-24,2830,79594.0,0.0043973163806316,0.0006681181642744,0.0,79944.0,79647.17819716726,79594.0,-296.8218028327392,296.8218028327392,-0.0037291982163571,True
KNN,374,2025-01-24,2025-01-27,2831,79944.0,-0.005428800160112,0.0005863788522806,0.0,79510.0,79990.87747096672,79944.0,480.8774709667196,480.8774709667196,0.0060151790123926,False
KNN,375,2025-01-27,2025-01-28,2832,79510.0,0.0082128034209534,0.0006944681068044,0.0,80163.0,79565.21715917203,79510.0,-597.7828408279747,597.7828408279747,-0.0075183353141489,True
KNN,376,2025-01-28,2025-01-29,2833,80163.0,0.001833763706448,0.0006272429693415,0.0,80310.0,80213.28167815134,80163.0,-96.71832184866072,96.71832184866072,-0.0012065207371064,True
KNN,377,2025-01-29,2025-01-30,2834,80310.0,0.015303200099614,0.0006833041590085,0.0,81539.0,80364.87615700996,80310.0,-1174.1238429900404,1174.1238429900404,-0.0146198959406054,True
KNN,378,2025-01-30,2025-01-31,2835,81539.0,0.0036424287764136,0.0008634916829248,0.0,81836.0,81609.40824833402,81539.0,-226.59175166598288,226.59175166598288,-0.0027789370934887,True
KNN,379,2025-01-31,2025-02-01,2836,81836.0,-0.0021139840656924,0.000807511166873,0.0,81663.0,81902.08348385223,81836.0,239.0834838522278,239.0834838522278,0.0029214952325654,False
KNN,380,2025-02-01,2025-02-03,2837,81663.0,0.0117801207401149,0.0006845034421003,0.0,82625.0,81718.89860459224,81663.0,-906.1013954077644,906.1013954077644,-0.0110956172980146,True
KNN,381,2025-02-03,2025-02-04,2838,82625.0,0.0064992435703479,0.0006553282419602,0.0,83162.0,82679.14649599195,82625.0,-482.853504008046,482.853504008046,-0.0058439153283876,True
KNN,382,2025-02-04,2025-02-05,2839,83162.0,0.0097881243837329,0.0008702631938692,0.0,83976.0,83234.37282772856,83162.0,-741.6271722714446,741.6271722714446,-0.0089178611898636,True
KNN,383,2025-02-05,2025-02-06,2840,83976.0,-0.001428979708488,0.0007199618852023,0.0,83856.0,84036.45951927175,83976.0,180.45951927175335,180.45951927175335,0.0021489415936903,False
KNN,384,2025-02-06,2025-02-07,2841,83856.0,0.0062249570692616,0.0008047833095003,0.0,84378.0,83923.48590920147,83856.0,-454.5140907985333,454.5140907985333,-0.0054201737597612,True
KNN,385,2025-02-07,2025-02-10,2842,84378.0,0.0110218303349214,0.0006839464758556,0.0,85308.0,84435.71003573976,84378.0,-872.2899642602424,872.2899642602424,-0.0103378838590657,True
KNN,386,2025-02-10,2025-02-11,2843,85308.0,-0.0022858348572232,0.0007820562792892,0.0,85113.0,85374.71565707361,85308.0,261.7156570736115,261.7156570736115,0.0030678911365124,False
KNN,387,2025-02-11,2025-02-12,2844,85113.0,-0.0010456686992585,0.0006077176886899,0.0,85024.0,85164.72467563745,85113.0,140.72467563745158,140.72467563745158,0.0016533863879484,False
KNN,388,2025-02-12,2025-02-13,2845,85024.0,0.0040459164471207,0.0008054926071642,0.0,85368.0,85092.48620343154,85024.0,-275.5137965684553,275.5137965684553,-0.0032404238399564,True
KNN,389,2025-02-13,2025-02-14,2846,85368.0,-0.0121474088651485,0.0009197705505815,0.0,84331.0,85446.51897236204,85368.0,1115.5189723620424,1115.5189723620424,0.01306717941573,False
KNN,390,2025-02-14,2025-02-17,2847,84331.0,0.0050752392358681,0.0008752412604371,0.0,84759.0,84404.80997073393,84331.0,-354.1900292660721,354.1900292660721,-0.0041999979754309,True
KNN,391,2025-02-17,2025-02-18,2848,84759.0,0.011597588456683,0.0007687017417213,0.0,85742.0,84824.15439092656,84759.0,-917.8456090734398,917.8456090734398,-0.0108288867149616,True
KNN,392,2025-02-18,2025-02-19,2849,85742.0,-0.0002682466002659,0.0008116434315436,0.0,85719.0,85811.59193110742,85742.0,92.5919311074249,92.5919311074249,0.0010798900318095,False
KNN,393,2025-02-19,2025-02-20,2850,85719.0,0.0012949287789172,0.0008536336177428,0.0,85830.0,85792.1726200793,85719.0,-37.82737992069451,37.82737992069451,-0.0004412951611743,True
KNN,394,2025-02-20,2025-02-21,2851,85830.0,-0.0004077828265175,0.0008326698922687,0.0,85795.0,85901.46805685342,85830.0,106.46805685342406,106.46805685342406,0.0012404527187862,False
KNN,395,2025-02-21,2025-02-24,2852,85795.0,0.0027390873594033,0.0008097149223038,0.0,86030.0,85864.46949175905,85795.0,-165.5305082409468,165.5305082409468,-0.0019293724370994,True
KNN,396,2025-02-24,2025-02-25,2853,86030.0,-0.0051261187957689,0.0007771231467893,0.0,85589.0,86096.85590431828,86030.0,507.8559043182759,507.8559043182759,0.0059032419425582,False
KNN,397,2025-02-25,2025-02-26,2854,85589.0,0.002897568612789,0.0007282188880842,0.0,85837.0,85651.32752641223,85589.0,-185.67247358776515,185.67247358776515,-0.0021693497247047,True
KNN,398,2025-02-26,2025-02-27,2855,85837.0,-0.0083180912660041,0.0008063617442774,0.0,85123.0,85906.21567304355,85837.0,783.2156730435527,783.2156730435527,0.0091244530102815,False
KNN,399,2025-02-27,2025-02-28,2856,85123.0,-0.0100325411463412,0.0007964477677081,0.0,84269.0,85190.79602333061,85123.0,921.7960233306076,921.7960233306076,0.0108289889140493,False
KNN,400,2025-02-28,2025-03-03,2857,84269.0,0.0128873013801042,0.000586312919806,0.0,85355.0,84318.40800343914,84269.0,-1036.5919965608628,1036.5919965608628,-0.0123009884602981,True
KNN,401,2025-03-03,2025-03-04,2858,85355.0,0.0076386854900123,0.0008517007903603,0.0,86007.0,85427.69692096121,85355.0,-579.3030790387857,579.3030790387857,-0.0067869846996519,True
KNN,402,2025-03-04,2025-03-05,2859,86007.0,-0.0018486867348006,0.0007675848546712,0.0,85848.0,86073.01767059571,86007.0,225.01767059571284,225.01767059571284,0.0026162715894718,False
KNN,403,2025-03-05,2025-03-06,2860,85848.0,0.0017938682322244,0.0007470914514534,0.0,86002.0,85912.13630692437,85848.0,-89.86369307563291,89.86369307563291,-0.0010467767807709,True
KNN,404,2025-03-06,2025-03-07,2861,86002.0,-0.0012325294760586,0.0007495615637982,0.0,85896.0,86066.46379360977,86002.0,170.46379360977153,170.46379360977153,0.0019820910398568,False
KNN,405,2025-03-07,2025-03-10,2862,85896.0,-0.005075905746484,0.0007339361793512,0.0,85460.0,85959.04218206156,85896.0,499.0421820615593,499.0421820615593,0.0058098419258352,False
KNN,406,2025-03-10,2025-03-11,2863,85460.0,0.0076410016381933,0.0006962265189419,0.0,86113.0,85519.49951830877,85460.0,-593.500481691226,593.500481691226,-0.0069447751192513,True
KNN,407,2025-03-11,2025-03-12,2864,86113.0,0.006363731376215,0.0008450438187927,0.0,86661.0,86185.7692583677,86113.0,-475.23074163230194,475.23074163230194,-0.0055186875574222,True
KNN,408,2025-03-12,2025-03-13,2865,86661.0,0.01192001015451,0.0008962733846388,0.0,87694.0,86738.67194778618,86661.0,-955.328052213823,955.328052213823,-0.0110237367698711,True
KNN,409,2025-03-13,2025-03-14,2866,87694.0,0.0026227564029466,0.0009322557570151,0.0,87924.0,87775.7532363557,87694.0,-148.24676364430343,148.24676364430343,-0.0016905006459314,True
KNN,410,2025-03-14,2025-03-17,2867,87924.0,0.0005914198626086,0.0008378133355577,0.0,87976.0,87997.66389971558,87924.0,21.66389971558237,21.66389971558237,0.0002463934729491,True
KNN,411,2025-03-17,2025-03-18,2868,87976.0,0.0077748476857324,0.0008981409774912,0.0,88660.0,88055.01485063578,87976.0,-604.98514936422,604.98514936422,-0.0068767067082411,True
KNN,412,2025-03-18,2025-03-19,2869,88660.0,-0.0010827881795624,0.0009046412557118,0.0,88564.0,88740.20549373141,88660.0,176.20549373140966,176.20549373140966,0.0019874294352742,False
KNN,413,2025-03-19,2025-03-20,2870,88564.0,0.0009258841064088,0.0008755879585583,0.0,88646.0,88641.54557196175,88564.0,-4.454428038254264,4.454428038254264,-5.0296147850497817e-05,True
KNN,414,2025-03-20,2025-03-21,2871,88646.0,-0.0097127901992193,0.000867959689023,0.0,87785.0,88722.94115459314,88646.0,937.9411545931362,937.9411545931362,0.0105807498882423,False
KNN,415,2025-03-21,2025-03-24,2872,87785.0,-0.0053767727971749,0.0008930220678474,0.0,87313.0,87863.39394222599,87785.0,550.3939422259864,550.3939422259864,0.0062697948650223,False
KNN,416,2025-03-24,2025-03-25,2873,87313.0,0.0028976212018829,0.0007325558892436,0.0,87566.0,87376.96165235754,87313.0,-189.0383476424613,189.0383476424613,-0.0021650653126392,True
KNN,417,2025-03-25,2025-03-26,2874,87566.0,-0.0006851974510654,0.0009158175797898,0.0,87506.0,87646.19448219187,87566.0,140.19448219187325,140.19448219187325,0.0016010150308552,False
KNN,418,2025-03-26,2025-03-27,2875,87506.0,0.008079445980847,0.0007866590032337,0.0,88213.0,87574.83738273697,87506.0,-638.1626172630349,638.1626172630349,-0.0072927869776132,True
KNN,419,2025-03-27,2025-03-28,2876,88213.0,0.0061895638964777,0.0008800951107098,0.0,88759.0,88290.63583000106,88213.0,-468.3641699989385,468.3641699989385,-0.0053094687857678,True
KNN,420,2025-03-28,2025-03-31,2877,88759.0,0.0155364526414223,0.0007641882207583,0.0,90138.0,88826.82858228628,88759.0,-1311.1714177137185,1311.1714177137185,-0.0147722644206639,True
KNN,421,2025-03-31,2025-04-01,2878,90138.0,0.0030065011426922,0.0009962885982927,0.0,90409.0,90227.80346167291,90138.0,-181.1965383270872,181.1965383270872,-0.0020102125443994,True
KNN,422,2025-04-01,2025-04-02,2879,90409.0,-0.0004977380570518,0.0008481233207717,0.0,90364.0,90485.67798130766,90409.0,121.67798130765732,121.67798130765732,0.0013458613778235,False
KNN,423,2025-04-02,2025-04-03,2880,90364.0,-0.0066508786684963,0.0008197166730757,0.0,89763.0,90438.0728774458,90364.0,675.0728774458112,675.0728774458112,0.007470595341572,False
KNN,424,2025-04-03,2025-04-04,2881,89763.0,-0.0203090360170671,0.0005591391153494,0.0,87940.0,89813.19000441111,89763.0,1873.1900044111096,1873.1900044111096,0.0208681751324165,False
KNN,425,2025-04-04,2025-04-07,2882,87940.0,-0.0127473277234477,0.0007758760128805,0.0,86819.0,88008.23053657272,87940.0,1189.2305365727225,1189.2305365727225,0.0135232037363282,False
KNN,426,2025-04-07,2025-04-08,2883,86819.0,0.0072564761169791,0.0003424229467872,0.0,87449.0,86848.72881781711,86819.0,-600.2711821828852,600.2711821828852,-0.0069140531701918,True
KNN,427,2025-04-08,2025-04-09,2884,87449.0,0.0233278825372502,0.0006855144732681,0.0,89489.0,87508.94755517281,87449.0,-1980.05244482719,1980.05244482719,-0.022642368063982,True
KNN,428,2025-04-09,2025-04-10,2885,89489.0,0.0241035211031523,0.0001596220184205,0.0,91646.0,89503.28441480643,89489.0,-2142.715585193568,2142.715585193568,-0.0239438990847317,True
KNN,429,2025-04-10,2025-04-11,2886,91646.0,0.0178294742814744,0.0006153542634477,0.0,93280.0,91702.39475682793,91646.0,-1577.6052431720746,1577.6052431720746,-0.0172141200180266,True
KNN,430,2025-04-11,2025-04-14,2887,93280.0,-0.0047705831903944,0.0002789764080659,0.0,92835.0,93306.0229193444,93280.0,471.0229193443956,471.0229193443956,0.0050495595984603,False
KNN,431,2025-04-14,2025-04-15,2888,92835.0,0.0025421446652662,0.000732232140163,0.0,93071.0,92902.97677073204,92835.0,-168.0232292679575,168.0232292679575,-0.0018099125251031,True
KNN,432,2025-04-15,2025-04-16,2889,93071.0,0.0224774634418885,0.0011095359996064,0.0,95163.0,93174.26562501938,93071.0,-1988.7343749806168,1988.7343749806168,-0.021367927442282,True
KNN,433,2025-04-16,2025-04-17,2890,95163.0,-0.0039826403118858,0.0006860390786043,0.0,94784.0,95228.28553683724,95163.0,444.28553683722566,444.28553683722566,0.0046686793904901,False
KNN,434,2025-04-17,2025-04-21,2891,94784.0,0.0212694125590817,0.0008525044112633,0.0,96800.0,94864.80377811716,94784.0,-1935.1962218828264,1935.1962218828264,-0.0204169081478183,True
KNN,435,2025-04-21,2025-04-22,2892,96800.0,0.002654958677686,0.000926116077669,0.0,97057.0,96889.64803631837,96800.0,-167.35196368163452,167.35196368163452,-0.0017288426000169,True
KNN,436,2025-04-22,2025-04-23,2893,97057.0,-0.0260362467416054,0.0004433912297654,0.0,94530.0,97100.03422258736,97057.0,2570.0342225873464,2570.0342225873464,0.0264796379713708,False
KNN,437,2025-04-23,2025-04-24,2894,94530.0,0.0135089389611764,0.0007874224800537,0.0,95807.0,94604.43504703949,94530.0,-1202.564952960529,1202.564952960529,-0.0127215164811226,True
KNN,438,2025-04-24,2025-04-25,2895,95807.0,-0.0076821109104763,0.0006612849816426,0.0,95071.0,95870.35573023625,95807.0,799.355730236246,799.355730236246,0.0083433958921189,False
KNN,439,2025-04-25,2025-04-28,2896,95071.0,0.0114440786359668,0.0009018486760611,0.0,96159.0,95156.7396554818,95071.0,-1002.2603445181884,1002.2603445181884,-0.0105422299599056,True
KNN,440,2025-04-28,2025-04-29,2897,96159.0,-0.0062396655539262,0.0010063687352794,0.0,95559.0,96255.77141121574,96159.0,696.771411215741,696.771411215741,0.0072460342892056,False
KNN,441,2025-04-29,2025-04-30,2898,95559.0,-0.0088008455509162,0.0012079180919878,0.0,94718.0,95674.42744495228,95559.0,956.4274449522782,956.4274449522782,0.010008763642904,False
KNN,442,2025-04-30,2025-05-01,2899,94718.0,-0.024662682911379,0.0006737559164825,0.0,92382.0,94781.81681289738,94718.0,2399.816812897377,2399.816812897377,0.0253364388278615,False
KNN,443,2025-05-01,2025-05-02,2900,92382.0,0.0033556320495333,0.0009024948614838,0.0,92692.0,92465.37428029362,92382.0,-226.6257197063824,226.6257197063824,-0.0024531371880494,True
KNN,444,2025-05-02,2025-05-05,2901,92692.0,0.0213071246709533,0.0004835782610644,0.0,94667.0,92736.82383617458,92692.0,-1930.1761638254247,1930.1761638254247,-0.0208235464098888,True
KNN,445,2025-05-05,2025-05-06,2902,94667.0,0.0295034172414885,0.0006278325961911,0.0,97460.0,94726.4350283836,94667.0,-2733.56497161639,2733.56497161639,-0.0288755846452973,True
KNN,446,2025-05-06,2025-05-07,2903,97460.0,-0.0040529447978657,0.000507181847854,0.0,97065.0,97509.42994289186,97460.0,444.42994289186026,444.42994289186026,0.0045601266457197,False
KNN,447,2025-05-07,2025-05-08,2904,97065.0,-0.0093957657239993,0.0007497373635537,0.0,96153.0,97137.77325719336,97065.0,984.7732571933592,984.7732571933592,0.010145503087553,False
KNN,448,2025-05-08,2025-05-09,2905,96153.0,0.0035048308425114,0.0004794420449183,0.0,96490.0,96199.09979094504,96153.0,-290.90020905496203,290.90020905496203,-0.003025388797593,True
KNN,449,2025-05-09,2025-05-12,2906,96490.0,-0.0367084671986734,0.0008380480875295,0.0,92948.0,96570.86325996571,96490.0,3622.863259965729,3622.863259965729,0.0375465152862029,False
KNN,450,2025-05-12,2025-05-13,2907,92948.0,0.007649438395662,0.000474500780943,0.0,93659.0,92992.1038985871,92948.0,-666.8961014129018,666.8961014129018,-0.0071749376147189,True
KNN,451,2025-05-13,2025-05-14,2908,93659.0,-0.0144566993027899,0.0005326458478229,0.0,92305.0,93708.88707746126,93659.0,1403.8870774612587,1403.8870774612587,0.0149893451506128,False
KNN,452,2025-05-14,2025-05-15,2909,92305.0,0.0092086019175559,0.0007086887693931,0.0,93155.0,92370.41551685883,92305.0,-784.5844831411523,784.5844831411523,-0.0084999131481627,True
KNN,453,2025-05-15,2025-05-16,2910,93155.0,-0.0076431753529064,0.0002539780849797,0.0,92443.0,93178.65932850628,93155.0,735.6593285062845,735.6593285062845,0.0078971534378861,False
KNN,454,2025-05-16,2025-05-19,2911,92443.0,0.0094220222190972,0.0007083585460252,0.0,93314.0,92508.4827890702,92443.0,-805.5172109297855,805.5172109297855,-0.0087136636730719,True
KNN,455,2025-05-19,2025-05-20,2912,93314.0,0.0155067835480207,0.0005999219081927,0.0,94761.0,93369.9811129411,93314.0,-1391.0188870589045,1391.0188870589045,-0.0149068616398279,True
KNN,456,2025-05-20,2025-05-21,2913,94761.0,0.0075136395774633,0.0004875450790423,0.0,95473.0,94807.20025923512,94761.0,-665.79974076488,665.79974076488,-0.0070260944984209,True
KNN,457,2025-05-21,2025-05-22,2914,95473.0,-0.0001256899856504,0.0007483555006742,0.0,95461.0,95544.44774471589,95473.0,83.44774471587152,83.44774471587152,0.0008740454863246,False
KNN,458,2025-05-22,2025-05-23,2915,95461.0,0.0078461361184147,0.0006816609448315,0.0,96210.0,95526.07203545458,95461.0,-683.9279645454226,683.9279645454226,-0.0071644751735831,True
KNN,459,2025-05-23,2025-05-26,2916,96210.0,-0.0041159962581852,0.0010319463704312,0.0,95814.0,96309.28356029918,96210.0,495.2835602991836,495.2835602991836,0.0051479426286164,False
KNN,460,2025-05-26,2025-05-27,2917,95814.0,-0.0079215980963116,0.0010214863748246,0.0,95055.0,95911.87269551744,95814.0,856.8726955174352,856.8726955174352,0.0089430844711362,False
KNN,461,2025-05-27,2025-05-28,2918,95055.0,0.0012834674662036,0.0008882752618594,0.0,95177.0,95139.43500501606,95055.0,-37.5649949839426,37.5649949839426,-0.0003951922043441,True
KNN,462,2025-05-28,2025-05-29,2919,95177.0,0.0012397953287033,0.0010142649679752,0.0,95295.0,95273.53469685698,95177.0,-21.46530314302072,21.46530314302072,-0.000225530360728,True
KNN,463,2025-05-29,2025-05-30,2920,95295.0,-0.0061178445878588,0.0010435650056648,0.0,94712.0,95394.44652721482,95295.0,682.4465272148227,682.4465272148227,0.0071614095935236,False
KNN,464,2025-05-30,2025-06-02,2921,94712.0,0.0283068671340485,0.0008502816511348,0.0,97393.0,94792.53187574228,94712.0,-2600.468124257721,2600.468124257721,-0.0274565854829136,True
KNN,465,2025-06-02,2025-06-03,2922,97393.0,-0.0018995204994198,0.0007208472199454,0.0,97208.0,97463.20547329214,97393.0,255.2054732921388,255.2054732921388,0.0026203677193652,False
KNN,466,2025-06-03,2025-06-04,2923,97208.0,0.0078697226565713,0.0010163207568768,0.0,97973.0,97306.7945081345,97208.0,-666.2054918655049,666.2054918655049,-0.0068534018996944,True
KNN,467,2025-06-04,2025-06-05,2924,97973.0,-0.0056954467047043,0.0009318532870477,0.0,97415.0,98064.29646209192,97973.0,649.2964620919229,649.2964620919229,0.006627299991752,False
KNN,468,2025-06-05,2025-06-06,2925,97415.0,-0.0079043268490478,0.0008627447434955,0.0,96645.0,97499.04427918764,97415.0,854.0442791876267,854.0442791876267,0.0087670715925433,False
KNN,469,2025-06-06,2025-06-09,2926,96645.0,0.000600134512908,0.0009171977400692,0.0,96703.0,96733.642575589,96645.0,30.64257558899408,30.64257558899408,0.0003170632271612,True
KNN,470,2025-06-09,2025-06-10,2927,96703.0,-0.0026989855537056,0.0010042937143366,0.0,96442.0,96800.11821505748,96703.0,358.1182150574896,358.1182150574896,0.0037032792680422,False
KNN,471,2025-06-10,2025-06-11,2928,96442.0,-0.0018145621202381,0.0009286058585495,0.0,96267.0,96531.55660621024,96442.0,264.55660621024435,264.55660621024435,0.0027431679787876,False
KNN,472,2025-06-11,2025-06-12,2929,96267.0,0.0157790312360415,0.0007252791318191,0.0,97786.0,96336.82044618284,96267.0,-1449.1795538171718,1449.1795538171718,-0.0150537521042223,True
KNN,473,2025-06-12,2025-06-13,2930,97786.0,0.018090524205919,0.0007332115555679,0.0,99555.0,97857.69782517276,97786.0,-1697.3021748272297,1697.3021748272297,-0.017357312650351,True
KNN,474,2025-06-13,2025-06-16,2931,99555.0,-0.0096529556526543,0.0008129090128094,0.0,98594.0,99635.92915677025,99555.0,1041.9291567702458,1041.9291567702458,0.0104658646654637,False
KNN,475,2025-06-16,2025-06-17,2932,98594.0,0.003215205793456,0.0010449447942819,0.0,98911.0,98697.02528704744,98594.0,-213.974712952564,213.974712952564,-0.002170260999174,True
KNN,476,2025-06-17,2025-06-18,2933,98911.0,0.0013547532630344,0.0009100635425954,0.0,99045.0,99001.01529506168,98911.0,-43.984704938324285,43.984704938324285,-0.0004446897204389,True
KNN,477,2025-06-18,2025-06-19,2934,99045.0,-0.001787066484931,0.0010143022603602,0.0,98868.0,99145.4615673774,99045.0,277.4615673773951,277.4615673773951,0.0028013687452912,False
KNN,478,2025-06-19,2025-06-20,2935,98868.0,-0.0029736618521665,0.0009435653068966,0.0,98574.0,98961.28841476224,98868.0,387.2884147622535,387.2884147622535,0.0039172271590631,False
KNN,479,2025-06-20,2025-06-23,2936,98574.0,0.0028202162842128,0.0010056863985654,0.0,98852.0,98673.1345310522,98574.0,-178.8654689478135,178.8654689478135,-0.0018145298856473,True
KNN,480,2025-06-23,2025-06-24,2937,98852.0,-0.0235807065107432,0.0010209775862833,0.0,96521.0,98952.92567635929,98852.0,2431.925676359271,2431.925676359271,0.0246016840970265,False
KNN,481,2025-06-24,2025-06-25,2938,96521.0,0.0024761450875974,0.0008903428179351,0.0,96760.0,96606.93677912992,96521.0,-153.06322087006993,153.06322087006993,-0.0015858022696622,True
KNN,482,2025-06-25,2025-06-26,2939,96760.0,-0.0031831335262505,0.0009115993399361,0.0,96452.0,96848.20635213224,96760.0,396.20635213222704,396.20635213222704,0.0040947328661866,False
KNN,483,2025-06-26,2025-06-27,2940,96452.0,-0.0160079625098494,0.0008618591009861,0.0,94908.0,96535.12803400832,96452.0,1627.1280340083176,1627.1280340083176,0.0168698216108355,False
KNN,484,2025-06-27,2025-06-30,2941,94908.0,0.008113120074177,0.0009872151795174,0.0,95678.0,95001.69461825764,94908.0,-676.3053817423643,676.3053817423643,-0.0071259048946595,True
KNN,485,2025-06-30,2025-07-01,2942,95678.0,0.0163151403666463,0.0009289426502875,0.0,97239.0,95766.87937489424,95678.0,-1472.1206251057738,1472.1206251057738,-0.0153861977163587,True
KNN,486,2025-07-01,2025-07-02,2943,97239.0,0.0011518012320159,0.0008905421170987,0.0,97351.0,97325.59542492456,97239.0,-25.40457507543033,25.40457507543033,-0.0002612591149171,True
KNN,487,2025-07-02,2025-07-03,2944,97351.0,-0.005649659479615,0.0008553942434988,0.0,96801.0,97434.27348499883,97351.0,633.2734849988483,633.2734849988483,0.0065050537231138,False
KNN,488,2025-07-03,2025-07-04,2945,96801.0,0.0017148583175794,0.0008116964757916,0.0,96967.0,96879.5730305531,96801.0,-87.42696944689669,87.42696944689669,-0.0009031618417877,True
KNN,489,2025-07-04,2025-07-07,2946,96967.0,0.0027225757216373,0.0010349421674121,0.0,97231.0,97067.35523714744,96967.0,-163.64476285254932,163.64476285254932,-0.0016876335542251,True
KNN,490,2025-07-07,2025-07-08,2947,97231.0,-0.0076724501445012,0.0009074959193536,0.0,96485.0,97319.23673573468,97231.0,834.2367357346666,834.2367357346666,0.0085799460638548,False
KNN,491,2025-07-08,2025-07-09,2948,96485.0,-0.0003523863813027,0.0009787699499494,0.0,96451.0,96579.43661862088,96485.0,128.43661862087902,128.43661862087902,0.0013311563312521,False
KNN,492,2025-07-09,2025-07-10,2949,96451.0,0.0023535266612062,0.0008730043007328,0.0,96678.0,96535.20213780996,96451.0,-142.79786219002565,142.79786219002565,-0.0014805223604733,True
KNN,493,2025-07-10,2025-07-11,2950,96678.0,0.0111814476923395,0.0009922685863932,0.0,97759.0,96773.93054239532,96678.0,-985.0694576046808,985.0694576046808,-0.0101891791059462,True
KNN,494,2025-07-11,2025-07-14,2951,97759.0,-0.0001022923720578,0.0008660596158577,0.0,97749.0,97843.66512198662,97759.0,94.66512198661805,94.66512198661805,0.0009683519879155,False
KNN,495,2025-07-14,2025-07-15,2952,97749.0,-0.0054732017718851,0.0009866666640919,0.0,97214.0,97845.44567974834,97749.0,631.4456797483435,631.4456797483435,0.006459868435977,False
KNN,496,2025-07-15,2025-07-16,2953,97214.0,0.0055959018248399,0.0007878398888883,0.0,97758.0,97290.5890669584,97214.0,-467.4109330416104,467.4109330416104,-0.0048080619359515,True
KNN,497,2025-07-16,2025-07-17,2954,97758.0,-0.0031097199206202,0.0008937907566905,0.0,97454.0,97845.37519679256,97758.0,391.37519679256366,391.37519679256366,0.0040035106773107,False
KNN,498,2025-07-17,2025-07-18,2955,97454.0,0.0052434994971986,0.0009468162329417,0.0,97965.0,97546.27102916512,97454.0,-418.7289708348835,418.7289708348835,-0.0042966832642568,True
KNN,499,2025-07-18,2025-07-21,2956,97965.0,0.0127800745164088,0.0010848560817764,0.0,99217.0,98071.27792605125,97965.0,-1145.7220739487675,1145.7220739487675,-0.0116952184346323,True
KNN,500,2025-07-21,2025-07-22,2957,99217.0,0.0095850509489301,0.001016136676862,0.0,100168.0,99317.81803266822,99217.0,-850.1819673317805,850.1819673317805,-0.008568914272068,True
KNN,501,2025-07-22,2025-07-23,2958,100168.0,-0.008625509144637,0.000958956132644,0.0,99304.0,100264.05671789472,100168.0,960.0567178947094,960.0567178947094,0.009584465277281,False
KNN,502,2025-07-23,2025-07-24,2959,99304.0,-0.0064045758479014,0.0010115946352103,0.0,98668.0,99404.45539365492,99304.0,736.45539365492,736.45539365492,0.0074161704831117,False
KNN,503,2025-07-24,2025-07-25,2960,98668.0,-0.0083715084931285,0.0009430603401972,0.0,97842.0,98761.04987764658,98668.0,919.0498776465828,919.0498776465828,0.0093145688333257,False
KNN,504,2025-07-25,2025-07-28,2961,97842.0,-0.0034443286114347,0.0010073993694647,0.0,97505.0,97940.56596910718,97842.0,435.5659691071778,435.5659691071778,0.0044517279808994,False
KNN,505,2025-07-28,2025-07-29,2962,97505.0,0.0063586482744475,0.0009761831177663,0.0,98125.0,97600.1827348978,97505.0,-524.8172651021887,524.8172651021887,-0.0053824651566811,True
KNN,506,2025-07-29,2025-07-30,2963,98125.0,-0.0012433121019108,0.0009071447651838,0.0,98003.0,98214.01358008366,98125.0,211.01358008365787,211.01358008365787,0.0021504568670946,False
KNN,507,2025-07-30,2025-07-31,2964,98003.0,0.0036223380916911,0.0009409177148137,0.0,98358.0,98095.2127588049,98003.0,-262.7872411950957,262.7872411950957,-0.0026814203768773,True
KNN,508,2025-07-31,2025-08-01,2965,98358.0,0.0089672421155371,0.000884085401325,0.0,99240.0,98444.95687190352,98358.0,-795.0431280964694,795.0431280964694,-0.008083156714212,True
KNN,509,2025-08-01,2025-08-04,2966,99240.0,0.0137746876259572,0.0008731414685833,0.0,100607.0,99326.65055934222,99240.0,-1280.349440657781,1280.349440657781,-0.0129015461573738,True
KNN,510,2025-08-04,2025-08-05,2967,100607.0,0.0015704672637093,0.0009816689768846,0.0,100765.0,100705.76277075744,100607.0,-59.23722924255708,59.23722924255708,-0.0005887982868246,True
KNN,511,2025-08-05,2025-08-06,2968,100765.0,-0.0007740783009974,0.0010277289610199,0.0,100687.0,100868.55910875717,100765.0,181.5591087571665,181.5591087571665,0.0018018072620173,False
KNN,512,2025-08-06,2025-08-07,2969,100687.0,0.0014699017748069,0.0011622753605917,0.0,100835.0,100804.0260192319,100687.0,-30.9739807681035,30.9739807681035,-0.0003076264142151,True
KNN,513,2025-08-07,2025-08-08,2970,100835.0,0.0037387811771705,0.0012003293516546,0.0,101212.0,100956.0352101741,100835.0,-255.96478982589903,255.96478982589903,-0.0025384518255158,True
KNN,514,2025-08-08,2025-08-11,2971,101212.0,-0.0140991186815793,0.0011235298980648,0.0,99785.0,101325.71470804296,101212.0,1540.7147080429568,1540.7147080429568,0.0152226485796441,False
KNN,515,2025-08-11,2025-08-12,2972,99785.0,-0.0016535551435586,0.0010278859384795,0.0,99620.0,99887.56759837118,99785.0,267.56759837118443,267.56759837118443,0.0026814410820381,False
KNN,516,2025-08-12,2025-08-13,2973,99620.0,0.0003613732182292,0.0009005609421503,0.0,99656.0,99709.71388105702,99620.0,53.71388105701772,53.71388105701772,0.0005391877239211,True
KNN,517,2025-08-13,2025-08-14,2974,99656.0,-0.0029501485108773,0.0009161579354659,0.0,99362.0,99747.3006352168,99656.0,385.3006352168013,385.3006352168013,0.0038663064463432,False
KNN,518,2025-08-14,2025-08-18,2975,99362.0,-0.0034419597029045,0.0010873922712616,0.0,99020.0,99470.04547085708,99362.0,450.04547085709055,450.04547085709055,0.0045293519741661,False
KNN,519,2025-08-18,2025-08-19,2976,99020.0,-0.0066754191072511,0.0009282062664024,0.0,98359.0,99111.91098449918,99020.0,752.9109844991763,752.9109844991763,0.0076036253736535,False
KNN,520,2025-08-19,2025-08-20,2977,98359.0,0.0055307597677893,0.0009020229302907,0.0,98903.0,98447.72207340048,98359.0,-455.2779265995341,455.2779265995341,-0.0046287368374985,True
KNN,521,2025-08-20,2025-08-21,2978,98903.0,0.0013346410119006,0.0008450171036091,0.0,99035.0,98986.57472659826,98903.0,-48.42527340173547,48.42527340173547,-0.0004896239082914,True
KNN,522,2025-08-21,2025-08-22,2979,99035.0,0.0083000959256829,0.0010026295083746,0.0,99857.0,99134.29541336188,99035.0,-722.7045866381086,722.7045866381086,-0.0072974664173082,True
KNN,523,2025-08-22,2025-08-25,2980,99857.0,0.002613737644832,0.0010564354123977,0.0,100118.0,99962.4924709758,99857.0,-155.50752902420936,155.50752902420936,-0.0015573022324342,True
KNN,524,2025-08-25,2025-08-26,2981,100118.0,0.0041251323438342,0.0011219039859261,0.0,100531.0,100230.32278326296,100118.0,-300.6772167370509,300.6772167370509,-0.003003228357908,True
KNN,525,2025-08-26,2025-08-27,2982,100531.0,0.004336970685659,0.001134911422535,0.0,100967.0,100645.09378021886,100531.0,-321.9062197811436,321.9062197811436,-0.0032020592631239,True
KNN,526,2025-08-27,2025-08-28,2983,100967.0,0.0050907722325115,0.001241402294814,0.0,101481.0,101092.34066550052,100967.0,-388.6593344994908,388.6593344994908,-0.0038493699376974,True
KNN,527,2025-08-28,2025-08-29,2984,101481.0,0.0165843852543825,0.0012472452709015,0.0,103164.0,101607.57169733636,101481.0,-1556.4283026636404,1556.4283026636404,-0.0153371399834809,True
KNN,528,2025-08-29,2025-09-01,2985,103164.0,0.0071730448606102,0.0011995777255005,0.0,103904.0,103287.75323647354,103164.0,-616.246763526462,616.246763526462,-0.0059734671351096,True
KNN,529,2025-09-01,2025-09-02,2986,103904.0,0.0172370649830613,0.001237488505095,0.0,105695.0,104032.58000563338,103904.0,-1662.4199943666172,1662.4199943666172,-0.0159995764779662,True
KNN,530,2025-09-02,2025-09-03,2987,105695.0,0.0131037418988599,0.0012992439605076,0.0,107080.0,105832.32359040588,105695.0,-1247.6764095941326,1247.6764095941326,-0.0118044979383522,True
KNN,531,2025-09-03,2025-09-04,2988,107080.0,-0.0071908853193873,0.0012550103344889,0.0,106310.0,107214.38650661708,107080.0,904.3865066170838,904.3865066170838,0.0084458956538762,False
KNN,532,2025-09-04,2025-09-05,2989,106310.0,0.0121813564104975,0.0012036051730978,0.0,107605.0,106437.95526595204,106310.0,-1167.0447340479586,1167.0447340479586,-0.0109777512373996,True
KNN,533,2025-09-05,2025-09-08,2990,107605.0,0.0073230797825378,0.0010728795015172,0.0,108393.0,107720.44719876075,107605.0,-672.5528012392315,672.5528012392315,-0.0062502002810205,True
KNN,534,2025-09-08,2025-09-09,2991,108393.0,0.004742003634921,0.0011874811140164,0.0,108907.0,108521.71464039158,108393.0,-385.2853596084169,385.2853596084169,-0.0035545225209045,True
KNN,535,2025-09-09,2025-09-10,2992,108907.0,-0.0002111893634018,0.0010607100474867,0.0,108884.0,109022.51874914166,108907.0,138.5187491416582,138.5187491416582,0.0012718994108885,False
KNN,536,2025-09-10,2025-09-11,2993,108884.0,-0.0001285772014253,0.0013377267890303,0.0,108870.0,109029.6570436968,108884.0,159.6570436967886,159.6570436967886,0.0014663039904556,False
KNN,537,2025-09-11,2025-09-12,2994,108870.0,0.0033709929273444,0.0013125678712418,0.0,109237.0,109012.89926414208,108870.0,-224.10073585790812,224.10073585790812,-0.0020584250561025,True
KNN,538,2025-09-12,2025-09-15,2995,109237.0,0.0073967611706655,0.0012913514405905,0.0,110045.0,109378.0633573158,109237.0,-666.9366426842025,666.9366426842025,-0.0061054097300749,True
KNN,539,2025-09-15,2025-09-16,2996,110045.0,-4.543595801720368e-05,0.0013419793043632,0.0,110040.0,110192.67811254865,110045.0,152.678112548645,152.678112548645,0.0013874152623804,False
KNN,540,2025-09-16,2025-09-17,2997,110040.0,-0.0031624863685932,0.0013867951180828,0.0,109692.0,110192.60293479385,110040.0,500.6029347938311,500.6029347938311,0.004549281486676,False
KNN,541,2025-09-17,2025-09-18,2998,109692.0,-0.0067552784159282,0.0013626903558094,0.0,108951.0,109841.47623050943,109692.0,890.4762305094482,890.4762305094482,0.0081179687717376,False
KNN,542,2025-09-18,2025-09-19,2999,108951.0,0.0070123266422519,0.0012602338730601,0.0,109715.0,109088.30374070376,108951.0,-626.6962592962373,626.6962592962373,-0.0057520927691917,True
KNN,543,2025-09-19,2025-09-22,3000,109715.0,0.0214647040058333,0.0012555068208563,0.0,112070.0,109852.74793085028,109715.0,-2217.252069149734,2217.252069149734,-0.0202091971849769,True
KNN,544,2025-09-22,2025-09-23,3001,112070.0,0.0146783260462211,0.0013722909717908,0.0,113715.0,112223.7926492086,112070.0,-1491.2073507914029,1491.2073507914029,-0.0133060350744302,True
KNN,545,2025-09-23,2025-09-24,3002,113715.0,-0.0109044541177505,0.0011687252902291,0.0,112475.0,113847.9015963784,113715.0,1372.9015963783895,1372.9015963783895,0.0120731794079796,False
KNN,546,2025-09-24,2025-09-25,3003,112475.0,0.0011647032673927,0.0013614884750256,0.0,112606.0,112628.13341622852,112475.0,22.13341622852022,22.13341622852022,0.0001967852076329,True
KNN,547,2025-09-25,2025-09-26,3004,112606.0,0.009395591709145,0.0013695868198713,0.0,113664.0,112760.22369343844,112606.0,-903.7763065615728,903.7763065615728,-0.0080260048892736,True
KNN,548,2025-09-26,2025-09-29,3005,113664.0,0.018211570945946,0.0013404189456462,0.0,115734.0,113816.35737903796,113664.0,-1917.642620962055,1917.642620962055,-0.0168711520002997,True
KNN,549,2025-09-29,2025-09-30,3006,115734.0,0.0072493822040196,0.0011290645453615,0.0,116573.0,115864.67115609288,115734.0,-708.3288439071184,708.3288439071184,-0.006120317658658,True
KNN,550,2025-09-30,2025-10-01,3007,116573.0,0.0033884347147281,0.0009944880274192,0.0,116968.0,116688.93045282036,116573.0,-279.0695471796498,279.0695471796498,-0.0023939466873088,True
KNN,551,2025-10-01,2025-10-03,3008,116968.0,0.0034368374256206,0.0011832432588127,0.0,117370.0,117106.40159749682,116968.0,-263.5984025031794,263.5984025031794,-0.0022535941668078,True
KNN,552,2025-10-03,2025-10-06,3009,117370.0,0.0183522194768679,0.0012825066929043,0.0,119524.0,117520.52781054618,117370.0,-2003.4721894538236,2003.4721894538236,-0.0170697127839635,True
KNN,553,2025-10-06,2025-10-07,3010,119524.0,0.0069442120410962,0.0011998604373168,0.0,120354.0,119667.41211890988,119524.0,-686.587881090134,686.587881090134,-0.0057443516037793,True
KNN,554,2025-10-07,2025-10-08,3011,120354.0,0.018179703208867,0.0011492730339335,0.0,122542.0,120492.31960672604,120354.0,-2049.6803932739717,2049.6803932739717,-0.0170304301749334,True
KNN,555,2025-10-08,2025-10-09,3012,122542.0,-0.0218129294445985,0.0013207470037213,0.0,119869.0,122703.84697933002,122542.0,2834.8469793300173,2834.8469793300173,0.0231336764483198,False
KNN,556,2025-10-09,2025-10-10,3013,119869.0,0.0071578139468919,0.0011645787514144,0.0,120727.0,120008.5968903533,119869.0,-718.4031096466933,718.4031096466933,-0.0059932351954774,True
KNN,557,2025-10-10,2025-10-13,3014,120727.0,0.0268125605705433,0.0010433351739813,0.0,123964.0,120852.95872554924,120727.0,-3111.0412744507485,3111.0412744507485,-0.0257692253965619,True
KNN,558,2025-10-13,2025-10-14,3015,123964.0,0.0144316091768577,0.0012868728560648,0.0,125753.0,124123.52590672922,123964.0,-1629.4740932707791,1629.4740932707791,-0.0131447363207928,True
KNN,559,2025-10-14,2025-10-15,3016,125753.0,0.0070614617543915,0.0010296234622822,0.0,126641.0,125882.47823925238,125753.0,-758.5217607476225,758.5217607476225,-0.0060318382921092,True
KNN,560,2025-10-15,2025-10-16,3017,126641.0,0.0165349294462298,0.0013454368100598,0.0,128735.0,126811.38746306278,126641.0,-1923.6125369372169,1923.6125369372169,-0.0151894926361699,True
KNN,561,2025-10-16,2025-10-17,3018,128735.0,-0.0216258204839399,0.0013258286062826,0.0,125951.0,128905.6805456298,128735.0,2954.6805456298025,2954.6805456298025,0.0229516490902225,False
KNN,562,2025-10-17,2025-10-20,3019,125951.0,0.0281220474629022,0.0009378838712178,0.0,129493.0,126069.12741146378,125951.0,-3423.872588536222,3423.872588536222,-0.0271841635916843,True
KNN,563,2025-10-20,2025-10-21,3020,129493.0,-0.0164333207200388,0.001163225873384,0.0,127365.0,129643.62960802212,129493.0,2278.629608022122,2278.629608022122,0.0175965465934228,False
KNN,564,2025-10-21,2025-10-22,3021,127365.0,-0.0494327326973658,0.001615287001927,0.0,121069.0,127570.73102900044,127365.0,6501.731029000439,6501.731029000439,0.0510480196992928,False
KNN,565,2025-10-22,2025-10-23,3022,121069.0,0.0184688070439171,0.0014670905513973,0.0,123305.0,121246.61918596712,121069.0,-2058.3808140328765,2058.3808140328765,-0.0170017164925197,True
KNN,566,2025-10-23,2025-10-24,3023,123305.0,-0.0061311382344593,0.0013145686850269,0.0,122549.0,123467.09289170725,123305.0,918.0928917072451,918.0928917072451,0.0074457069194862,False
KNN,567,2025-10-24,2025-10-27,3024,122549.0,-0.0207835233253637,0.0012882010260361,0.0,120002.0,122706.86774753973,122549.0,2704.8677475397126,2704.8677475397126,0.0220717243513998,False
KNN,568,2025-10-27,2025-10-28,3025,120002.0,-0.0108581523641272,0.0013397008070168,0.0,118699.0,120162.76677624365,120002.0,1463.7667762436322,1463.7667762436322,0.012197853171144,False
KNN,569,2025-10-28,2025-10-29,3026,118699.0,0.0061078863343415,0.0012414043136559,0.0,119424.0,118846.35345062664,118699.0,-577.6465493733558,577.6465493733558,-0.0048664820206855,True
KNN,570,2025-10-29,2025-10-30,3027,119424.0,0.0069249062165059,0.0012216233076798,0.0,120251.0,119569.89114189635,119424.0,-681.1088581036456,681.1088581036456,-0.005703282908826,True
KNN,571,2025-10-30,2025-10-31,3028,120251.0,0.0079666697158442,0.0012296310155294,0.0,121209.0,120398.86435924844,120251.0,-810.1356407515559,810.1356407515559,-0.0067370387003147,True
KNN,572,2025-10-31,2025-11-03,3029,121209.0,0.0016995437632518,0.0012835645945722,0.0,121415.0,121364.5795809435,121209.0,-50.420419056506944,50.420419056506944,-0.0004159791686795,True
KNN,573,2025-11-03,2025-11-04,3030,121415.0,-0.0130544001976691,0.0012514677275547,0.0,119830.0,121566.94695414108,121415.0,1736.9469541410654,1736.9469541410654,0.0143058679252238,False
KNN,574,2025-11-04,2025-11-05,3031,119830.0,0.0055411833430694,0.0012619684945306,0.0,120494.0,119981.2216846996,119830.0,-512.7783153004129,512.7783153004129,-0.0042792148485387,True
KNN,575,2025-11-05,2025-11-06,3032,120494.0,0.000771822663369,0.001259931391625,0.0,120587.0,120645.81417310248,120494.0,58.81417310246616,58.81417310246616,0.000488108728256,True
KNN,576,2025-11-06,2025-11-07,3033,120587.0,0.003889308134376,0.0013601444448294,0.0,121056.0,120751.01573816864,120587.0,-304.984261831356,304.984261831356,-0.0025291636895465,True
KNN,577,2025-11-07,2025-11-10,3034,121056.0,0.0234684773988897,0.0013596758658139,0.0,123897.0,121220.59692161196,121056.0,-2676.40307838803,2676.40307838803,-0.0221088015330757,True
KNN,578,2025-11-10,2025-11-11,3035,123897.0,0.0,0.0013720814844928,0.0,123897.0,124066.9967796842,123897.0,169.9967796842102,169.9967796842102,0.0013720814844928,False
KNN,579,2025-11-11,2025-11-12,3036,123897.0,0.019903629627836,0.001397834949643,0.0,126363.0,124070.18755675592,123897.0,-2292.8124432440677,2292.8124432440677,-0.0185057946781929,True
KNN,580,2025-11-12,2025-11-13,3037,126363.0,0.0024136812199773,0.0013720116337482,0.0,126668.0,126536.37150607532,126363.0,-131.62849392468345,131.62849392468345,-0.001041669586229,True
KNN,581,2025-11-13,2025-11-14,3038,126668.0,-0.0253734171219249,0.0014249134451186,0.0,123454.0,126848.49093626627,126668.0,3394.490936266273,3394.490936266273,0.0267983305670435,False
KNN,582,2025-11-14,2025-11-17,3039,123454.0,-0.0053866217376512,0.0015180977860119,0.0,122789.0,123641.41524407432,123454.0,852.4152440743346,852.4152440743346,0.0069047195236631,False
KNN,583,2025-11-17,2025-11-18,3040,122789.0,-0.0016125222943422,0.0012665875487274,0.0,122591.0,122944.52301852067,122789.0,353.5230185206892,353.5230185206892,0.0028791098430696,False
KNN,584,2025-11-18,2025-11-19,3041,122591.0,0.0025532053739671,0.0012284298496821,0.0,122904.0,122741.59444370236,122591.0,-162.4055562976282,162.4055562976282,-0.0013247755242849,True
KNN,585,2025-11-19,2025-11-20,3042,122904.0,-0.0026524767298053,0.0012459612640416,0.0,122578.0,123057.13362319575,122904.0,479.1336231957685,479.1336231957685,0.0038984379938469,False
KNN,586,2025-11-20,2025-11-21,3043,122578.0,0.0103689079606454,0.00126370804958,0.0,123849.0,122732.90280530143,122578.0,-1116.0971946985665,1116.0971946985665,-0.0091051999110653,True
KNN,587,2025-11-21,2025-11-24,3044,123849.0,-0.0018974719214527,0.0012354203998618,0.0,123614.0,124002.0055811025,123849.0,388.005581102494,388.005581102494,0.0031328923213145,False
KNN,588,2025-11-24,2025-11-25,3045,123614.0,0.0105327875483358,0.0013217846608614,0.0,124916.0,123777.39108906774,123614.0,-1138.6089109322638,1138.6089109322638,-0.0092110028874743,True
KNN,589,2025-11-25,2025-11-26,3046,124916.0,0.0060680777482469,0.0012437973819107,0.0,125674.0,125071.37019375878,124916.0,-602.6298062412243,602.6298062412243,-0.0048242803663361,True
KNN,590,2025-11-26,2025-11-27,3047,125674.0,-0.0016630329264605,0.0012895679211546,0.0,125465.0,125836.0651589232,125674.0,371.06515892318566,371.06515892318566,0.0029526008476151,False
KNN,591,2025-11-27,2025-11-28,3048,125465.0,0.0117801777388115,0.0013048496647981,0.0,126943.0,125628.71296319387,125465.0,-1314.2870368061122,1314.2870368061122,-0.0104753280740133,True
KNN,592,2025-11-28,2025-12-01,3049,126943.0,0.0085944085140574,0.0012621258784015,0.0,128034.0,127103.21804538192,126943.0,-930.781954618069,930.781954618069,-0.0073322826356558,True
KNN,593,2025-12-01,2025-12-02,3050,128034.0,0.0049361888248433,0.0014604536729033,0.0,128666.0,128220.98772555652,128034.0,-445.0122744434775,445.0122744434775,-0.0034757351519399,True
KNN,594,2025-12-02,2025-12-03,3051,128666.0,0.0049663469758911,0.0014958123941593,0.0,129305.0,128858.4601975069,128666.0,-446.5398024931055,446.5398024931055,-0.0034705345817317,True
KNN,595,2025-12-03,2025-12-04,3052,129305.0,-0.003178531379297,0.0014672898672055,0.0,128894.0,129494.72791627904,129305.0,600.7279162790364,600.7279162790364,0.0046458212465025,False
KNN,596,2025-12-04,2025-12-05,3053,128894.0,0.0024205936661132,0.0013490507294138,0.0,129206.0,129067.88454471706,128894.0,-138.11545528293937,138.11545528293937,-0.0010715429366993,True
KNN,597,2025-12-05,2025-12-08,3054,129206.0,-0.0036376019689488,0.0013290712243426,0.0,128736.0,129377.7239766124,129206.0,641.7239766124112,641.7239766124112,0.0049666731932914,False
KNN,598,2025-12-08,2025-12-09,3055,128736.0,0.0009088366890379,0.0013487648126872,0.0,128853.0,128909.63458692611,128736.0,56.63458692611312,56.63458692611312,0.0004399281236493,True
KNN,599,2025-12-09,2025-12-10,3056,128853.0,-0.002739555928073,0.0013374971930681,0.0,128500.0,129025.34052581842,128853.0,525.3405258184212,525.3405258184212,0.0040770531211411,False
KNN,600,2025-12-10,2025-12-11,3057,128500.0,0.018715953307393,0.0012963699711813,0.0,130905.0,128666.5835412968,128500.0,-2238.4164587032137,2238.4164587032137,-0.0174195833362116,True
KNN,601,2025-12-11,2025-12-12,3058,130905.0,0.0056529544326038,0.0014271029729645,0.0,131645.0,131091.81491467592,130905.0,-553.1850853240758,553.1850853240758,-0.0042258514596392,True
KNN,602,2025-12-12,2025-12-15,3059,131645.0,0.0064263739602719,0.0014743054100909,0.0,132491.0,131839.08493571143,131645.0,-651.9150642885652,651.9150642885652,-0.0049520685501809,True
KNN,603,2025-12-15,2025-12-16,3060,132491.0,0.0010264848178367,0.001441640441918,0.0,132627.0,132682.00438379016,132491.0,55.00438379016123,55.00438379016123,0.0004151556240813,True
KNN,604,2025-12-16,2025-12-17,3061,132627.0,0.0036794921094498,0.0015034977461837,0.0,133115.0,132826.40439558311,132627.0,-288.5956044168852,288.5956044168852,-0.002175994363266,True
KNN,605,2025-12-17,2025-12-18,3062,133115.0,-0.0032378019006122,0.0015089973372695,0.0,132684.0,133315.87018055064,133115.0,631.8701805506425,631.8701805506425,0.0047467992378817,False
KNN,606,2025-12-18,2025-12-19,3063,132684.0,-0.0019369328630429,0.0014711070883222,0.0,132427.0,132879.19237290695,132684.0,452.1923729069531,452.1923729069531,0.0034080399513651,False
KNN,607,2025-12-19,2025-12-22,3064,132427.0,0.0166959909988144,0.0014751906164255,0.0,134638.0,132622.35506776138,132427.0,-2015.644932238618,2015.644932238618,-0.0152208003823888,True
KNN,608,2025-12-22,2025-12-23,3065,134638.0,0.0086231227439503,0.0014460110800945,0.0,135799.0,134832.68803980175,134638.0,-966.3119601982472,966.3119601982472,-0.0071771116638557,True
KNN,609,2025-12-23,2025-12-24,3066,135799.0,0.0022459664651433,0.0015158665983978,0.0,136104.0,136004.85316819584,135799.0,-99.14683180415886,99.14683180415886,-0.0007300998667454,True
KNN,610,2025-12-24,2025-12-26,3067,136104.0,0.0123802386410392,0.0014456838280483,0.0,137789.0,136300.7633517327,136104.0,-1488.2366482673096,1488.2366482673096,-0.0109345548129908,True
KNN,611,2025-12-26,2025-12-29,3068,137789.0,-0.0376953167524257,0.0015468520058981,0.0,132595.0,138002.13919104068,137789.0,5407.139191040682,5407.139191040682,0.0392421687583238,False
KNN,612,2025-12-29,2025-12-30,3069,132595.0,0.01040009050115,0.0016631649105183,0.0,133974.0,132815.5273513102,132595.0,-1158.4726486898144,1158.4726486898144,-0.0087369255906316,True
KNN,613,2025-12-30,2025-12-31,3070,133974.0,0.0110469195515547,0.0013868579679576,0.0,135454.0,134159.80290939915,133974.0,-1294.19709060085,1294.19709060085,-0.009660061583597,True
KNN,614,2025-12-31,2026-01-01,3071,135454.0,0.0023402778803136,0.001427215659927,0.0,135771.0,135647.32206999976,135454.0,-123.67793000023812,123.67793000023812,-0.0009130622203865,True
KNN,615,2026-01-01,2026-01-02,3072,135771.0,0.0001620375485191,0.0014727787826659,0.0,135793.0,135970.96064810135,135771.0,177.96064810134703,177.96064810134703,0.0013107412341468,True
RF,1,2023-08-11,2023-08-14,2458,58629.0,0.0005799177881253,0.0007237768805684,0.0,58663.0,58671.43431473084,58629.0,8.434314730839105,8.434314730839105,0.0001438590924431,True
RF,2,2023-08-14,2023-08-16,2459,58663.0,-0.0042616299882378,0.0006217033802611,0.0,58413.0,58699.470985396256,58663.0,286.47098539625586,286.47098539625586,0.0048833333684989,False
RF,3,2023-08-16,2023-08-17,2460,58413.0,-0.0066081180559122,0.0004488999862714,0.0,58027.0,58439.22159489808,58413.0,412.2215948980811,412.2215948980811,0.0070570180421836,False
RF,4,2023-08-17,2023-08-18,2461,58027.0,0.0012235683388768,0.000386963293549,0.0,58098.0,58049.454319034776,58027.0,-48.545680965224165,48.545680965224165,-0.0008366050453277,True
RF,5,2023-08-18,2023-08-21,2462,58098.0,0.0011360115666632,0.0002907343827343,0.0,58164.0,58114.8910861681,58098.0,-49.10891383190028,49.10891383190028,-0.0008452771839288,True
RF,6,2023-08-21,2023-08-22,2463,58164.0,0.000979987621209,0.0002355841881296,0.0,58221.0,58177.702518718375,58164.0,-43.29748128162464,43.29748128162464,-0.0007444034330793,True
RF,7,2023-08-22,2023-08-23,2464,58221.0,0.0035897700142559,0.0003225221259002,0.0,58430.0,58239.77756069204,58221.0,-190.2224393079596,190.2224393079596,-0.0032672478883556,True
RF,8,2023-08-23,2023-08-24,2465,58430.0,0.0001026869758684,0.0002677433183495,0.0,58436.0,58445.64424209116,58430.0,9.644242091162596,9.644242091162596,0.0001650563424811,True
RF,9,2023-08-24,2023-08-25,2466,58436.0,-0.0027893764118009,0.0002290563024769,0.0,58273.0,58449.38513409154,58436.0,176.38513409154257,176.38513409154257,0.0030184327142778,False
RF,10,2023-08-25,2023-08-28,2467,58273.0,0.0038439757692241,0.0004082806069426,0.0,58497.0,58296.79173580837,58273.0,-200.20826419162768,200.20826419162768,-0.0034356951622814,True
RF,11,2023-08-28,2023-08-29,2468,58497.0,0.0059148332393115,0.0005603098303432,0.0,58843.0,58529.77644414559,58497.0,-313.2235558544125,313.2235558544125,-0.0053545234089682,True
RF,12,2023-08-29,2023-08-30,2469,58843.0,0.0046564587121662,0.0003260792732959,0.0,59117.0,58862.18748267856,58843.0,-254.812517321443,254.812517321443,-0.0043303794388702,True
RF,13,2023-08-30,2023-08-31,2470,59117.0,-6.766243212608103e-05,0.0002741456156338,0.0,59113.0,59133.20666635943,59117.0,20.20666635943053,20.20666635943053,0.0003418080477599,False
RF,14,2023-08-31,2023-09-01,2471,59113.0,-0.0001184172686211,0.0007740667533861,0.0,59106.0,59158.75740799292,59113.0,52.75740799291816,52.75740799291816,0.0008924840220072,False
RF,15,2023-09-01,2023-09-04,2472,59106.0,0.0047203329611207,0.0007769213833492,0.0,59385.0,59151.92071528424,59106.0,-233.07928471575724,233.07928471575724,-0.0039434115777714,True
RF,16,2023-09-04,2023-09-05,2473,59385.0,-0.0014144986107602,0.000832267261898,0.0,59301.0,59434.42419134782,59385.0,133.42419134781812,133.42419134781812,0.0022467658726582,False
RF,17,2023-09-05,2023-09-06,2474,59301.0,-0.0032039931872986,0.0008184414260013,0.0,59111.0,59349.534395003306,59301.0,238.5343950033057,238.5343950033057,0.0040224346132999,False
RF,18,2023-09-06,2023-09-07,2475,59111.0,-0.0016071458780937,0.0003001222501161,0.0,59016.0,59128.740526326605,59111.0,112.7405263266046,112.7405263266046,0.0019072681282098,False
RF,19,2023-09-07,2023-09-08,2476,59016.0,-0.0018808458723058,0.0003170116011475,0.0,58905.0,59034.70875665332,59016.0,129.70875665332278,129.70875665332278,0.0021978574734533,False
RF,20,2023-09-08,2023-09-11,2477,58905.0,0.0006111535523301,0.0002674219229075,0.0,58941.0,58920.75248836887,58905.0,-20.24751163113251,20.24751163113251,-0.0003437316294225,True
RF,21,2023-09-11,2023-09-12,2478,58941.0,-0.0050728694796491,0.0004427301367447,0.0,58642.0,58967.09495698988,58941.0,325.0949569898803,325.0949569898803,0.0055155996163938,False
RF,22,2023-09-12,2023-09-13,2479,58642.0,-0.0005456839807645,0.0002802100077731,0.0,58610.0,58658.43207527584,58642.0,48.43207527583581,48.43207527583581,0.0008258939885376,False
RF,23,2023-09-13,2023-09-14,2480,58610.0,-3.4123869646851546e-05,0.000530481039181,0.0,58608.0,58641.0914937064,58610.0,33.0914937064008,33.0914937064008,0.0005646049088279,False
RF,24,2023-09-14,2023-09-15,2481,58608.0,0.0065520065520066,0.0004200124948206,0.0,58992.0,58632.61609229645,58608.0,-359.3839077035518,359.3839077035518,-0.0061319940571859,True
RF,25,2023-09-15,2023-09-18,2482,58992.0,0.003729319229726,0.0002878726987323,0.0,59212.0,59008.982186243615,58992.0,-203.0178137563853,203.0178137563853,-0.0034414465309936,True
RF,26,2023-09-18,2023-09-19,2483,59212.0,0.0008950888333445,0.0003031116880945,0.0,59265.0,59229.94784927545,59212.0,-35.0521507245503,35.0521507245503,-0.0005919771452499,True
RF,27,2023-09-19,2023-09-20,2484,59265.0,0.0016535898084872,0.0006438616072164,0.0,59363.0,59303.15845815168,59265.0,-59.84154184832005,59.84154184832005,-0.0010097282012707,True
RF,28,2023-09-20,2023-09-21,2485,59363.0,-0.008591210012971,0.0003672616921942,0.0,58853.0,59384.80175583372,59363.0,531.8017558337233,531.8017558337233,0.0089584717051652,False
RF,29,2023-09-21,2023-09-22,2486,58853.0,0.0007306339523898,0.0003601197469083,0.0,58896.0,58874.1941274648,58853.0,-21.80587253520207,21.80587253520207,-0.0003705142054814,True
RF,30,2023-09-22,2023-09-25,2487,58896.0,-0.0032090464547677,0.0003215360033516,0.0,58707.0,58914.9371844534,58896.0,207.93718445340343,207.93718445340343,0.0035305824581193,False
RF,31,2023-09-25,2023-09-26,2488,58707.0,-0.0039007273408622,0.000307182989568,0.0,58478.0,58725.03379176857,58707.0,247.03379176856836,247.03379176856836,0.0042079103304302,False
RF,32,2023-09-26,2023-09-27,2489,58478.0,-0.0122952221348199,0.0002710206720964,0.0,57759.0,58493.84874686285,58478.0,734.8487468628518,734.8487468628518,0.0125662428069163,False
RF,33,2023-09-27,2023-09-28,2490,57759.0,-0.0106130646306202,0.0002755713311209,0.0,57146.0,57774.91672451421,57759.0,628.9167245142089,628.9167245142089,0.0108886359617411,False
RF,34,2023-09-28,2023-09-29,2491,57146.0,-0.0014874181919994,0.0002036628291331,0.0,57061.0,57157.63851603364,57146.0,96.6385160336431,96.6385160336431,0.0016910810211325,False
RF,35,2023-09-29,2023-10-03,2492,57061.0,-0.0118469707856504,0.000361911104796,0.0,56385.0,57081.65100955077,57061.0,696.6510095507692,696.6510095507692,0.0122088818904464,False
RF,36,2023-10-03,2023-10-04,2493,56385.0,-0.0027666932694865,0.0006125961878686,0.0,56229.0,56419.54123605297,56385.0,190.54123605297357,190.54123605297357,0.0033792894573551,False
RF,37,2023-10-04,2023-10-05,2494,56229.0,-0.0020807768233473,0.0004153034110417,0.0,56112.0,56252.35209549946,56229.0,140.35209549946012,140.35209549946012,0.002496080234389,False
RF,38,2023-10-05,2023-10-06,2495,56112.0,0.0083761049329911,0.0001045245345554,0.0,56582.0,56117.865080682976,56112.0,-464.13491931702447,464.13491931702447,-0.0082715803984356,True
RF,39,2023-10-06,2023-10-09,2496,56582.0,0.0121239970308579,9.90418553061272e-05,0.0,57268.0,56587.60398625694,56582.0,-680.3960137430622,680.3960137430622,-0.0120249551755517,True
RF,40,2023-10-09,2023-10-10,2497,57268.0,0.0016763288398407,0.0003927444835907,0.0,57364.0,57290.491691086274,57268.0,-73.50830891372607,73.50830891372607,-0.0012835843562499,True
RF,41,2023-10-10,2023-10-11,2498,57364.0,0.004741649815215,0.0003337235639993,0.0,57636.0,57383.14371852526,57364.0,-252.856281474742,252.856281474742,-0.0044079262512156,True
RF,42,2023-10-11,2023-10-12,2499,57636.0,-0.0003990561454646,0.0003361657463511,0.0,57613.0,57655.3752489567,57636.0,42.37524895669776,42.37524895669776,0.0007352218918157,False
RF,43,2023-10-12,2023-10-13,2500,57613.0,0.0239529272907157,0.0001684452658058,0.0,58993.0,57622.70463709888,57613.0,-1370.2953629011245,1370.2953629011245,-0.0237844820249098,True
RF,44,2023-10-13,2023-10-16,2501,58993.0,0.0,-0.0032917965742126,0.0,58993.0,58798.807044697474,58993.0,-194.1929553025257,194.1929553025257,-0.0032917965742126,False
RF,45,2023-10-16,2023-10-17,2502,58993.0,-0.0012035326225144,0.0004137180482938,0.0,58922.0,59017.40646882301,58993.0,95.40646882300643,95.40646882300643,0.0016172506708082,False
RF,46,2023-10-17,2023-10-18,2503,58922.0,0.0128644648857811,-6.731971253172803e-05,0.0,59680.0,58918.033387898206,58922.0,-761.9666121017945,761.9666121017945,-0.0129317845983128,False
RF,47,2023-10-18,2023-10-19,2504,59680.0,0.0042727882037534,-1.4884612847600829e-06,0.0,59935.0,59679.911168630526,59680.0,-255.0888313694741,255.0888313694741,-0.0042742766650381,False
RF,48,2023-10-19,2023-10-20,2505,59935.0,0.0078418286477017,6.343303866898521e-05,0.0,60405.0,59938.80185917263,59935.0,-466.1981408273714,466.1981408273714,-0.0077783956090327,True
RF,49,2023-10-20,2023-10-23,2506,60405.0,-4.966476285073185e-05,-0.0001600052402635,0.0,60402.0,60395.33488346188,60405.0,-6.665116538119037,6.665116538119037,-0.0001103404774128,True
RF,50,2023-10-23,2023-10-24,2507,60402.0,-0.0008443429025528,0.0003347295155932,0.0,60351.0,60422.21833220087,60402.0,71.21833220087137,71.21833220087137,0.001179072418146,False
RF,51,2023-10-24,2023-10-25,2508,60351.0,0.004987489851038,6.584022849189827e-05,0.0,60652.0,60354.97352362971,60351.0,-297.0264763702871,297.0264763702871,-0.0049216496225461,True
RF,52,2023-10-25,2023-10-26,2509,60652.0,0.0013684627052694,3.714644064028392e-05,0.0,60735.0,60654.25300591772,60652.0,-80.7469940822848,80.7469940822848,-0.0013313162646291,True
RF,53,2023-10-26,2023-10-27,2510,60735.0,0.0035728986581049,6.032467064802242e-05,0.0,60952.0,60738.66381887181,60735.0,-213.33618112818655,213.33618112818655,-0.0035125739874568,True
RF,54,2023-10-27,2023-10-30,2511,60952.0,0.002050794067463,0.0002913297288233,0.0,61077.0,60969.757129631245,60952.0,-107.24287036875468,107.24287036875468,-0.0017594643386396,True
RF,55,2023-10-30,2023-10-31,2512,61077.0,-0.0032418095191315,0.0001894994471175,0.0,60879.0,61088.57405773159,61077.0,209.57405773158823,209.57405773158823,0.003431308966249,False
RF,56,2023-10-31,2023-11-01,2513,60879.0,-0.0020039750981455,0.0005283815973784,0.0,60757.0,60911.1673432668,60879.0,154.16734326680307,154.16734326680307,0.0025323566955239,False
RF,57,2023-11-01,2023-11-02,2514,60757.0,0.0007900324242473,0.0004481108175045,0.0,60805.0,60784.22586893912,60757.0,-20.774131060876243,20.774131060876243,-0.0003419216067427,True
RF,58,2023-11-02,2023-11-03,2515,60805.0,0.0003947043828631,0.0003402437306051,0.0,60829.0,60825.68852003945,60805.0,-3.3114799605464214,3.3114799605464214,-5.446065225793147e-05,True
RF,59,2023-11-03,2023-11-06,2516,60829.0,-0.0001808347991911,0.0004573498580031,0.0,60818.0,60856.82013451248,60829.0,38.820134512476216,38.820134512476216,0.0006381846571942,False
RF,60,2023-11-06,2023-11-07,2517,60818.0,-0.0074484527606958,0.0001793866095054,0.0,60365.0,60828.9099348169,60818.0,463.90993481690384,463.90993481690384,0.0076278393702012,False
RF,61,2023-11-07,2023-11-08,2518,60365.0,-0.005334216847511,0.0001059006692364,0.0,60043.0,60371.39269389845,60365.0,328.3926938984514,328.3926938984514,0.0054401175167474,False
RF,62,2023-11-08,2023-11-09,2519,60043.0,0.003797278616991,-4.602856886646384e-05,0.0,60271.0,60040.23630663955,60043.0,-230.76369336045173,230.76369336045173,-0.0038433071858574,False
RF,63,2023-11-09,2023-11-10,2520,60271.0,-0.0095236515073584,3.3877511748727305e-05,0.0,59697.0,60273.04183151061,60271.0,576.0418315106072,576.0418315106072,0.0095575290191071,False
RF,64,2023-11-10,2023-11-12,2521,59697.0,0.0014741109268472,6.013633237678824e-05,0.0,59785.0,59700.5899586339,59697.0,-84.4100413660999,84.4100413660999,-0.0014139745944704,True
RF,65,2023-11-12,2023-11-13,2522,59785.0,0.0009868696161243,0.000773996538796,0.0,59844.0,59831.27338307192,59785.0,-12.72661692807742,12.72661692807742,-0.0002128730773282,True
RF,66,2023-11-13,2023-11-14,2523,59844.0,0.0039937169975268,0.0001473527044828,0.0,60083.0,59852.81817524707,59844.0,-230.18182475293,230.18182475293,-0.0038463642930439,True
RF,67,2023-11-14,2023-11-15,2524,60083.0,0.0006158147895412,0.0001960708645077,0.0,60120.0,60094.78052575221,60083.0,-25.21947424778773,25.21947424778773,-0.0004197439250334,True
RF,68,2023-11-15,2023-11-16,2525,60120.0,0.0088822355289421,-1.3921719811024463e-05,0.0,60654.0,60119.16302620496,60120.0,-534.8369737950416,534.8369737950416,-0.0088961572487531,False
RF,69,2023-11-16,2023-11-17,2526,60654.0,0.0003956870115737,0.0002509662061565,0.0,60678.0,60669.22210426821,60654.0,-8.777895731785975,8.777895731785975,-0.0001447208054171,True
RF,70,2023-11-17,2023-11-20,2527,60678.0,-0.0003460891921289,0.0002616572254099,0.0,60657.0,60693.87683712343,60678.0,36.8768371234255,36.8768371234255,0.0006077464175388,False
RF,71,2023-11-20,2023-11-21,2528,60657.0,0.0091498095850437,0.0002009317050569,0.0,61212.0,60669.18791443365,60657.0,-542.812085566351,542.812085566351,-0.0089488778799867,True
RF,72,2023-11-21,2023-11-22,2529,61212.0,-0.0024014899039404,6.897285165550132e-05,0.0,61065.0,61216.22196619553,61212.0,151.22196619553142,151.22196619553142,0.0024704627555959,False
RF,73,2023-11-22,2023-11-23,2530,61065.0,0.0004585277982478,5.790270878578069e-05,0.0,61093.0,61068.535828912,61065.0,-24.46417108800233,24.46417108800233,-0.000400625089462,True
RF,74,2023-11-23,2023-11-24,2531,61093.0,0.0042394382335129,2.3602018936511053e-05,0.0,61352.0,61094.44191814289,61093.0,-257.55808185711066,257.55808185711066,-0.0042158362145763,True
RF,75,2023-11-24,2023-11-27,2532,61352.0,0.0033413743643238,0.0001317911868141,0.0,61557.0,61360.085652893424,61352.0,-196.91434710657632,196.91434710657632,-0.0032095831775096,True
RF,76,2023-11-27,2023-11-28,2533,61557.0,0.0138408304498269,0.0002571298614548,0.0,62409.0,61572.828142881575,61557.0,-836.1718571184247,836.1718571184247,-0.013583700588372,True
RF,77,2023-11-28,2023-11-29,2534,62409.0,0.0009774231280745,0.0003438568808993,0.0,62470.0,62430.45976408005,62409.0,-39.540235919950646,39.540235919950646,-0.0006335662471751,True
RF,78,2023-11-29,2023-11-30,2535,62470.0,0.0027052985433007,0.0006135041940359,0.0,62639.0,62508.32560700142,62470.0,-130.6743929985823,130.6743929985823,-0.0020917943492647,True
RF,79,2023-11-30,2023-12-01,2536,62639.0,0.0037835853062788,0.0005671719081176,0.0,62876.0,62674.52708115258,62639.0,-201.4729188474157,201.4729188474157,-0.0032164133981611,True
RF,80,2023-12-01,2023-12-04,2537,62876.0,-0.0091290794579808,0.0005358324521175,0.0,62302.0,62909.691001259336,62876.0,607.6910012593362,607.6910012593362,0.0096649119100983,False
RF,81,2023-12-04,2023-12-05,2538,62302.0,0.0047831530287951,0.0006118616833666,0.0,62600.0,62340.1202065971,62302.0,-259.87979340289894,259.87979340289894,-0.0041712913454284,True
RF,82,2023-12-05,2023-12-06,2539,62600.0,-0.0052875399361022,0.0005099605805209,0.0,62269.0,62631.92353234062,62600.0,362.9235323406174,362.9235323406174,0.0057975005166231,False
RF,83,2023-12-06,2023-12-07,2540,62269.0,0.0003372464629269,0.0003004142957544,0.0,62290.0,62287.706497782325,62269.0,-2.293502217675268,2.293502217675268,-3.6832167172475016e-05,True
RF,84,2023-12-07,2023-12-08,2541,62290.0,-0.0111253812811045,0.0003557844143296,0.0,61597.0,62312.16181116859,62290.0,715.1618111685893,715.1618111685893,0.0114811656954341,False
RF,85,2023-12-08,2023-12-11,2542,61597.0,-0.0099193142523175,5.974208723420385e-05,0.0,60986.0,61600.67993334736,61597.0,614.6799333473609,614.6799333473609,0.0099790563395517,False
RF,86,2023-12-11,2023-12-12,2543,60986.0,-3.2794411832237635e-05,-0.0001508655993903,0.0,60984.0,60976.79931055558,60986.0,-7.200689444420277,7.200689444420277,-0.0001180711875581,True
RF,87,2023-12-12,2023-12-13,2544,60984.0,0.0001311819493636,-0.0001348178775269,0.0,60992.0,60975.7782665569,60984.0,-16.221733443097037,16.221733443097037,-0.0002659998268905,False
RF,88,2023-12-13,2023-12-14,2545,60992.0,0.0202813483735571,-9.698766216360396e-05,0.0,62229.0,60986.08452850932,60992.0,-1242.9154714906836,1242.9154714906836,-0.0203783360357207,False
RF,89,2023-12-14,2023-12-15,2546,62229.0,-0.0038245833935945,-0.0003205419847202,0.0,61991.0,62209.05299283284,62229.0,218.0529928328397,218.0529928328397,0.0035040414088742,True
RF,90,2023-12-15,2023-12-18,2547,61991.0,0.0010646706780017,9.4513679305505e-05,0.0,62057.0,61996.85899749383,61991.0,-60.14100250617048,60.14100250617048,-0.0009701569986961,True
RF,91,2023-12-18,2023-12-19,2548,62057.0,0.0024815895064214,0.0002062421440846,0.0,62211.0,62069.79876873546,62057.0,-141.20123126453836,141.20123126453836,-0.0022753473623367,True
RF,92,2023-12-19,2023-12-20,2549,62211.0,-0.0009644596614746,0.0003932195129434,0.0,62151.0,62235.462579119725,62211.0,84.46257911972498,84.46257911972498,0.001357679174418,False
RF,93,2023-12-20,2023-12-21,2550,62151.0,0.0017055236440282,0.0003175176474287,0.0,62257.0,62170.73403930535,62151.0,-86.2659606946545,86.2659606946545,-0.0013880059965994,True
RF,94,2023-12-21,2023-12-22,2551,62257.0,0.0064249803234976,0.0003525170481962,0.0,62657.0,62278.94665386955,62257.0,-378.0533461304513,378.0533461304513,-0.0060724632753013,True
RF,95,2023-12-22,2023-12-26,2552,62657.0,0.0010373940661059,0.0003567576372655,0.0,62722.0,62679.35336327816,62657.0,-42.64663672184543,42.64663672184543,-0.0006806364288403,True
RF,96,2023-12-26,2023-12-27,2553,62722.0,0.0090877204170785,0.0005469086731109,0.0,63292.0,62756.30320579487,62722.0,-535.6967942051342,535.6967942051342,-0.0085408117439675,True
RF,97,2023-12-27,2023-12-28,2554,63292.0,-0.0027333628262655,0.0004772586316108,0.0,63119.0,63322.20665331192,63292.0,203.20665331191407,203.20665331191407,0.0032106214578763,False
RF,98,2023-12-28,2023-12-29,2555,63119.0,-0.0026141098559863,0.0006046473872391,0.0,62954.0,63157.16473843515,63119.0,203.16473843515269,203.16473843515269,0.0032187572432254,False
RF,99,2023-12-29,2024-01-01,2556,62954.0,0.0007465768656478,0.0004964558290509,0.0,63001.0,62985.25388026208,62954.0,-15.746119737923436,15.746119737923436,-0.0002501210365968,True
RF,100,2024-01-01,2024-01-02,2557,63001.0,0.0006031650291264,0.0007493570240162,0.0,63039.0,63048.210241870045,63001.0,9.210241870045138,9.210241870045138,0.0001461919948898,True
RF,101,2024-01-02,2024-01-03,2558,63039.0,-0.0118180808705722,0.0007884974003904,0.0,62294.0,63088.70608762321,63039.0,794.7060876232135,794.7060876232135,0.0126065782709626,False
RF,102,2024-01-03,2024-01-04,2559,62294.0,0.002407936558898,0.0008521694250468,0.0,62444.0,62347.08504216388,62294.0,-96.9149578361248,96.9149578361248,-0.0015557671338511,True
RF,103,2024-01-04,2024-01-05,2560,62444.0,0.0029306258407533,0.0004792285753622,0.0,62627.0,62473.924949159926,62444.0,-153.07505084007423,153.07505084007423,-0.002451397265391,True
RF,104,2024-01-05,2024-01-08,2561,62627.0,-0.0077761987641112,0.0004759991923842,0.0,62140.0,62656.81040142144,62627.0,516.8104014214405,516.8104014214405,0.0082521979564954,False
RF,105,2024-01-08,2024-01-09,2562,62140.0,0.0011425812681042,3.0873066687174955e-05,0.0,62211.0,62141.91845236394,62140.0,-69.08154763605853,69.08154763605853,-0.001111708201417,True
RF,106,2024-01-09,2024-01-10,2563,62211.0,-0.002636189741364,0.0001494102682123,0.0,62047.0,62220.29496219577,62211.0,173.29496219576686,173.29496219576686,0.0027856000095763,False
RF,107,2024-01-10,2024-01-11,2564,62047.0,-0.0034973487839863,0.0001722440335721,0.0,61830.0,62057.687225551046,62047.0,227.6872255510461,227.6872255510461,0.0036695928175584,False
RF,108,2024-01-11,2024-01-12,2565,61830.0,0.0087659712113861,0.0001717398941815,0.0,62372.0,61840.61867765725,61830.0,-531.3813223427496,531.3813223427496,-0.0085942313172045,True
RF,109,2024-01-12,2024-01-15,2566,62372.0,0.0031264028730839,0.0001789904985552,0.0,62567.0,62383.163995375886,62372.0,-183.8360046241141,183.8360046241141,-0.0029474123745286,True
RF,110,2024-01-15,2024-01-16,2567,62567.0,-0.0080233989163616,0.0003362206293858,0.0,62065.0,62588.03631611878,62567.0,523.0363161187779,523.0363161187779,0.0083596195457474,False
RF,111,2024-01-16,2024-01-17,2568,62065.0,-0.008120518810924,0.000213620614282,0.0,61561.0,62078.25836342541,62065.0,517.2583634254115,517.2583634254115,0.008334139425206,False
RF,112,2024-01-17,2024-01-18,2569,61561.0,0.0037361316417861,0.0002564220405271,0.0,61791.0,61576.7855972369,61561.0,-214.21440276310025,214.21440276310025,-0.0034797096012589,True
RF,113,2024-01-18,2024-01-19,2570,61791.0,0.0037222249194865,0.0002453147552167,0.0,62021.0,61806.1582440396,61791.0,-214.8417559603986,214.8417559603986,-0.0034769101642697,True
RF,114,2024-01-19,2024-01-22,2571,62021.0,-0.0021444349494526,0.0003144565267157,0.0,61888.0,62040.50290824344,62021.0,152.50290824343392,152.50290824343392,0.0024588914761683,False
RF,115,2024-01-22,2024-01-23,2572,61888.0,0.0018581954498448,0.0005232147101851,0.0,62003.0,61920.38071198393,61888.0,-82.619288016067,82.619288016067,-0.0013349807396596,True
RF,116,2024-01-23,2024-01-24,2573,62003.0,0.0011128493782559,0.0003199768052781,0.0,62072.0,62022.83952185766,62003.0,-49.16047814233752,49.16047814233752,-0.0007928725729777,True
RF,117,2024-01-24,2024-01-25,2574,62072.0,-0.0005799716458306,0.0001777823527805,0.0,62036.0,62083.03530620181,62072.0,47.03530620180391,47.03530620180391,0.0007577539986111,False
RF,118,2024-01-25,2024-01-29,2575,62036.0,0.0031916951447545,0.000345899314195,0.0,62234.0,62057.4582098554,62036.0,-176.54179014460533,176.54179014460533,-0.0028457958305594,True
RF,119,2024-01-29,2024-01-30,2576,62234.0,0.0022013690265771,0.0004818841634439,0.0,62371.0,62263.98957902777,62234.0,-107.01042097222673,107.01042097222673,-0.0017194848631331,True
RF,120,2024-01-30,2024-01-31,2577,62371.0,0.0079203475974412,0.0006827223017248,0.0,62865.0,62413.58207268089,62371.0,-451.4179273191112,451.4179273191112,-0.0072376252957163,True
RF,121,2024-01-31,2024-02-01,2578,62865.0,0.0034041199395529,0.0006276405215906,0.0,63079.0,62904.45662138979,62865.0,-174.54337861020758,174.54337861020758,-0.0027764794179622,True
RF,122,2024-02-01,2024-02-02,2579,63079.0,-0.0069753800789486,0.0004749070002909,0.0,62639.0,63108.95665867136,63079.0,469.9566586713554,469.9566586713554,0.0074502870792395,False
RF,123,2024-02-02,2024-02-05,2580,62639.0,-0.0015485560114305,0.0002604378950999,0.0,62542.0,62655.31356931116,62639.0,113.3135693111617,113.3135693111617,0.0018089939065304,False
RF,124,2024-02-05,2024-02-06,2581,62542.0,-0.0035176361485081,0.00027631898082,0.0,62322.0,62559.28154169844,62542.0,237.28154169843765,237.28154169843765,0.0037939551293281,False
RF,125,2024-02-06,2024-02-07,2582,62322.0,-0.0002727768685215,5.320688585813411e-05,0.0,62305.0,62325.31595954045,62322.0,20.31595954045042,20.31595954045042,0.0003259837543796,False
RF,126,2024-02-07,2024-02-08,2583,62305.0,-0.0013803065564561,-2.198864681894476e-05,0.0,62219.0,62303.629997359945,62305.0,84.62999735994526,84.62999735994526,0.0013583179096371,True
RF,127,2024-02-08,2024-02-09,2584,62219.0,-0.001832237740883,0.0001281319181566,0.0,62105.0,62226.97223981578,62219.0,121.9722398157828,121.9722398157828,0.0019603696590396,False
RF,128,2024-02-09,2024-02-12,2585,62105.0,-0.004009339022623,0.0001346372042564,0.0,61856.0,62113.36164357034,62105.0,257.36164357033704,257.36164357033704,0.0041439762268794,False
RF,129,2024-02-12,2024-02-13,2586,61856.0,-0.0095221158820486,0.0003765159861231,0.0,61267.0,61879.28977283763,61856.0,612.2897728376265,612.2897728376265,0.0098986318681717,False
RF,130,2024-02-13,2024-02-14,2587,61267.0,-0.0015832340411641,0.0002269918481067,0.0,61170.0,61280.90710955797,61267.0,110.90710955796384,110.90710955796384,0.0018102258892708,False
RF,131,2024-02-14,2024-02-15,2588,61170.0,0.0022233120810855,0.0001523793058646,0.0,61306.0,61179.32104213974,61170.0,-126.67895786026202,126.67895786026202,-0.0020709327752208,True
RF,132,2024-02-15,2024-02-16,2589,61306.0,0.0031318304896748,0.0001656873742811,0.0,61498.0,61316.15763016768,61306.0,-181.8423698323168,181.8423698323168,-0.0029661431153936,True
RF,133,2024-02-16,2024-02-19,2590,61498.0,0.0023252788708576,0.0002099710833921,0.0,61641.0,61510.91280168644,61498.0,-130.08719831355847,130.08719831355847,-0.0021153077874654,True
RF,134,2024-02-19,2024-02-20,2591,61641.0,0.0027416816729124,0.0003081585526603,0.0,61810.0,61659.995201344536,61641.0,-150.00479865546367,150.00479865546367,-0.002433523120252,True
RF,135,2024-02-20,2024-02-21,2592,61810.0,-0.0010677883837566,0.0003299318573129,0.0,61744.0,61830.39308810051,61810.0,86.39308810050716,86.39308810050716,0.0013977202410695,False
RF,136,2024-02-21,2024-02-22,2593,61744.0,-0.0013442601710287,0.0003042851762058,0.0,61661.0,61762.78778391965,61744.0,101.7877839196517,101.7877839196517,0.0016485453472345,False
RF,137,2024-02-22,2024-02-23,2594,61661.0,0.0040382089164949,0.0005828132562074,0.0,61910.0,61696.936848191,61661.0,-213.06315180900128,213.06315180900128,-0.0034553956602874,True
RF,138,2024-02-23,2024-02-26,2595,61910.0,-0.0023259570344047,0.0006191089912483,0.0,61766.0,61948.32903764819,61910.0,182.32903764818911,182.32903764818911,0.002945066025653,False
RF,139,2024-02-26,2024-02-27,2596,61766.0,0.0011818799987048,0.0003227988856436,0.0,61839.0,61785.93799597066,61766.0,-53.062004029336094,53.062004029336094,-0.0008590811130611,True
RF,140,2024-02-27,2024-02-28,2597,61839.0,-0.0007600381636184,0.0003761101116569,0.0,61792.0,61862.25827319475,61839.0,70.25827319474774,70.25827319474774,0.0011361482752753,False
RF,141,2024-02-28,2024-02-29,2598,61792.0,0.0081078456758156,0.0003829251207244,0.0,62293.0,61815.661709059816,61792.0,-477.3382909401844,477.3382909401844,-0.0077249205550911,True
RF,142,2024-02-29,2024-03-01,2599,62293.0,0.0135167675340728,0.0005345800429916,0.0,63135.0,62326.30059461808,62293.0,-808.6994053819217,808.6994053819217,-0.0129821874910811,True
RF,143,2024-03-01,2024-03-04,2600,63135.0,0.0074443652490694,0.0005094085322372,0.0,63605.0,63167.1615076828,63135.0,-437.8384923172053,437.8384923172053,-0.0069349567168321,True
RF,144,2024-03-04,2024-03-05,2601,63605.0,0.009244556245578,0.0001011724534983,0.0,64193.0,63611.43507390476,63605.0,-581.5649260952414,581.5649260952414,-0.0091433837920796,True
RF,145,2024-03-05,2024-03-06,2602,64193.0,0.0132257411244216,0.0003053389994799,0.0,65042.0,64212.60062639361,64193.0,-829.399373606393,829.399373606393,-0.0129204021249416,True
RF,146,2024-03-06,2024-03-07,2603,65042.0,0.0031364349189755,0.0007167331850109,0.0,65246.0,65088.61775981948,65042.0,-157.3822401805228,157.3822401805228,-0.0024197017339645,True
RF,147,2024-03-07,2024-03-08,2604,65246.0,0.0092112926462923,0.0007263232982418,0.0,65847.0,65293.38968991708,65246.0,-553.6103100829205,553.6103100829205,-0.0084849693480504,True
RF,148,2024-03-08,2024-03-11,2605,65847.0,0.0003796680182848,0.0007942497130498,0.0,65872.0,65899.29896085519,65847.0,27.298960855187037,27.298960855187037,0.000414581694765,True
RF,149,2024-03-11,2024-03-12,2606,65872.0,-0.008167354870051,0.0008910807481488,0.0,65334.0,65930.69727104205,65872.0,596.6972710420523,596.6972710420523,0.0090584356181998,False
RF,150,2024-03-12,2024-03-13,2607,65334.0,0.005862185079744,0.0001221254691665,0.0,65717.0,65341.97894540253,65334.0,-375.0210545974696,375.0210545974696,-0.0057400596105774,True
RF,151,2024-03-13,2024-03-14,2608,65717.0,-0.0042911271056195,0.0004016448544155,0.0,65435.0,65743.39489489762,65717.0,308.39489489761763,308.39489489761763,0.004692771960035,False
RF,152,2024-03-14,2024-03-15,2609,65435.0,-0.0010391992053182,0.0003983398626051,0.0,65367.0,65461.06536890958,65435.0,94.06536890957796,94.06536890957796,0.0014375390679233,False
RF,153,2024-03-15,2024-03-18,2610,65367.0,0.0009484908287056,0.0003711424307827,0.0,65429.0,65391.260467272965,65367.0,-37.73953272703511,37.73953272703511,-0.0005773483979228,True
RF,154,2024-03-18,2024-03-19,2611,65429.0,3.0567485365784464e-05,0.0003816123161414,0.0,65431.0,65453.96851223282,65429.0,22.96851223282283,22.96851223282283,0.0003510448307756,True
RF,155,2024-03-19,2024-03-20,2612,65431.0,0.001910409438951,0.0003815686840781,0.0,65556.0,65455.96642056792,65431.0,-100.03357943207811,100.03357943207811,-0.0015288407548728,True
RF,156,2024-03-20,2024-03-21,2613,65556.0,0.0058423332723167,0.0003637128919688,0.0,65939.0,65579.84356234591,65556.0,-359.15643765409186,359.15643765409186,-0.0054786203803478,True
RF,157,2024-03-21,2024-03-22,2614,65939.0,-0.003836879540181,0.0002809466255739,0.0,65686.0,65957.52533954372,65939.0,271.5253395437176,271.5253395437176,0.0041178261657549,False
RF,158,2024-03-22,2024-03-25,2615,65686.0,0.0026794141826265,0.0004191123594137,0.0,65862.0,65713.52981444045,65686.0,-148.47018555954855,148.47018555954855,-0.0022603018232127,True
RF,159,2024-03-25,2024-03-26,2616,65862.0,0.0025052382253802,0.0004851626527988,0.0,66027.0,65893.95378263864,65862.0,-133.04621736136323,133.04621736136323,-0.0020200755725813,True
RF,160,2024-03-26,2024-03-27,2617,66027.0,0.0040589455828676,0.0005214033450945,0.0,66295.0,66061.42669866656,66027.0,-233.5733013334393,233.5733013334393,-0.003537542237773,True
RF,161,2024-03-27,2024-03-28,2618,66295.0,0.0195640696885135,0.0006172050924227,0.0,67592.0,66335.91761160216,66295.0,-1256.0823883978446,1256.0823883978446,-0.0189468645960907,True
RF,162,2024-03-28,2024-04-01,2619,67592.0,0.0099272103207479,-4.224114235675469e-05,0.0,68263.0,67589.14483670582,67592.0,-673.8551632941817,673.8551632941817,-0.0099694514631046,False
RF,163,2024-04-01,2024-04-02,2620,68263.0,0.0078959319104052,0.0017302307961815,0.0,68802.0,68381.11074483974,68263.0,-420.8892551602621,420.8892551602621,-0.0061657011142236,True
RF,164,2024-04-02,2024-04-03,2621,68802.0,0.0134153076945437,0.001554076358743,0.0,69725.0,68908.92356163425,68802.0,-816.0764383657515,816.0764383657515,-0.0118612313358006,True
RF,165,2024-04-03,2024-04-04,2622,69725.0,-0.0016206525636428,0.0023779763260197,0.0,69612.0,69890.80439933173,69725.0,278.804399331726,278.804399331726,0.0039986288896625,False
RF,166,2024-04-04,2024-04-05,2623,69612.0,0.0156438545078434,0.0020876749467328,0.0,70701.0,69757.32722839197,69612.0,-943.672771608035,943.672771608035,-0.0135561795611105,True
RF,167,2024-04-05,2024-04-08,2624,70701.0,-0.001329542722168,0.0024231636370703,0.0,70607.0,70872.32009230451,70701.0,265.32009230450785,265.32009230450785,0.0037527063592383,False
RF,168,2024-04-08,2024-04-09,2625,70607.0,0.0074071975866416,0.0007928549057216,0.0,71130.0,70662.98110632828,70607.0,-467.0188936717168,467.0188936717168,-0.0066143426809199,True
RF,169,2024-04-09,2024-04-10,2626,71130.0,-4.2176296921159206e-05,0.0011884358125957,0.0,71127.0,71214.53343934994,71130.0,87.53343934993609,87.53343934993609,0.0012306121095169,False
RF,170,2024-04-10,2024-04-11,2627,71127.0,0.0054409717828671,-0.0003896029652065,0.0,71514.0,71099.28870989375,71127.0,-414.7112901062501,414.7112901062501,-0.0058305747480736,False
RF,171,2024-04-11,2024-04-12,2628,71514.0,0.0047962636686522,0.0013699320733218,0.0,71857.0,71611.96932229154,71514.0,-245.0306777084625,245.0306777084625,-0.0034263315953303,True
RF,172,2024-04-12,2024-04-15,2629,71857.0,0.0065686015280348,-0.0007402616845464,0.0,72329.0,71803.80701613355,71857.0,-525.192983866451,525.192983866451,-0.0073088632125812,False
RF,173,2024-04-15,2024-04-16,2630,72329.0,0.0107840561876979,0.0005827560253352,0.0,73109.0,72371.15016055648,72329.0,-737.8498394435155,737.8498394435155,-0.0102013001623626,True
RF,174,2024-04-16,2024-04-17,2631,73109.0,-0.0056627774966145,0.0008141198561549,0.0,72695.0,73168.51948856363,73109.0,473.51948856363015,473.51948856363015,0.0064768973527694,False
RF,175,2024-04-17,2024-04-18,2632,72695.0,0.0044157094710777,0.0030490589824721,0.0,73016.0,72916.65134273081,72695.0,-99.34865726919088,99.34865726919088,-0.0013666504886055,True
RF,176,2024-04-18,2024-04-19,2633,73016.0,0.0031499945217485,0.0033608120155381,0.0,73246.0,73261.39305012654,73016.0,15.39305012654222,15.39305012654222,0.0002108174937896,True
RF,177,2024-04-19,2024-04-22,2634,73246.0,-0.0178849356961472,0.0032828150887338,0.0,71936.0,73486.4530739894,73246.0,1550.4530739893962,1550.4530739893962,0.021167750784881,False
RF,178,2024-04-22,2024-04-23,2635,71936.0,-0.004809830960854,0.0018233222346169,0.0,71590.0,72067.16250826941,71936.0,477.16250826940814,477.16250826940814,0.0066331531954709,False
RF,179,2024-04-23,2024-04-24,2636,71590.0,0.0014247799972062,0.0013683888923838,0.0,71692.0,71687.96296080576,71590.0,-4.037039194241515,4.037039194241515,-5.639110482235656e-05,True
RF,180,2024-04-24,2024-04-25,2637,71692.0,0.0004603024047313,0.0015419948918653,0.0,71725.0,71802.54869778761,71692.0,77.54869778761349,77.54869778761349,0.001081692487134,True
RF,181,2024-04-25,2024-04-26,2638,71725.0,0.0053258975252701,0.0012705769133494,0.0,72107.0,71816.13212910999,71725.0,-290.86787089001155,290.86787089001155,-0.0040553206119206,True
RF,182,2024-04-26,2024-04-29,2639,72107.0,0.0019831639091905,0.001443565484123,0.0,72250.0,72211.09117636367,72107.0,-38.90882363633136,38.90882363633136,-0.0005395984250674,True
RF,183,2024-04-29,2024-04-30,2640,72250.0,-0.0177301038062284,0.0015361249199712,0.0,70969.0,72360.98502546792,72250.0,1391.9850254679186,1391.9850254679186,0.0192662287261996,False
RF,184,2024-04-30,2024-05-01,2641,70969.0,0.0042976510870944,0.0017975871445471,0.0,71274.0,71096.57296206137,70969.0,-177.42703793862893,177.42703793862893,-0.0025000639425472,True
RF,185,2024-05-01,2024-05-02,2642,71274.0,-0.0021747060639223,0.00144398881447,0.0,71119.0,71376.91885876252,71274.0,257.9188587625249,257.9188587625249,0.0036186948783923,False
RF,186,2024-05-02,2024-05-03,2643,71119.0,-0.0017013737538491,0.001478324537494,0.0,70998.0,71224.13696278204,71119.0,226.1369627820386,226.1369627820386,0.0031796982913431,False
RF,187,2024-05-03,2024-05-06,2644,70998.0,0.0045494239274346,0.0013235671646677,0.0,71321.0,71091.97062155708,70998.0,-229.0293784429232,229.0293784429232,-0.0032258567627668,True
RF,188,2024-05-06,2024-05-07,2645,71321.0,-0.0025939064230731,0.0008503079650115,0.0,71136.0,71381.64481437259,71321.0,245.64481437258652,245.64481437258652,0.0034442143880846,False
RF,189,2024-05-07,2024-05-08,2646,71136.0,-9.840305892938606e-05,0.0006631855977064,0.0,71129.0,71183.17637067844,71136.0,54.17637067844044,54.17637067844044,0.0007615886566358,False
RF,190,2024-05-08,2024-05-09,2647,71129.0,0.0064249462244654,0.0006285743263003,0.0,71586.0,71173.70986325543,71129.0,-412.2901367445738,412.2901367445738,-0.005796371898165,True
RF,191,2024-05-09,2024-05-10,2648,71586.0,0.0140949347637806,0.000394848264618,0.0,72595.0,71614.26560787096,71586.0,-980.7343921290447,980.7343921290447,-0.0137000864991625,True
RF,192,2024-05-10,2024-05-13,2649,72595.0,-0.0106894414215854,0.0008487373380513,0.0,71819.0,72656.61408705584,72595.0,837.6140870558447,837.6140870558447,0.0115381787596367,False
RF,193,2024-05-13,2024-05-14,2650,71819.0,0.0054860134504797,0.0004837748453707,0.0,72213.0,71853.74422561968,71819.0,-359.25577438031905,359.25577438031905,-0.0050022386051089,True
RF,194,2024-05-14,2024-05-15,2651,72213.0,0.0109121626299972,0.000663303284384,0.0,73001.0,72260.89912007522,72213.0,-740.1008799247793,740.1008799247793,-0.0102488593456131,True
RF,195,2024-05-15,2024-05-16,2652,73001.0,-0.0014383364611443,0.0003679329924573,0.0,72896.0,73027.85947638238,73001.0,131.8594763823785,131.8594763823785,0.0018062694536016,False
RF,196,2024-05-16,2024-05-17,2653,72896.0,0.0095615671641791,0.0008372966696982,0.0,73593.0,72957.03557803432,72896.0,-635.9644219656766,635.9644219656766,-0.0087242704944808,True
RF,197,2024-05-17,2024-05-20,2654,73593.0,0.0093758917288329,0.0009230792029805,0.0,74283.0,73660.93216778495,73593.0,-622.0678322150488,622.0678322150488,-0.0084528125258523,True
RF,198,2024-05-20,2024-05-21,2655,74283.0,-0.0042136154974893,0.0013742465360222,0.0,73970.0,74385.08315543534,74283.0,415.08315543533536,415.08315543533536,0.0055878620335115,False
RF,199,2024-05-21,2024-05-22,2656,73970.0,-0.012748411518183,0.0009762021412155,0.0,73027.0,74042.20967238571,73970.0,1015.2096723857104,1015.2096723857104,0.0137246136593985,False
RF,200,2024-05-22,2024-05-23,2657,73027.0,-0.019102523724102,0.0003757102629511,0.0,71632.0,73054.43699337254,73027.0,1422.4369933725393,1422.4369933725393,0.0194782339870531,False
RF,201,2024-05-23,2024-05-24,2658,71632.0,-0.003517980790708,-0.0003806271065035,0.0,71380.0,71604.73491910694,71632.0,224.734919106937,224.734919106937,0.0031373536842044,True
RF,202,2024-05-24,2024-05-27,2659,71380.0,0.0086999159428411,9.324749079436448e-05,0.0,72001.0,71386.6560058929,71380.0,-614.3439941070974,614.3439941070974,-0.0086066684520467,True
RF,203,2024-05-27,2024-05-28,2660,72001.0,0.001999972222608,0.0001572131906105,0.0,72145.0,72012.31950693714,72001.0,-132.68049306285684,132.68049306285684,-0.0018427590319974,True
RF,204,2024-05-28,2024-05-29,2661,72145.0,-0.0021068681128283,-0.0001598713057672,0.0,71993.0,72133.46608464542,72145.0,140.46608464542078,140.46608464542078,0.001946996807061,True
RF,205,2024-05-29,2024-05-30,2662,71993.0,-0.001958523745364,-4.8553731256731845e-05,0.0,71852.0,71989.50447122563,71993.0,137.50447122563492,137.50447122563492,0.0019099700141072,True
RF,206,2024-05-30,2024-05-31,2663,71852.0,-0.0020737070645214,0.0006985470023981,0.0,71703.0,71902.19199921632,71852.0,199.19199921631665,199.19199921631665,0.0027722540669195,False
RF,207,2024-05-31,2024-06-03,2664,71703.0,0.0016038380541958,0.0008466773159143,0.0,71818.0,71763.709303583,71703.0,-54.29069641699607,54.29069641699607,-0.0007571607382814,True
RF,208,2024-06-03,2024-06-04,2665,71818.0,-0.0005012670918154,0.0007586076801923,0.0,71782.0,71872.48168637606,71818.0,90.48168637606432,90.48168637606432,0.0012598747720077,False
RF,209,2024-06-04,2024-06-05,2666,71782.0,0.009793541556379,0.0009107583450375,0.0,72485.0,71847.37605552349,71782.0,-637.6239444765088,637.6239444765088,-0.0088827832113414,True
RF,210,2024-06-05,2024-06-06,2667,72485.0,0.0065944678209284,0.0007145680529092,0.0,72963.0,72536.79546531512,72485.0,-426.2045346848754,426.2045346848754,-0.0058798997680191,True
RF,211,2024-06-06,2024-06-07,2668,72963.0,-0.0226827296026753,-0.0002201958630483,0.0,71308.0,72946.93384924441,72963.0,1638.9338492444076,1638.9338492444076,0.0224625337396269,True
RF,212,2024-06-07,2024-06-10,2669,71308.0,-7.011835979131575e-05,-0.0019134805396037,0.0,71303.0,71171.55352968194,71308.0,-131.44647031805653,131.44647031805653,-0.0018433621798123,True
RF,213,2024-06-10,2024-06-11,2670,71303.0,0.0006030601797961,0.0008311231658188,0.0,71346.0,71362.26157509239,71303.0,16.26157509238692,16.26157509238692,0.0002280629860227,True
RF,214,2024-06-11,2024-06-12,2671,71346.0,0.0063072912286603,0.0007764104450092,0.0,71796.0,71401.39377960963,71346.0,-394.6062203903712,394.6062203903712,-0.005530880783651,True
RF,215,2024-06-12,2024-06-13,2672,71796.0,-0.0106691180567162,0.0006625559832492,0.0,71030.0,71843.56886937335,71796.0,813.5688693733537,813.5688693733537,0.0113316740399654,False
RF,216,2024-06-13,2024-06-14,2673,71030.0,0.0093059270730677,0.0002256957561135,0.0,71691.0,71046.03116955675,71030.0,-644.9688304432493,644.9688304432493,-0.0090802313169541,True
RF,217,2024-06-14,2024-06-17,2674,71691.0,-0.0056631934273478,0.0003680328335626,0.0,71285.0,71717.38464187094,71691.0,432.3846418709436,432.3846418709436,0.0060312262609104,False
RF,218,2024-06-17,2024-06-18,2675,71285.0,0.0030581468752191,0.0004493105811407,0.0,71503.0,71317.02910477662,71285.0,-185.9708952233777,185.9708952233777,-0.0026088362940783,True
RF,219,2024-06-18,2024-06-19,2676,71503.0,0.000223766834958,0.000468239461444,0.0,71519.0,71536.48052621164,71503.0,17.480526211642427,17.480526211642427,0.000244472626486,True
RF,220,2024-06-19,2024-06-20,2677,71519.0,0.010332918525147,0.0006167097576238,0.0,72258.0,71563.10646515549,71519.0,-694.8935348445084,694.8935348445084,-0.0097162087675231,True
RF,221,2024-06-20,2024-06-21,2678,72258.0,-0.0114727781006946,3.875230533425071e-05,0.0,71429.0,72260.80016407884,72258.0,831.8001640788425,831.8001640788425,0.0115115304060288,False
RF,222,2024-06-21,2024-06-24,2679,71429.0,0.0011619930280417,-0.0010119840730122,0.0,71512.0,71356.71498964881,71429.0,-155.28501035118825,155.28501035118825,-0.0021739771010539,False
RF,223,2024-06-24,2024-06-25,2680,71512.0,-0.0043489204609016,0.0006286852586389,0.0,71201.0,71556.95854021578,71512.0,355.9585402157827,355.9585402157827,0.0049776057195405,False
RF,224,2024-06-25,2024-06-26,2681,71201.0,-0.0039606185306385,0.0008046808823747,0.0,70919.0,71258.29408350596,71201.0,339.2940835059562,339.2940835059562,0.0047652994130132,False
RF,225,2024-06-26,2024-06-27,2682,70919.0,0.0054146279558369,0.0006508121728194,0.0,71303.0,70965.15494848418,70919.0,-337.84505151581834,337.84505151581834,-0.0047638157830174,True
RF,226,2024-06-27,2024-06-28,2683,71303.0,-0.0003926903496346,0.0008330398783242,0.0,71275.0,71362.39824244415,71303.0,87.39824244414922,87.39824244414922,0.0012257302279588,False
RF,227,2024-06-28,2024-07-01,2684,71275.0,0.0007576289021395,0.0007691821427377,0.0,71329.0,71329.82345722364,71275.0,0.8234572236397071,0.8234572236397071,1.1553240598261884e-05,True
RF,228,2024-07-01,2024-07-02,2685,71329.0,0.0003925472108119,0.0011484144923808,0.0,71357.0,71410.91525732703,71329.0,53.91525732702576,53.91525732702576,0.0007558672815689,True
RF,229,2024-07-02,2024-07-03,2686,71357.0,0.0112532757823338,0.0011494945703919,0.0,72160.0,71439.02448405947,71357.0,-720.9755159405322,720.9755159405322,-0.0101037812119418,True
RF,230,2024-07-03,2024-07-04,2687,72160.0,-0.0001247228381374,0.0009825052521924,0.0,72151.0,72230.89757899822,72160.0,79.89757899822143,79.89757899822143,0.0011072280903298,False
RF,231,2024-07-04,2024-07-05,2688,72151.0,0.015301243226012,0.0001600579801094,0.0,73255.0,72162.54834332288,72151.0,-1092.45165667712,1092.45165667712,-0.0151411852459025,True
RF,232,2024-07-05,2024-07-08,2689,73255.0,-0.0125998225377107,-0.0001516388168339,0.0,72332.0,73243.89169847283,73255.0,911.8916984728276,911.8916984728276,0.0124481837208767,True
RF,233,2024-07-08,2024-07-09,2690,72332.0,0.0007327324005972,-0.0019292640714262,0.0,72385.0,72192.45247118559,72332.0,-192.547528814408,192.547528814408,-0.0026619964720234,False
RF,234,2024-07-09,2024-07-10,2691,72385.0,0.0033708641293086,-0.0018049469757085,0.0,72629.0,72254.34891316334,72385.0,-374.6510868366604,374.6510868366604,-0.0051758111050171,False
RF,235,2024-07-10,2024-07-11,2692,72629.0,0.0079307163805091,-0.0018600685303536,0.0,73205.0,72493.90508270895,72629.0,-711.0949172910478,711.0949172910478,-0.0097907849108627,False
RF,236,2024-07-11,2024-07-12,2693,73205.0,-0.0006283723789358,-0.0016994578009195,0.0,73159.0,73080.59119168369,73205.0,-78.40880831630784,78.40880831630784,-0.0010710854219837,True
RF,237,2024-07-12,2024-07-15,2694,73159.0,0.0020776664525212,-0.0012627356407431,0.0,73311.0,73066.61952325887,73159.0,-244.3804767411348,244.3804767411348,-0.0033404020932643,False
RF,238,2024-07-15,2024-07-16,2695,73311.0,0.0097393297049555,-0.0014502696587791,0.0,74025.0,73204.67928104525,73311.0,-820.3207189547538,820.3207189547538,-0.0111895993637346,False
RF,239,2024-07-16,2024-07-17,2696,74025.0,-0.0013644039175954,-0.0011527202347986,0.0,73924.0,73939.66988461903,74025.0,15.66988461902656,15.66988461902656,0.0002116836827967,True
RF,240,2024-07-17,2024-07-18,2697,73924.0,0.0005546236675504,-0.0006305068679477,0.0,73965.0,73877.39041029382,73924.0,-87.60958970617503,87.60958970617503,-0.0011851305354981,False
RF,241,2024-07-18,2024-07-19,2698,73965.0,-0.0147772595146352,-0.0008709964050056,0.0,72872.0,73900.57675090375,73965.0,1028.576750903754,1028.576750903754,0.0139062631096295,True
RF,242,2024-07-19,2024-07-22,2699,72872.0,-0.0031699418157865,-0.0022109943102375,0.0,72641.0,72710.88042262437,72872.0,69.88042262436647,69.88042262436647,0.0009589475055489,True
RF,243,2024-07-22,2024-07-23,2700,72641.0,-0.0549689569251524,-0.0014568410264299,0.0,68648.0,72535.1736109991,72641.0,3887.173610999104,3887.173610999104,0.0535121158987224,True
RF,244,2024-07-23,2024-07-24,2701,68648.0,0.0055354853746649,-0.0013669015633459,0.0,69028.0,68554.16494147942,68648.0,-473.8350585205772,473.8350585205772,-0.0069023869380108,False
RF,245,2024-07-24,2024-07-25,2702,69028.0,-0.0222663267080025,0.0011245756025893,0.0,67491.0,69105.62720469553,69028.0,1614.627204695527,1614.627204695527,0.0233909023105918,False
RF,246,2024-07-25,2024-07-26,2703,67491.0,0.0101050510438429,0.0002117892744869,0.0,68173.0,67505.2938699244,67491.0,-667.7061300756031,667.7061300756031,-0.0098932617693559,True
RF,247,2024-07-26,2024-07-29,2704,68173.0,0.0004840626054303,0.0008082366889387,0.0,68206.0,68228.09991979503,68173.0,22.099919795029564,22.099919795029564,0.0003241740835084,True
RF,248,2024-07-29,2024-07-30,2705,68206.0,0.0060258628273173,0.0009446463379776,0.0,68617.0,68270.4305481281,68206.0,-346.5694518718956,346.5694518718956,-0.0050812164893396,True
RF,249,2024-07-30,2024-07-31,2706,68617.0,0.0067913199352929,0.0008473504637387,0.0,69083.0,68675.14264677036,68617.0,-407.8573532296432,407.8573532296432,-0.0059439694715541,True
RF,250,2024-07-31,2024-08-01,2707,69083.0,0.00476238727328,0.001031757662523,0.0,69412.0,69154.27691460008,69083.0,-257.7230853999208,257.7230853999208,-0.0037306296107569,True
RF,251,2024-08-01,2024-08-02,2708,69412.0,-0.0004466086555638,0.0017611990073458,0.0,69381.0,69534.2483454979,69412.0,153.24834549789375,153.24834549789375,0.0022078076629096,False
RF,252,2024-08-02,2024-08-05,2709,69381.0,-0.0106657442239229,0.0014822625990713,0.0,68641.0,69483.84086138617,69381.0,842.8408613861684,842.8408613861684,0.0121480068229942,False
RF,253,2024-08-05,2024-08-06,2710,68641.0,0.0014714237846185,0.0012240374087388,0.0,68742.0,68725.01915177325,68641.0,-16.98084822675446,16.98084822675446,-0.0002473863758796,True
RF,254,2024-08-06,2024-08-07,2711,68742.0,0.0001454714730442,0.0004474621104269,0.0,68752.0,68772.75944039496,68742.0,20.75944039496244,20.75944039496244,0.0003019906373827,True
RF,255,2024-08-07,2024-08-08,2712,68752.0,0.0093670002327204,0.0004652555143029,0.0,69396.0,68783.98724711935,68752.0,-612.0127528806479,612.0127528806479,-0.0089017447184174,True
RF,256,2024-08-08,2024-08-09,2713,69396.0,0.002997290910139,0.0004979768511461,0.0,69604.0,69430.55760156213,69396.0,-173.44239843786636,173.44239843786636,-0.0024993140589928,True
RF,257,2024-08-09,2024-08-12,2714,69604.0,0.0107752428021377,0.0006363552825246,0.0,70354.0,69648.29287308484,69604.0,-705.7071269151638,705.7071269151638,-0.010138887519613,True
RF,258,2024-08-12,2024-08-13,2715,70354.0,2.842766580446465e-05,0.0007832112560691,0.0,70356.0,70409.10204470948,70354.0,53.10204470947792,53.10204470947792,0.0007547835902646,True
RF,259,2024-08-13,2024-08-14,2716,70356.0,-0.0068508727045312,0.0008324195950151,0.0,69874.0,70414.56571302688,70356.0,540.565713026881,540.565713026881,0.0076832922995463,False
RF,260,2024-08-14,2024-08-16,2717,69874.0,0.0152274093368063,0.0005296212096936,0.0,70938.0,69911.00675240613,69874.0,-1026.9932475938697,1026.9932475938697,-0.0146977881271126,True
RF,261,2024-08-16,2024-08-19,2718,70938.0,0.0028193633877471,-0.0007382896410895,0.0,71138.0,70885.62720944038,70938.0,-252.372790559617,252.372790559617,-0.0035576530288366,False
RF,262,2024-08-19,2024-08-20,2719,71138.0,0.0028395512946666,0.0009349776636256,0.0,71340.0,71204.512441035,71138.0,-135.4875589650037,135.4875589650037,-0.0019045736310409,True
RF,263,2024-08-20,2024-08-21,2720,71340.0,0.0009391645640595,0.0009655777215897,0.0,71407.0,71408.88431465822,71340.0,1.884314658222138,1.884314658222138,2.641315753029109e-05,True
RF,264,2024-08-21,2024-08-22,2721,71407.0,-0.0085565840883946,0.0008765218858979,0.0,70796.0,71469.58979830632,71407.0,673.5897983063187,673.5897983063187,0.0094331059742925,False
RF,265,2024-08-22,2024-08-23,2722,70796.0,0.0070484208147352,0.0007199546825824,0.0,71295.0,70846.9699117081,70796.0,-448.0300882918964,448.0300882918964,-0.0063284661321527,True
RF,266,2024-08-23,2024-08-26,2723,71295.0,0.0028753769549056,0.0007840959587151,0.0,71500.0,71350.9021213766,71295.0,-149.09787862340454,149.09787862340454,-0.0020912809961904,True
RF,267,2024-08-26,2024-08-27,2724,71500.0,0.0007132867132866,0.0009327138299571,0.0,71551.0,71566.68903884193,71500.0,15.689038841926958,15.689038841926958,0.0002194271166705,True
RF,268,2024-08-27,2024-08-28,2725,71551.0,-0.0031166580481055,0.0010170196606923,0.0,71328.0,71623.7687737422,71551.0,295.76877374219475,295.76877374219475,0.0041336777087978,False
RF,269,2024-08-28,2024-08-29,2726,71328.0,0.0047386720502466,0.0008720255140678,0.0,71666.0,71390.19983586742,71328.0,-275.8001641325827,275.8001641325827,-0.0038666465361787,True
RF,270,2024-08-29,2024-08-30,2727,71666.0,-0.0065721541595735,0.0007870913734995,0.0,71195.0,71722.40769037322,71666.0,527.4076903732202,527.4076903732202,0.007359245533073,False
RF,271,2024-08-30,2024-09-02,2728,71195.0,0.0005337453472855,0.000851369017435,0.0,71233.0,71255.61321719628,71195.0,22.613217196281767,22.613217196281767,0.0003176236701495,True
RF,272,2024-09-02,2024-09-03,2729,71233.0,-0.0059803742647368,0.0010140754865406,0.0,70807.0,71305.23563913275,71233.0,498.2356391327485,498.2356391327485,0.0069944497512774,False
RF,273,2024-09-03,2024-09-04,2730,70807.0,0.0034742327735959,0.0009417984195397,0.0,71053.0,70873.68592069234,70807.0,-179.31407930766,179.31407930766,-0.0025324343540561,True
RF,274,2024-09-04,2024-09-05,2731,71053.0,0.0117799389188353,0.001155657406944,0.0,71890.0,71135.1129257356,71053.0,-754.8870742644067,754.8870742644067,-0.0106242815118912,True
RF,275,2024-09-05,2024-09-06,2732,71890.0,-0.0066907775768535,0.0011874903543335,0.0,71409.0,71975.36868157305,71890.0,566.3686815730471,566.3686815730471,0.007878267931187,False
RF,276,2024-09-06,2024-09-09,2733,71409.0,0.0022966292764217,0.0001139085581352,0.0,71573.0,71417.13409622788,71409.0,-155.8659037721227,155.8659037721227,-0.0021827207182864,True
RF,277,2024-09-09,2024-09-10,2734,71573.0,0.0034649937825717,0.0009050328287715,0.0,71821.0,71637.77591465367,71573.0,-183.22408534633,183.22408534633,-0.0025599609538001,True
RF,278,2024-09-10,2024-09-11,2735,71821.0,0.0007936397432506,0.0009873925999396,0.0,71878.0,71891.91552392027,71821.0,13.915523920266423,13.915523920266423,0.000193752856689,True
RF,279,2024-09-11,2024-09-12,2736,71878.0,0.011171707615682,0.0007020494033903,0.0,72681.0,71928.46190701688,71878.0,-752.5380929831153,752.5380929831153,-0.0104696582122916,True
RF,280,2024-09-12,2024-09-13,2737,72681.0,0.0094385052489647,-0.0012522502442255,0.0,73367.0,72589.98519999944,72681.0,-777.0148000005574,777.0148000005574,-0.0106907554931902,False
RF,281,2024-09-13,2024-09-16,2738,73367.0,0.000749655839819,-0.0023592321797494,0.0,73422.0,73193.91021266833,73367.0,-228.0897873316717,228.0897873316717,-0.0031088880195684,False
RF,282,2024-09-16,2024-09-17,2739,73422.0,-0.005447958377598,-0.0036872706498879,0.0,73022.0,73151.27321434392,73422.0,129.2732143439207,129.2732143439207,0.00176068772771,True
RF,283,2024-09-17,2024-09-18,2740,73022.0,9.586152118545854e-05,-0.0043009576233123,0.0,73029.0,72707.93547243049,73022.0,-321.0645275695133,321.0645275695133,-0.0043968191444978,False
RF,284,2024-09-18,2024-09-19,2741,73029.0,0.0044913664434675,-0.0041425312665298,0.0,73357.0,72726.47508413659,73029.0,-630.5249158634106,630.5249158634106,-0.0086338977099973,False
RF,285,2024-09-19,2024-09-20,2742,73357.0,0.0084518178224299,-0.0030160364158205,0.0,73977.0,73135.75261664465,73357.0,-841.2473833553522,841.2473833553522,-0.0114678542382504,False
RF,286,2024-09-20,2024-09-23,2743,73977.0,0.0027846492828851,-0.0029485987409588,0.0,74183.0,73758.87151094008,73977.0,-424.12848905992,424.12848905992,-0.0057332480238439,False
RF,287,2024-09-23,2024-09-24,2744,74183.0,0.0094765647115915,-0.0030720568644624,0.0,74886.0,73955.10560562358,74183.0,-930.894394376417,930.894394376417,-0.0125486215760539,False
RF,288,2024-09-24,2024-09-25,2745,74886.0,0.0037523702694761,-0.0022468398740233,0.0,75167.0,74717.74314919388,74886.0,-449.2568508061231,449.2568508061231,-0.0059992101434994,False
RF,289,2024-09-25,2024-09-26,2746,75167.0,0.0022882381896311,-0.0037857582964976,0.0,75339.0,74882.43590612715,75167.0,-456.56409387284657,456.56409387284657,-0.0060739964861287,False
RF,290,2024-09-26,2024-09-27,2747,75339.0,-0.0061190087471296,-0.0043885716596431,0.0,74878.0,75008.36939973415,75339.0,130.369399734147,130.369399734147,0.0017304370874864,True
RF,291,2024-09-27,2024-09-30,2748,74878.0,-0.0004540719570501,-0.0048488690664589,0.0,74844.0,74514.92638204168,74878.0,-329.0736179583182,329.0736179583182,-0.0043947971094088,True
RF,292,2024-09-30,2024-10-01,2749,74844.0,0.0109026775693441,-0.0039712577619556,0.0,75660.0,74546.77518406419,74844.0,-1113.2248159358132,1113.2248159358132,-0.0148739353312997,False
RF,293,2024-10-01,2024-10-03,2750,75660.0,0.0022072429288924,-0.0030001435938198,0.0,75827.0,75433.0091356916,75660.0,-393.99086430840543,393.99086430840543,-0.0052073865227122,False
RF,294,2024-10-03,2024-10-04,2751,75827.0,-0.0008967781924644,-0.0028586135088395,0.0,75759.0,75610.23991346522,75827.0,-148.76008653477766,148.76008653477766,-0.0019618353163751,True
RF,295,2024-10-04,2024-10-07,2752,75759.0,-0.0013463746881559,-0.0031333999622542,0.0,75657.0,75521.61675225958,75759.0,-135.3832477404212,135.3832477404212,-0.0017870252740983,True
RF,296,2024-10-07,2024-10-08,2753,75657.0,-0.0113406558547126,-0.0039983168137691,0.0,74799.0,75354.49934482067,75657.0,555.499344820666,555.499344820666,0.0073423390409434,True
RF,297,2024-10-08,2024-10-09,2754,74799.0,-0.0038369496918407,-0.0048970129178604,0.0,74512.0,74432.70833075696,74799.0,-79.29166924304445,79.29166924304445,-0.0010600632260197,True
RF,298,2024-10-09,2024-10-10,2755,74512.0,0.0043214515782692,-0.0050990067560077,0.0,74834.0,74132.06280859635,74512.0,-701.9371914036456,701.9371914036456,-0.0094204583342769,False
RF,299,2024-10-10,2024-10-11,2756,74834.0,0.0120800705561643,-0.0042692182910345,0.0,75738.0,74514.51731840872,74834.0,-1223.482681591282,1223.482681591282,-0.0163492888471988,False
RF,300,2024-10-11,2024-10-14,2757,75738.0,-0.0024426311758958,-0.0032610836618489,0.0,75553.0,75491.01204561889,75738.0,-61.9879543811112,61.9879543811112,-0.0008184524859531,True
RF,301,2024-10-14,2024-10-15,2758,75553.0,0.0037721864121875,-0.00321220552361,0.0,75838.0,75310.30823607469,75553.0,-527.6917639253079,527.6917639253079,-0.0069843919357975,False
RF,302,2024-10-15,2024-10-16,2759,75838.0,0.0042854505656795,-0.0027109255937489,0.0,76163.0,75632.40882482128,75838.0,-530.5911751787207,530.5911751787207,-0.0069963761594284,False
RF,303,2024-10-16,2024-10-17,2760,76163.0,0.0049499100613159,-0.002258133973691,0.0,76540.0,75991.01374216177,76163.0,-548.9862578382308,548.9862578382308,-0.0072080440350069,False
RF,304,2024-10-17,2024-10-18,2761,76540.0,0.0080872746276456,-0.0015927552183505,0.0,77159.0,76418.09051558745,76540.0,-740.9094844125502,740.9094844125502,-0.0096800298459961,False
RF,305,2024-10-18,2024-10-21,2762,77159.0,0.0045231275677497,-0.0008558448181209,0.0,77508.0,77092.9638696786,77159.0,-415.0361303214013,415.0361303214013,-0.0053789723858706,False
RF,306,2024-10-21,2024-10-22,2763,77508.0,0.0094570883005624,-0.0004017945969343,0.0,78241.0,77476.85770438082,77508.0,-764.1422956191818,764.1422956191818,-0.0098588828974967,False
RF,307,2024-10-22,2024-10-23,2764,78241.0,-0.0097007962577165,-0.0003240863184634,0.0,77482.0,78215.6431623571,78241.0,733.643162357097,733.643162357097,0.009376709939253,True
RF,308,2024-10-23,2024-10-24,2765,77482.0,0.0050334271185565,-0.0005321653986681,0.0,77872.0,77440.76676058039,77482.0,-431.2332394196128,431.2332394196128,-0.0055655925172246,False
RF,309,2024-10-24,2024-10-25,2766,77872.0,0.0017592973084035,-0.0002052658335502,0.0,78009.0,77856.01553900976,77872.0,-152.98446099023568,152.98446099023568,-0.0019645631419537,False
RF,310,2024-10-25,2024-10-28,2767,78009.0,0.0019228550551859,2.8919994187282216e-06,0.0,78159.0,78009.22560198266,78009.0,-149.77439801734,149.77439801734,-0.0019199630557671,True
RF,311,2024-10-28,2024-10-29,2768,78159.0,0.0090328688954566,0.0006227936120535,0.0,78865.0,78207.67692592449,78159.0,-657.3230740755098,657.3230740755098,-0.008410075283403,True
RF,312,2024-10-29,2024-10-30,2769,78865.0,0.0049705192417421,0.0010497169645805,0.0,79257.0,78947.78592841164,78865.0,-309.2140715883579,309.2140715883579,-0.0039208022771615,True
RF,313,2024-10-30,2024-10-31,2770,79257.0,-0.0117465965151343,0.0013831091566385,0.0,78326.0,79366.6210824277,79257.0,1040.6210824276932,1040.6210824276932,0.0131297056717728,False
RF,314,2024-10-31,2024-11-01,2771,78326.0,0.0064218777928146,0.0006061967166432,0.0,78829.0,78373.4809640278,78326.0,-455.5190359722037,455.5190359722037,-0.0058156810761713,True
RF,315,2024-11-01,2024-11-04,2772,78829.0,-0.0054294739245709,0.0008305547141769,0.0,78401.0,78894.47179756385,78829.0,493.4717975638487,493.4717975638487,0.0062600286387478,False
RF,316,2024-11-04,2024-11-05,2773,78401.0,0.0011351896021734,-0.0004198275476443,0.0,78490.0,78368.08510043714,78401.0,-121.91489956286388,121.91489956286388,-0.0015550171498177,False
RF,317,2024-11-05,2024-11-06,2774,78490.0,-0.0229455981653713,-0.0001741305121927,0.0,76689.0,78476.332496098,78490.0,1787.332496097995,1787.332496097995,0.0227714676531785,True
RF,318,2024-11-06,2024-11-07,2775,76689.0,0.0090886567825894,-0.0021218262330576,0.0,77386.0,76526.27926801304,76689.0,-859.7207319869631,859.7207319869631,-0.011210483015647,False
RF,319,2024-11-07,2024-11-08,2776,77386.0,-0.0017832682914221,-0.0012205651447537,0.0,77248.0,77291.54534570809,77386.0,43.54534570808755,43.54534570808755,0.0005627031466683,True
RF,320,2024-11-08,2024-11-11,2777,77248.0,-0.0241559652029825,-0.001308485438937,0.0,75382.0,77146.92211681299,77248.0,1764.922116812988,1764.922116812988,0.0228474797640454,True
RF,321,2024-11-11,2024-11-12,2778,75382.0,-0.0061553155925817,-0.0027110302904495,0.0,74918.0,75177.63711464533,75382.0,259.6371146453312,259.6371146453312,0.0034442853021321,True
RF,322,2024-11-12,2024-11-13,2779,74918.0,-0.0053925625350382,-0.0026968550378377,0.0,74514.0,74715.95701427526,74918.0,201.95701427526365,201.95701427526365,0.0026957074972004,True
RF,323,2024-11-13,2024-11-14,2780,74514.0,-0.0048715677590788,-0.0029258014283016,0.0,74151.0,74295.98683237153,74514.0,144.98683237153455,144.98683237153455,0.0019457663307771,True
RF,324,2024-11-14,2024-11-15,2781,74151.0,-0.0025083950317594,-0.0032296204807212,0.0,73965.0,73911.52041173405,74151.0,-53.47958826595277,53.47958826595277,-0.0007212254489618,True
RF,325,2024-11-15,2024-11-18,2782,73965.0,0.0145203812614074,-0.0036141488256935,0.0,75039.0,73697.67948210757,73965.0,-1341.3205178924254,1341.3205178924254,-0.0181345300871009,False
RF,326,2024-11-18,2024-11-19,2783,75039.0,0.006876424259385,-0.0022567747697972,0.0,75555.0,74869.65387804918,75039.0,-685.3461219508172,685.3461219508172,-0.0091331990291822,False
RF,327,2024-11-19,2024-11-20,2784,75555.0,0.0059956323208258,-0.0018004046051054,0.0,76008.0,75418.97043006126,75555.0,-589.0295699387352,589.0295699387352,-0.0077960369259312,False
RF,328,2024-11-20,2024-11-21,2785,76008.0,0.0089595832017681,-0.0010384390855018,0.0,76689.0,75929.07032198917,76008.0,-759.929678010827,759.929678010827,-0.0099980222872699,False
RF,329,2024-11-21,2024-11-22,2786,76689.0,0.0116053149734642,-0.0005399726564983,0.0,77579.0,76647.5900369458,76689.0,-931.409963054204,931.409963054204,-0.0121452876299625,False
RF,330,2024-11-22,2024-11-25,2787,77579.0,-0.0283839698887585,-0.0004719314512412,0.0,75377.0,77542.38802994415,77579.0,2165.388029944152,2165.388029944152,0.0279120384375173,True
RF,331,2024-11-25,2024-11-26,2788,75377.0,-0.0011143982912559,-0.0022956567011661,0.0,75293.0,75203.9602848362,75377.0,-89.03971516380261,89.03971516380261,-0.0011812584099102,True
RF,332,2024-11-26,2024-11-27,2789,75293.0,0.006574316337508,-0.0010696611621006,0.0,75788.0,75212.46200212195,75293.0,-575.5379978780547,575.5379978780547,-0.0076439774996086,False
RF,333,2024-11-27,2024-11-28,2790,75788.0,-0.000356256927218,-0.0009279635100205,0.0,75761.0,75717.67150150255,75788.0,-43.32849849744525,43.32849849744525,-0.0005717065828025,True
RF,334,2024-11-28,2024-11-29,2791,75761.0,0.0095563680521639,-0.0004460535776958,0.0,76485.0,75727.20653490018,75761.0,-757.7934650998213,757.7934650998213,-0.0100024216298597,False
RF,335,2024-11-29,2024-12-02,2792,76485.0,-0.0087598875596521,-3.209297154202836e-05,0.0,75815.0,76482.54536907161,76485.0,667.5453690716095,667.5453690716095,0.00872779458811,True
RF,336,2024-12-02,2024-12-03,2793,75815.0,0.0015696102354414,0.000175595460204,0.0,75934.0,75828.31276981537,75815.0,-105.6872301846306,105.6872301846306,-0.0013940147752373,True
RF,337,2024-12-03,2024-12-04,2794,75934.0,0.0013432717886585,-5.841693946960936e-05,0.0,76036.0,75929.56416811832,75934.0,-106.43583188168122,106.43583188168122,-0.0014016887281281,False
RF,338,2024-12-04,2024-12-05,2795,76036.0,0.0041690778052501,0.0001082531711678,0.0,76353.0,76044.23113812291,76036.0,-308.7688618770917,308.7688618770917,-0.0040608246340822,True
RF,339,2024-12-05,2024-12-06,2796,76353.0,-0.0022003064712584,0.0004544082208731,0.0,76185.0,76387.69543088831,76353.0,202.69543088831412,202.69543088831412,0.0026547146921315,False
RF,340,2024-12-06,2024-12-09,2797,76185.0,0.0106845179497276,-0.0002834641011417,0.0,76999.0,76163.40428745451,76185.0,-835.5957125454879,835.5957125454879,-0.0109679820508693,False
RF,341,2024-12-09,2024-12-10,2798,76999.0,0.0096884375121755,-0.0005098980763229,0.0,77745.0,76959.7383580212,76999.0,-785.2616419787955,785.2616419787955,-0.0101983355884984,False
RF,342,2024-12-10,2024-12-11,2799,77745.0,0.0069715094218276,-0.0008488338439496,0.0,78287.0,77679.00741280214,77745.0,-607.992587197863,607.992587197863,-0.0078203432657772,False
RF,343,2024-12-11,2024-12-12,2800,78287.0,-0.0113301058924214,-0.0019451331823882,0.0,77400.0,78134.72135855036,78287.0,734.7213585503632,734.7213585503632,0.0093849727100331,True
RF,344,2024-12-12,2024-12-13,2801,77400.0,-0.0104392764857881,-0.002257244919637,0.0,76592.0,77225.28924322009,77400.0,633.2892432200897,633.2892432200897,0.008182031566151,True
RF,345,2024-12-13,2024-12-16,2802,76592.0,-0.0013839565489868,-0.0010703902624937,0.0,76486.0,76510.01666901508,76592.0,24.01666901507997,24.01666901507997,0.000313566286493,True
RF,346,2024-12-16,2024-12-17,2803,76486.0,-0.0022487775540621,-0.0003464893053439,0.0,76314.0,76459.49841899145,76486.0,145.49841899145397,145.49841899145397,0.0019022882487181,True
RF,347,2024-12-17,2024-12-18,2804,76314.0,-0.002607647351731,-0.0001183766146,0.0,76115.0,76304.9662070334,76314.0,189.9662070334016,189.9662070334016,0.0024892707371309,True
RF,348,2024-12-18,2024-12-19,2805,76115.0,-0.012139525717664,-0.0002726243365108,0.0,75191.0,76094.24919862648,76115.0,903.2491986264796,903.2491986264796,0.0118669013811531,True
RF,349,2024-12-19,2024-12-20,2806,75191.0,0.0079131810988017,-0.0007267321687933,0.0,75786.0,75136.35628149626,75191.0,-649.6437185037357,649.6437185037357,-0.008639913267595,False
RF,350,2024-12-20,2024-12-23,2807,75786.0,-0.0036946137809094,0.0002219798833305,0.0,75506.0,75802.82296743809,75786.0,296.82296743808547,296.82296743808547,0.0039165936642399,False
RF,351,2024-12-23,2024-12-24,2808,75506.0,0.0007416629142054,0.0001987714019941,0.0,75562.0,75521.00843347897,75506.0,-40.99156652102829,40.99156652102829,-0.0005428915122112,True
RF,352,2024-12-24,2024-12-26,2809,75562.0,0.0073052592572986,-0.0001372806722898,0.0,76114.0,75551.62679784044,75562.0,-562.3732021595642,562.3732021595642,-0.0074425399295884,False
RF,353,2024-12-26,2024-12-27,2810,76114.0,-0.004348740047823,0.0005367002017574,0.0,75783.0,76154.85039915655,76114.0,371.85039915655216,371.85039915655216,0.0048854402495804,False
RF,354,2024-12-27,2024-12-30,2811,75783.0,-0.0035100220366045,0.0001129840439327,0.0,75517.0,75791.56226980135,75783.0,274.5622698013467,274.5622698013467,0.0036230060805372,False
RF,355,2024-12-30,2024-12-31,2812,75517.0,0.0094680667929074,-0.0002515393224014,0.0,76232.0,75498.00450499021,75517.0,-733.995495009789,733.995495009789,-0.0097196061153088,False
RF,356,2024-12-31,2025-01-01,2813,76232.0,-0.0002361213138839,0.0005811971342558,0.0,76214.0,76276.30581993859,76232.0,62.305819938585046,62.305819938585046,0.0008173184481397,False
RF,357,2025-01-01,2025-01-02,2814,76214.0,0.0083318025559608,0.0007793497625854,0.0,76849.0,76273.39736280568,76214.0,-575.6026371943153,575.6026371943153,-0.0075524527933753,True
RF,358,2025-01-02,2025-01-03,2815,76849.0,-0.000468451118427,0.0003905896859537,0.0,76813.0,76879.01642677585,76849.0,66.01642677585187,66.01642677585187,0.0008590408043807,False
RF,359,2025-01-03,2025-01-06,2816,76813.0,0.0043742595654381,-6.11717103631451e-05,0.0,77149.0,76808.30121741188,76813.0,-340.6987825881224,340.6987825881224,-0.0044354312758012,False
RF,360,2025-01-06,2025-01-07,2817,77149.0,0.0047311047453628,-0.001712368183471,0.0,77514.0,77016.89250701338,77149.0,-497.1074929866154,497.1074929866154,-0.0064434729288338,False
RF,361,2025-01-07,2025-01-08,2818,77514.0,0.0028768996568362,-0.0019843259132848,0.0,77737.0,77360.18696115764,77514.0,-376.8130388423597,376.8130388423597,-0.004861225570121,False
RF,362,2025-01-08,2025-01-09,2819,77737.0,0.0042579466663237,-0.001926653935852,0.0,78068.0,77587.22770298868,77737.0,-480.77229701132455,480.77229701132455,-0.0061846006021757,False
RF,363,2025-01-09,2025-01-10,2820,78068.0,0.0042270840805451,-0.0014754805481522,0.0,78398.0,77952.81218456685,78068.0,-445.1878154331498,445.1878154331498,-0.0057025646286973,False
RF,364,2025-01-10,2025-01-13,2821,78398.0,-0.0030485471568152,-0.0019145180117792,0.0,78159.0,78247.90561691253,78398.0,88.90561691252515,88.90561691252515,0.0011340291450359,True
RF,365,2025-01-13,2025-01-14,2822,78159.0,-0.000102355454906,-0.0015003836890145,0.0,78151.0,78041.73151125031,78159.0,-109.2684887496871,109.2684887496871,-0.0013980282341085,True
RF,366,2025-01-14,2025-01-15,2823,78151.0,0.006487440979642,-0.001136471509758,0.0,78658.0,78062.18361504089,78151.0,-595.8163849591074,595.8163849591074,-0.0076239124894,False
RF,367,2025-01-15,2025-01-16,2824,78658.0,0.0063820590404026,-0.0007000953195389,0.0,79160.0,78602.9319023557,78658.0,-557.0680976442964,557.0680976442964,-0.0070821543599415,False
RF,368,2025-01-16,2025-01-17,2825,79160.0,-0.0019833249115714,-0.0003452697964077,0.0,79003.0,79132.66844291636,79160.0,129.6684429163579,129.6684429163579,0.0016380551151636,True
RF,369,2025-01-17,2025-01-20,2826,79003.0,-0.0059871144133767,-0.0005455497925785,0.0,78530.0,78959.89992973692,79003.0,429.8999297369155,429.8999297369155,0.0054415646207981,True
RF,370,2025-01-20,2025-01-21,2827,78530.0,0.0082643575703553,-0.0010057670166743,0.0,79179.0,78451.01711618056,78530.0,-727.9828838194371,727.9828838194371,-0.0092701245870296,False
RF,371,2025-01-21,2025-01-22,2828,79179.0,0.0044961416537212,-0.0005722303920564,0.0,79535.0,79133.69136978737,79179.0,-401.3086302126321,401.3086302126321,-0.0050683720457776,False
RF,372,2025-01-22,2025-01-23,2829,79535.0,0.0007418117809769,-0.0008211909520738,0.0,79594.0,79469.68657762681,79535.0,-124.3134223731904,124.3134223731904,-0.0015630027330507,False
RF,373,2025-01-23,2025-01-24,2830,79594.0,0.0043973163806316,-0.0002841862930469,0.0,79944.0,79571.38047619122,79594.0,-372.6195238087821,372.6195238087821,-0.0046815026736785,False
RF,374,2025-01-24,2025-01-27,2831,79944.0,-0.005428800160112,-0.0001210527007624,0.0,79510.0,79934.32256289024,79944.0,424.3225628902437,424.3225628902437,0.0053077474593495,True
RF,375,2025-01-27,2025-01-28,2832,79510.0,0.0082128034209534,-0.0002717076474323,0.0,80163.0,79488.39652495265,79510.0,-674.6034750473482,674.6034750473482,-0.0084845110683857,False
RF,376,2025-01-28,2025-01-29,2833,80163.0,0.001833763706448,2.102169429997691e-05,0.0,80310.0,80164.68516208016,80163.0,-145.3148379198392,145.3148379198392,-0.001812742012148,True
RF,377,2025-01-29,2025-01-30,2834,80310.0,0.015303200099614,0.0001293642539311,0.0,81539.0,80320.38924323322,80310.0,-1218.6107567667786,1218.6107567667786,-0.0151738358456828,True
RF,378,2025-01-30,2025-01-31,2835,81539.0,0.0036424287764136,0.0009055002875616,0.0,81836.0,81612.83358794748,81539.0,-223.1664120525238,223.1664120525238,-0.0027369284888519,True
RF,379,2025-01-31,2025-02-01,2836,81836.0,-0.0021139840656924,0.0011488256395521,0.0,81663.0,81930.01529503839,81836.0,267.01529503839265,267.01529503839265,0.0032628097052445,False
RF,380,2025-02-01,2025-02-03,2837,81663.0,0.0117801207401149,0.0003969511897285,0.0,82625.0,81695.4162250068,81663.0,-929.583774993196,929.583774993196,-0.0113831695503863,True
RF,381,2025-02-03,2025-02-04,2838,82625.0,0.0064992435703479,-0.0014146990560344,0.0,83162.0,82508.11049049515,82625.0,-653.8895095048501,653.8895095048501,-0.0079139426263823,False
RF,382,2025-02-04,2025-02-05,2839,83162.0,0.0097881243837329,0.0007184844030251,0.0,83976.0,83221.75059992439,83162.0,-754.2494000756124,754.2494000756124,-0.0090696399807077,True
RF,383,2025-02-05,2025-02-06,2840,83976.0,-0.001428979708488,-0.0005823484084913,0.0,83856.0,83927.09671004853,83976.0,71.09671004852862,71.09671004852862,0.0008466312999966,True
RF,384,2025-02-06,2025-02-07,2841,83856.0,0.0062249570692616,0.0003932903887042,0.0,84378.0,83888.97975883518,83856.0,-489.0202411648206,489.0202411648206,-0.0058316666805573,True
RF,385,2025-02-07,2025-02-10,2842,84378.0,0.0110218303349214,6.750192658171139e-05,0.0,85308.0,84383.6956775611,84378.0,-924.3043224388966,924.3043224388966,-0.0109543284083396,True
RF,386,2025-02-10,2025-02-11,2843,85308.0,-0.0022858348572232,0.0004224072482293,0.0,85113.0,85344.03471753195,85308.0,231.03471753194756,231.03471753194756,0.0027082421054525,False
RF,387,2025-02-11,2025-02-12,2844,85113.0,-0.0010456686992585,0.0003758562593097,0.0,85024.0,85144.99025379862,85113.0,120.99025379861996,120.99025379861996,0.0014215249585682,False
RF,388,2025-02-12,2025-02-13,2845,85024.0,0.0040459164471207,0.0010909481357721,0.0,85368.0,85116.75677429589,85024.0,-251.2432257041073,251.2432257041073,-0.0029549683113485,True
RF,389,2025-02-13,2025-02-14,2846,85368.0,-0.0121474088651485,0.0014468242516048,0.0,84331.0,85491.512492711,85368.0,1160.512492711001,1160.512492711001,0.0135942331167533,False
RF,390,2025-02-14,2025-02-17,2847,84331.0,0.0050752392358681,0.0005560368127516,0.0,84759.0,84377.89114045615,84331.0,-381.1088595438487,381.1088595438487,-0.0045192024231164,True
RF,391,2025-02-17,2025-02-18,2848,84759.0,0.011597588456683,0.0009834039323867,0.0,85742.0,84842.35233390518,84759.0,-899.6476660948247,899.6476660948247,-0.0106141845242962,True
RF,392,2025-02-18,2025-02-19,2849,85742.0,-0.0002682466002659,0.0014328521681051,0.0,85719.0,85864.85561059766,85742.0,145.85561059766042,145.85561059766042,0.001701098768371,False
RF,393,2025-02-19,2025-02-20,2850,85719.0,0.0012949287789172,0.0004376529799335,0.0,85830.0,85756.51517578693,85719.0,-73.48482421306835,73.48482421306835,-0.0008572757989836,True
RF,394,2025-02-20,2025-02-21,2851,85830.0,-0.0004077828265175,0.0012739831048868,0.0,85795.0,85939.34596989244,85830.0,144.34596989244164,144.34596989244164,0.0016817659314043,False
RF,395,2025-02-21,2025-02-24,2852,85795.0,0.0027390873594033,0.0013752525692283,0.0,86030.0,85912.98979417694,85795.0,-117.010205823055,117.010205823055,-0.0013638347901749,True
RF,396,2025-02-24,2025-02-25,2853,86030.0,-0.0051261187957689,0.0013861723532055,0.0,85589.0,86149.25240754627,86030.0,560.2524075462716,560.2524075462716,0.0065122911489744,False
RF,397,2025-02-25,2025-02-26,2854,85589.0,0.002897568612789,0.0008189627420731,0.0,85837.0,85659.0942021313,85589.0,-177.90579786870512,177.90579786870512,-0.0020786058707158,True
RF,398,2025-02-26,2025-02-27,2855,85837.0,-0.0083180912660041,0.0013069111210992,0.0,85123.0,85949.1813299018,85837.0,826.1813299017958,826.1813299017958,0.0096250023871033,False
RF,399,2025-02-27,2025-02-28,2856,85123.0,-0.0100325411463412,0.0006748017286932,0.0,84269.0,85180.44114755155,85123.0,911.4411475515516,911.4411475515516,0.0107073428750344,False
RF,400,2025-02-28,2025-03-03,2857,84269.0,0.0128873013801042,-0.0001293956810295,0.0,85355.0,84258.09595535533,84269.0,-1096.9040446446745,1096.9040446446745,-0.0130166970611337,False
RF,401,2025-03-03,2025-03-04,2858,85355.0,0.0076386854900123,0.000698786275525,0.0,86007.0,85414.64490254744,85355.0,-592.355097452557,592.355097452557,-0.0069398992144872,True
RF,402,2025-03-04,2025-03-05,2859,86007.0,-0.0018486867348006,0.0009619198148681,0.0,85848.0,86089.73183751735,86007.0,241.73183751734905,241.73183751734905,0.0028106065496687,False
RF,403,2025-03-05,2025-03-06,2860,85848.0,0.0017938682322244,0.0003165099125286,0.0,86002.0,85875.17174297076,85848.0,-126.82825702923584,126.82825702923584,-0.0014773583196957,True
RF,404,2025-03-06,2025-03-07,2861,86002.0,-0.0012325294760586,5.871113074305896e-05,0.0,85896.0,86007.04927466616,86002.0,111.04927466616208,111.04927466616208,0.0012912406068016,False
RF,405,2025-03-07,2025-03-10,2862,85896.0,-0.005075905746484,0.0006081345562245,0.0,85460.0,85948.23632584147,85896.0,488.2363258414698,488.2363258414698,0.0056840403027085,False
RF,406,2025-03-10,2025-03-11,2863,85460.0,0.0076410016381933,0.0001425472599711,0.0,86113.0,85472.18208883714,85460.0,-640.817911162856,640.817911162856,-0.0074984543782221,True
RF,407,2025-03-11,2025-03-12,2864,86113.0,0.006363731376215,0.0009849825434516,0.0,86661.0,86197.81980176424,86113.0,-463.1801982357574,463.1801982357574,-0.0053787488327633,True
RF,408,2025-03-12,2025-03-13,2865,86661.0,0.01192001015451,0.0002542308656327,0.0,87694.0,86683.0319010466,86661.0,-1010.9680989533954,1010.9680989533954,-0.0116657792888772,True
RF,409,2025-03-13,2025-03-14,2866,87694.0,0.0026227564029466,0.000804050134692,0.0,87924.0,87764.5103725117,87694.0,-159.48962748830672,159.48962748830672,-0.0018187062682545,True
RF,410,2025-03-14,2025-03-17,2867,87924.0,0.0005914198626086,0.0009818008123785,0.0,87976.0,88010.32385462757,87924.0,34.323854627567925,34.323854627567925,0.0003903809497699,True
RF,411,2025-03-17,2025-03-18,2868,87976.0,0.0077748476857324,0.000979874315968,0.0,88660.0,88062.20542282161,87976.0,-597.7945771783852,597.7945771783852,-0.0067949733697643,True
RF,412,2025-03-18,2025-03-19,2869,88660.0,-0.0010827881795624,0.0011011816984104,0.0,88564.0,88757.63076938108,88660.0,193.6307693810813,193.6307693810813,0.0021839698779728,False
RF,413,2025-03-19,2025-03-20,2870,88564.0,0.0009258841064088,0.0011292904503874,0.0,88646.0,88664.01447944812,88564.0,18.014479448116617,18.014479448116617,0.0002034063439786,True
RF,414,2025-03-20,2025-03-21,2871,88646.0,-0.0097127901992193,0.0010793231300739,0.0,87785.0,88741.67767818853,88646.0,956.6776781885274,956.6776781885274,0.0107921133292932,False
RF,415,2025-03-21,2025-03-24,2872,87785.0,-0.0053767727971749,0.000523600330522,0.0,87313.0,87830.96425501487,87785.0,517.964255014871,517.964255014871,0.0059003731276969,False
RF,416,2025-03-24,2025-03-25,2873,87313.0,0.0028976212018829,0.0003939771926263,0.0,87566.0,87347.39933061978,87313.0,-218.6006693802192,218.6006693802192,-0.0025036440092565,True
RF,417,2025-03-25,2025-03-26,2874,87566.0,-0.0006851974510654,0.0004935966657435,0.0,87506.0,87609.2222856325,87566.0,103.2222856324952,103.2222856324952,0.0011787941168089,False
RF,418,2025-03-26,2025-03-27,2875,87506.0,0.008079445980847,0.0003821739382217,0.0,88213.0,87539.44251263802,87506.0,-673.5574873619771,673.5574873619771,-0.0076972720426252,True
RF,419,2025-03-27,2025-03-28,2876,88213.0,0.0061895638964777,0.0005485428624117,0.0,88759.0,88261.38861152192,88213.0,-497.6113884780789,497.6113884780789,-0.0056410210340659,True
RF,420,2025-03-28,2025-03-31,2877,88759.0,0.0155364526414223,0.0009195399023191,0.0,90138.0,88840.61744218995,88759.0,-1297.3825578100514,1297.3825578100514,-0.0146169127391031,True
RF,421,2025-03-31,2025-04-01,2878,90138.0,0.0030065011426922,0.0013787785138564,0.0,90409.0,90262.28033768198,90138.0,-146.7196623180207,146.7196623180207,-0.0016277226288357,True
RF,422,2025-04-01,2025-04-02,2879,90409.0,-0.0004977380570518,0.0010283618144499,0.0,90364.0,90501.97316328262,90409.0,137.97316328261513,137.97316328261513,0.0015260998715017,False
RF,423,2025-04-02,2025-04-03,2880,90364.0,-0.0066508786684963,0.0008425882082161,0.0,89763.0,90440.13964084724,90364.0,677.1396408472501,677.1396408472501,0.0074934668767124,False
RF,424,2025-04-03,2025-04-04,2881,89763.0,-0.0203090360170671,-0.0004239076731976,0.0,87940.0,89724.94877553076,89763.0,1784.9487755307637,1784.9487755307637,0.0198851283438694,True
RF,425,2025-04-04,2025-04-07,2882,87940.0,-0.0127473277234477,-0.0015357001851986,0.0,86819.0,87804.95052571363,87940.0,985.9505257136334,985.9505257136334,0.011211627538249,True
RF,426,2025-04-07,2025-04-08,2883,86819.0,0.0072564761169791,-0.0019872676733273,0.0,87449.0,86646.4674078694,86819.0,-802.5325921306066,802.5325921306066,-0.0092437437903064,False
RF,427,2025-04-08,2025-04-09,2884,87449.0,0.0233278825372502,-0.0010381204330236,0.0,89489.0,87358.21740625252,87449.0,-2130.7825937474845,2130.7825937474845,-0.0243660029702738,False
RF,428,2025-04-09,2025-04-10,2885,89489.0,0.0241035211031523,-0.0026984912947316,0.0,91646.0,89247.51471252576,89489.0,-2398.4852874742355,2398.4852874742355,-0.0268020123978839,False
RF,429,2025-04-10,2025-04-11,2886,91646.0,0.0178294742814744,8.663922045819722e-05,0.0,93280.0,91653.94013799811,91646.0,-1626.0598620018864,1626.0598620018864,-0.0177428350610162,True
RF,430,2025-04-11,2025-04-14,2887,93280.0,-0.0047705831903944,0.0002038604603277,0.0,92835.0,93299.01610373938,93280.0,464.01610373938456,464.01610373938456,0.0049744436507221,False
RF,431,2025-04-14,2025-04-15,2888,92835.0,0.0025421446652662,0.0003920751397995,0.0,93071.0,92871.3982956033,92835.0,-199.6017043967004,199.6017043967004,-0.0021500695254666,True
RF,432,2025-04-15,2025-04-16,2889,93071.0,0.0224774634418885,0.0014762058104257,0.0,95163.0,93208.39195098211,93071.0,-1954.608049017872,1954.608049017872,-0.0210012576314627,True
RF,433,2025-04-16,2025-04-17,2890,95163.0,-0.0039826403118858,0.000178818869176,0.0,94784.0,95180.0169400474,95163.0,396.0169400473969,396.0169400473969,0.0041614591810618,False
RF,434,2025-04-17,2025-04-21,2891,94784.0,0.0212694125590817,-0.0002324947154456,0.0,96800.0,94761.9632208912,94784.0,-2038.0367791088065,2038.0367791088065,-0.0215019072745273,False
RF,435,2025-04-21,2025-04-22,2892,96800.0,0.002654958677686,0.000863480480249,0.0,97057.0,96883.58491048812,96800.0,-173.41508951188007,173.41508951188007,-0.0017914781974369,True
RF,436,2025-04-22,2025-04-23,2893,97057.0,-0.0260362467416054,0.000771271914683,0.0,94530.0,97131.8573382234,97057.0,2601.857338223388,2601.857338223388,0.0268075186562884,False
RF,437,2025-04-23,2025-04-24,2894,94530.0,0.0135089389611764,0.0005016644494804,0.0,95807.0,94577.42234040938,94530.0,-1229.577659590621,1229.577659590621,-0.0130072745116959,True
RF,438,2025-04-24,2025-04-25,2895,95807.0,-0.0076821109104763,0.0022844222851668,0.0,95071.0,96025.86364587495,95807.0,954.863645874968,954.863645874968,0.0099665331956431,False
RF,439,2025-04-25,2025-04-28,2896,95071.0,0.0114440786359668,0.0028601129572318,0.0,96159.0,95342.913798957,95071.0,-816.0862010430137,816.0862010430137,-0.0085839656787349,True
RF,440,2025-04-28,2025-04-29,2897,96159.0,-0.0062396655539262,0.0031859157971327,0.0,95559.0,96465.3544771365,96159.0,906.3544771364976,906.3544771364976,0.0094255813510589,False
RF,441,2025-04-29,2025-04-30,2898,95559.0,-0.0088008455509162,0.0031199997255495,0.0,94718.0,95857.1440537738,95559.0,1139.1440537737944,1139.1440537737944,0.0119208452764657,False
RF,442,2025-04-30,2025-05-01,2899,94718.0,-0.024662682911379,0.000771051540489,0.0,92382.0,94791.03245981204,94718.0,2409.0324598120496,2409.0324598120496,0.025433734451868,False
RF,443,2025-05-01,2025-05-02,2900,92382.0,0.0033556320495333,0.0006590746961641,0.0,92692.0,92442.88663858104,92382.0,-249.11336141896027,249.11336141896027,-0.0026965573533691,True
RF,444,2025-05-02,2025-05-05,2901,92692.0,0.0213071246709533,-0.0003052466416837,0.0,94667.0,92663.70607828903,92692.0,-2003.2939217109524,2003.2939217109524,-0.021612371312637,False
RF,445,2025-05-05,2025-05-06,2902,94667.0,0.0295034172414885,0.0019554801232309,0.0,97460.0,94852.1194368259,94667.0,-2607.880563174098,2607.880563174098,-0.0275479371182575,True
RF,446,2025-05-06,2025-05-07,2903,97460.0,-0.0040529447978657,-0.000386853221184,0.0,97065.0,97422.2972850634,97460.0,357.2972850634105,357.2972850634105,0.0036660915766816,True
RF,447,2025-05-07,2025-05-08,2904,97065.0,-0.0093957657239993,0.0026664761977191,0.0,96153.0,97323.8215121316,97065.0,1170.8215121316025,1170.8215121316025,0.0120622419217184,False
RF,448,2025-05-08,2025-05-09,2905,96153.0,0.0035048308425114,-7.457224838497439e-05,0.0,96490.0,96145.82965460104,96153.0,-344.1703453989612,344.1703453989612,-0.0035794030908963,False
RF,449,2025-05-09,2025-05-12,2906,96490.0,-0.0367084671986734,0.0020225928692038,0.0,92948.0,96685.15998594947,96490.0,3737.159985949489,3737.159985949489,0.0387310600678772,False
RF,450,2025-05-12,2025-05-13,2907,92948.0,0.007649438395662,-0.0006464422614528,0.0,93659.0,92887.91448468248,92948.0,-771.0855153175216,771.0855153175216,-0.0082958806571148,False
RF,451,2025-05-13,2025-05-14,2908,93659.0,-0.0144566993027899,0.0021838880958148,0.0,92305.0,93863.54077516594,93659.0,1558.5407751659368,1558.5407751659368,0.0166405873986047,False
RF,452,2025-05-14,2025-05-15,2909,92305.0,0.0092086019175559,0.001142645568255,0.0,93155.0,92410.47189917778,92305.0,-744.5281008222228,744.5281008222228,-0.0080659563493008,True
RF,453,2025-05-15,2025-05-16,2910,93155.0,-0.0076431753529064,0.0020058394306338,0.0,92443.0,93341.85397216072,93155.0,898.8539721607085,898.8539721607085,0.0096490147835402,False
RF,454,2025-05-16,2025-05-19,2911,92443.0,0.0094220222190972,0.0010658229726131,0.0,93314.0,92541.52787305728,92443.0,-772.47212694271,772.47212694271,-0.008356199246484,True
RF,455,2025-05-19,2025-05-20,2912,93314.0,0.0155067835480207,0.0021926189721145,0.0,94761.0,93518.6020467639,93314.0,-1242.3979532360972,1242.3979532360972,-0.0133141645759061,True
RF,456,2025-05-20,2025-05-21,2913,94761.0,0.0075136395774633,0.0019952029841444,0.0,95473.0,94950.06742998053,94761.0,-522.932570019475,522.932570019475,-0.0055184365933188,True
RF,457,2025-05-21,2025-05-22,2914,95473.0,-0.0001256899856504,0.0001943124989371,0.0,95461.0,95491.55159721104,95473.0,30.55159721102973,30.55159721102973,0.0003200024845875,False
RF,458,2025-05-22,2025-05-23,2915,95461.0,0.0078461361184147,-0.0003826032092979,0.0,96210.0,95424.4763150372,95461.0,-785.5236849627981,785.5236849627981,-0.0082287393277126,False
RF,459,2025-05-23,2025-05-26,2916,96210.0,-0.0041159962581852,-0.0006355328327228,0.0,95814.0,96148.85538616372,96210.0,334.8553861637338,334.8553861637338,0.0034804634254623,True
RF,460,2025-05-26,2025-05-27,2917,95814.0,-0.0079215980963116,-0.0016668459403179,0.0,95055.0,95654.2928230744,95814.0,599.2928230743855,599.2928230743855,0.0062547521559936,True
RF,461,2025-05-27,2025-05-28,2918,95055.0,0.0012834674662036,-0.0020359000958216,0.0,95177.0,94861.47751639168,95055.0,-315.52248360832164,315.52248360832164,-0.0033193675620252,False
RF,462,2025-05-28,2025-05-29,2919,95177.0,0.0012397953287033,-0.001713825447624,0.0,95295.0,95013.8832353715,95177.0,-281.116764628503,281.116764628503,-0.0029536207763273,False
RF,463,2025-05-29,2025-05-30,2920,95295.0,-0.0061178445878588,-0.0018349174956621,0.0,94712.0,95120.14153725088,95295.0,408.1415372508782,408.1415372508782,0.0042829270921966,True
RF,464,2025-05-30,2025-06-02,2921,94712.0,0.0283068671340485,-0.0010568998593259,0.0,97393.0,94611.89890052352,94712.0,-2781.10109947648,2781.10109947648,-0.0293637669933744,False
RF,465,2025-06-02,2025-06-03,2922,97393.0,-0.0018995204994198,-0.00392349857322,0.0,97208.0,97010.87870345838,97393.0,-197.1212965416198,197.1212965416198,-0.0020239780738002,True
RF,466,2025-06-03,2025-06-04,2923,97208.0,0.0078697226565713,-0.0009944011900618,0.0,97973.0,97111.33624911646,97208.0,-861.6637508835411,861.6637508835411,-0.0088641238466331,False
RF,467,2025-06-04,2025-06-05,2924,97973.0,-0.0056954467047043,-0.0021251402204505,0.0,97415.0,97764.7936371818,97973.0,349.79363718180684,349.79363718180684,0.0035703064842537,True
RF,468,2025-06-05,2025-06-06,2925,97415.0,-0.0079043268490478,-0.0024122302431858,0.0,96645.0,97180.01259086005,97415.0,535.0125908600457,535.0125908600457,0.0054920966058619,True
RF,469,2025-06-06,2025-06-09,2926,96645.0,0.000600134512908,-0.0028652085130043,0.0,96703.0,96368.0919232607,96645.0,-334.9080767393025,334.9080767393025,-0.0034653430259123,False
RF,470,2025-06-09,2025-06-10,2927,96703.0,-0.0026989855537056,-0.0030294279831528,0.0,96442.0,96410.04522574515,96703.0,-31.954774254831136,31.954774254831136,-0.0003304424294472,True
RF,471,2025-06-10,2025-06-11,2928,96442.0,-0.0018145621202381,-0.0031453948281207,0.0,96267.0,96138.65183198635,96442.0,-128.34816801363195,128.34816801363195,-0.0013308327078826,True
RF,472,2025-06-11,2025-06-12,2929,96267.0,0.0157790312360415,-0.0028206161267057,0.0,97786.0,95995.46774733042,96267.0,-1790.5322526695818,1790.5322526695818,-0.0185996473627472,False
RF,473,2025-06-12,2025-06-13,2930,97786.0,0.018090524205919,-0.0025095371516784,0.0,99555.0,97540.60240008598,97786.0,-2014.397599914024,2014.397599914024,-0.0206000613575974,False
RF,474,2025-06-13,2025-06-16,2931,99555.0,-0.0096529556526543,-0.0008439374169168,0.0,98594.0,99470.98181045883,99555.0,876.9818104588339,876.9818104588339,0.0088090182357374,True
RF,475,2025-06-16,2025-06-17,2932,98594.0,0.003215205793456,-0.0015634040096009,0.0,98911.0,98439.8577450774,98594.0,-471.1422549225972,471.1422549225972,-0.0047786098030569,False
RF,476,2025-06-17,2025-06-18,2933,98911.0,0.0013547532630344,-0.0017299372778293,0.0,99045.0,98739.89017391264,98911.0,-305.1098260873696,305.1098260873696,-0.0030846905408637,False
RF,477,2025-06-18,2025-06-19,2934,99045.0,-0.001787066484931,-0.0011926641994642,0.0,98868.0,98926.87257436404,99045.0,58.87257436405344,58.87257436405344,0.0005944022854667,True
RF,478,2025-06-19,2025-06-20,2935,98868.0,-0.0029736618521665,-0.0018094936494754,0.0,98574.0,98689.09898186366,98868.0,115.098981863659,115.098981863659,0.001164168202691,True
RF,479,2025-06-20,2025-06-23,2936,98574.0,0.0028202162842128,-0.0016552684717156,0.0,98852.0,98410.83356566908,98574.0,-441.1664343309094,441.1664343309094,-0.0044754847559284,False
RF,480,2025-06-23,2025-06-24,2937,98852.0,-0.0235807065107432,-0.0010591478315516,0.0,96521.0,98747.30111855546,98852.0,2226.301118555464,2226.301118555464,0.0225215586791915,True
RF,481,2025-06-24,2025-06-25,2938,96521.0,0.0024761450875974,-0.0013796057685472,0.0,96760.0,96387.83907161406,96521.0,-372.1609283859434,372.1609283859434,-0.0038557508561446,False
RF,482,2025-06-25,2025-06-26,2939,96760.0,-0.0031831335262505,-0.0017926784974981,0.0,96452.0,96586.54042858208,96760.0,134.54042858206958,134.54042858206958,0.0013904550287523,True
RF,483,2025-06-26,2025-06-27,2940,96452.0,-0.0160079625098494,-0.0005077176639344,0.0,94908.0,96403.0296158782,96452.0,1495.0296158782005,1495.0296158782005,0.0155002448459149,True
RF,484,2025-06-27,2025-06-30,2941,94908.0,0.008113120074177,0.000832028072487,0.0,95678.0,94986.9661203036,94908.0,-691.0338796964061,691.0338796964061,-0.0072810920016899,True
RF,485,2025-06-30,2025-07-01,2942,95678.0,0.0163151403666463,0.0008754143529666,0.0,97239.0,95761.75789446314,95678.0,-1477.2421055368611,1477.2421055368611,-0.0154397260136796,True
RF,486,2025-07-01,2025-07-02,2943,97239.0,0.0011518012320159,0.000180438285484,0.0,97351.0,97256.54563844216,97239.0,-94.45436155782954,94.45436155782954,-0.0009713629465318,True
RF,487,2025-07-02,2025-07-03,2944,97351.0,-0.005649659479615,-0.0011445789235979,0.0,96801.0,97239.5740972088,97351.0,438.5740972088097,438.5740972088097,0.004505080556017,True
RF,488,2025-07-03,2025-07-04,2945,96801.0,0.0017148583175794,-0.0021041133553206,0.0,96967.0,96597.3197230916,96801.0,-369.6802769084025,369.6802769084025,-0.0038189716729,False
RF,489,2025-07-04,2025-07-07,2946,96967.0,0.0027225757216373,-0.0017950739415067,0.0,97231.0,96792.93706511392,96967.0,-438.0629348860821,438.0629348860821,-0.004517649663144,False
RF,490,2025-07-07,2025-07-08,2947,97231.0,-0.0076724501445012,-0.0013634047560682,0.0,96485.0,97098.43479216272,97231.0,613.4347921627341,613.4347921627341,0.0063090453884329,True
RF,491,2025-07-08,2025-07-09,2948,96485.0,-0.0003523863813027,-0.0021664516054601,0.0,96451.0,96275.9699168472,96485.0,-175.03008315281477,175.03008315281477,-0.0018140652241574,True
RF,492,2025-07-09,2025-07-10,2949,96451.0,0.0023535266612062,-0.0015535502119045,0.0,96678.0,96301.1585285116,96451.0,-376.8414714883984,376.8414714883984,-0.0039070768731107,False
RF,493,2025-07-10,2025-07-11,2950,96678.0,0.0111814476923395,-0.0005462299006837,0.0,97759.0,96625.1915856617,96678.0,-1133.808414338302,1133.808414338302,-0.0117276775930232,False
RF,494,2025-07-11,2025-07-14,2951,97759.0,-0.0001022923720578,-0.0006924975328678,0.0,97749.0,97691.30213368438,97759.0,-57.69786631561874,57.69786631561874,-0.00059020516081,True
RF,495,2025-07-14,2025-07-15,2952,97749.0,-0.0054732017718851,-0.0011139276596208,0.0,97214.0,97640.11468519972,97749.0,426.1146851997182,426.1146851997182,0.0043592741122642,True
RF,496,2025-07-15,2025-07-16,2953,97214.0,0.0055959018248399,-0.0016317871561119,0.0,97758.0,97055.36744340572,97214.0,-702.632556594268,702.632556594268,-0.0072276889809518,False
RF,497,2025-07-16,2025-07-17,2954,97758.0,-0.0031097199206202,-0.0011550379907419,0.0,97454.0,97645.08579610103,97758.0,191.0857961010479,191.0857961010479,0.0019546819298782,True
RF,498,2025-07-17,2025-07-18,2955,97454.0,0.0052434994971986,-0.0009018262227889,0.0,97965.0,97366.11342728432,97454.0,-598.8865727156808,598.8865727156808,-0.0061453257199875,False
RF,499,2025-07-18,2025-07-21,2956,97965.0,0.0127800745164088,-0.0015696388125681,0.0,99217.0,97811.23033372677,97965.0,-1405.7696662732342,1405.7696662732342,-0.0143497133289769,False
RF,500,2025-07-21,2025-07-22,2957,99217.0,0.0095850509489301,-0.0005980247065713,0.0,100168.0,99157.66578268811,99217.0,-1010.3342173118872,1010.3342173118872,-0.0101830756555014,False
RF,501,2025-07-22,2025-07-23,2958,100168.0,-0.008625509144637,4.121473010466681e-05,0.0,99304.0,100172.12839708514,100168.0,868.1283970851364,868.1283970851364,0.0086667238747416,False
RF,502,2025-07-23,2025-07-24,2959,99304.0,-0.0064045758479014,-0.0003299474645857,0.0,98668.0,99271.23489697678,99304.0,603.2348969767772,603.2348969767772,0.0060746283833156,True
RF,503,2025-07-24,2025-07-25,2960,98668.0,-0.0083715084931285,-0.0007857956127554,0.0,97842.0,98590.46711848064,98668.0,748.4671184806357,748.4671184806357,0.007585712880373,True
RF,504,2025-07-25,2025-07-28,2961,97842.0,-0.0034443286114347,-0.0007408514753064,0.0,97505.0,97769.51360995306,97842.0,264.5136099530646,264.5136099530646,0.0027034771361282,True
RF,505,2025-07-28,2025-07-29,2962,97505.0,0.0063586482744475,-0.000295375599265,0.0,98125.0,97476.19940219366,97505.0,-648.8005978063447,648.8005978063447,-0.0066540238737125,False
RF,506,2025-07-29,2025-07-30,2963,98125.0,-0.0012433121019108,-0.0001463001742219,0.0,98003.0,98110.64429540446,98125.0,107.64429540446145,107.64429540446145,0.0010970119276888,True
RF,507,2025-07-30,2025-07-31,2964,98003.0,0.0036223380916911,6.777595391044652e-06,0.0,98358.0,98003.66422468112,98003.0,-354.3357753188757,354.3357753188757,-0.0036155604963,True
RF,508,2025-07-31,2025-08-01,2965,98358.0,0.0089672421155371,-0.000721275879032,0.0,99240.0,98287.05674709016,98358.0,-952.9432529098268,952.9432529098268,-0.0096885179945691,False
RF,509,2025-08-01,2025-08-04,2966,99240.0,0.0137746876259572,-0.0002381822380751,0.0,100607.0,99216.36279469344,99240.0,-1390.6372053065716,1390.6372053065716,-0.0140128698640323,False
RF,510,2025-08-04,2025-08-05,2967,100607.0,0.0015704672637093,0.0005457893976094,0.0,100765.0,100661.9102339253,100607.0,-103.08976607469958,103.08976607469958,-0.0010246778660998,True
RF,511,2025-08-05,2025-08-06,2968,100765.0,-0.0007740783009974,-0.0002285671047086,0.0,100687.0,100741.96843569404,100765.0,54.968435694026994,54.968435694026994,0.0005455111962887,True
RF,512,2025-08-06,2025-08-07,2969,100687.0,0.0014699017748069,-0.0005823766715931,0.0,100835.0,100628.36224006728,100687.0,-206.6377599327097,206.6377599327097,-0.0020522784464,False
RF,513,2025-08-07,2025-08-08,2970,100835.0,0.0037387811771705,-0.0005590356547607,0.0,101212.0,100778.6296397522,100835.0,-433.37036024780537,433.37036024780537,-0.0042978168319312,False
RF,514,2025-08-08,2025-08-11,2971,101212.0,-0.0140991186815793,-0.000212995016306,0.0,99785.0,101190.44234840962,101212.0,1405.4423484096187,1405.4423484096187,0.0138861236652732,True
RF,515,2025-08-11,2025-08-12,2972,99785.0,-0.0016535551435586,-0.0010029112819633,0.0,99620.0,99684.92449772928,99785.0,64.92449772928376,64.92449772928376,0.0006506438615952,True
RF,516,2025-08-12,2025-08-13,2973,99620.0,0.0003613732182292,-0.0006765438227694,0.0,99656.0,99552.6027043757,99620.0,-103.3972956242942,103.3972956242942,-0.0010379170409986,False
RF,517,2025-08-13,2025-08-14,2974,99656.0,-0.0029501485108773,0.0001025133805756,0.0,99362.0,99666.21607345463,99656.0,304.2160734546487,304.2160734546487,0.0030526618914529,False
RF,518,2025-08-14,2025-08-18,2975,99362.0,-0.0034419597029045,-0.0001037305403642,0.0,99020.0,99351.69312604833,99362.0,331.6931260483252,331.6931260483252,0.0033382291625402,True
RF,519,2025-08-18,2025-08-19,2976,99020.0,-0.0066754191072511,4.3120971657192233e-05,0.0,98359.0,99024.26983861349,99020.0,665.2698386134871,665.2698386134871,0.0067185400789082,False
RF,520,2025-08-19,2025-08-20,2977,98359.0,0.0055307597677893,-0.0004959107875787,0.0,98903.0,98310.22271084454,98359.0,-592.7772891554632,592.7772891554632,-0.006026670555368,False
RF,521,2025-08-20,2025-08-21,2978,98903.0,0.0013346410119006,0.0002894639112142,0.0,99035.0,98931.62884921084,98903.0,-103.37115078917122,103.37115078917122,-0.0010451771006863,True
RF,522,2025-08-21,2025-08-22,2979,99035.0,0.0083000959256829,-0.000337634160074,0.0,99857.0,99001.56240095706,99035.0,-855.4375990429398,855.4375990429398,-0.0086377300857569,False
RF,523,2025-08-22,2025-08-25,2980,99857.0,0.002613737644832,-0.0002832304281549,0.0,100118.0,99828.71745913572,99857.0,-289.28254086428205,289.28254086428205,-0.0028969680729869,False
RF,524,2025-08-25,2025-08-26,2981,100118.0,0.0041251323438342,-0.0003432125108432,0.0,100531.0,100083.6382498394,100118.0,-447.3617501606059,447.3617501606059,-0.0044683448546774,False
RF,525,2025-08-26,2025-08-27,2982,100531.0,0.004336970685659,2.7651961538890068e-05,0.0,100967.0,100533.77987934549,100531.0,-433.2201206545287,433.2201206545287,-0.0043093187241201,True
RF,526,2025-08-27,2025-08-28,2983,100967.0,0.0050907722325115,0.0002127851951806,0.0,101481.0,100988.48428280182,100967.0,-492.5157171981846,492.5157171981846,-0.0048779870373308,True
RF,527,2025-08-28,2025-08-29,2984,101481.0,0.0165843852543825,0.0005418093382677,0.0,103164.0,101535.98335345674,101481.0,-1628.0166465432558,1628.0166465432558,-0.0160425759161147,True
RF,528,2025-08-29,2025-09-01,2985,103164.0,0.0071730448606102,0.000520489372232,0.0,103904.0,103217.69576559696,103164.0,-686.30423440304,686.30423440304,-0.0066525554883781,True
RF,529,2025-09-01,2025-09-02,2986,103904.0,0.0172370649830613,0.0013029391756508,0.0,105695.0,104039.38059210684,103904.0,-1655.6194078931585,1655.6194078931585,-0.0159341258074104,True
RF,530,2025-09-02,2025-09-03,2987,105695.0,0.0131037418988599,0.0008509355425244,0.0,107080.0,105784.93963216714,105695.0,-1295.0603678328623,1295.0603678328623,-0.0122528063563354,True
RF,531,2025-09-03,2025-09-04,2988,107080.0,-0.0071908853193873,0.0014842711209988,0.0,106310.0,107238.93575163656,107080.0,928.9357516365562,928.9357516365562,0.0086751564403861,False
RF,532,2025-09-04,2025-09-05,2989,106310.0,0.0121813564104975,0.0010097813111887,0.0,107605.0,106417.34985119248,106310.0,-1187.65014880753,1187.65014880753,-0.0111715750993087,True
RF,533,2025-09-05,2025-09-08,2990,107605.0,0.0073230797825378,0.0014897867024821,0.0,108393.0,107765.3084981206,107605.0,-627.6915018794098,627.6915018794098,-0.0058332930800556,True
RF,534,2025-09-08,2025-09-09,2991,108393.0,0.004742003634921,0.0020052037636699,0.0,108907.0,108610.35005155548,108393.0,-296.64994844452303,296.64994844452303,-0.002736799871251,True
RF,535,2025-09-09,2025-09-10,2992,108907.0,-0.0002111893634018,0.0011446245146397,0.0,108884.0,109031.65762201587,108907.0,147.65762201587495,147.65762201587495,0.0013558138780415,False
RF,536,2025-09-10,2025-09-11,2993,108884.0,-0.0001285772014253,0.0016080232438955,0.0,108870.0,109059.08800288833,108884.0,189.0880028883257,189.0880028883257,0.0017366004453208,False
RF,537,2025-09-11,2025-09-12,2994,108870.0,0.0033709929273444,0.0009589419088172,0.0,109237.0,108974.40000561292,108870.0,-262.5999943870702,262.5999943870702,-0.0024120510185271,True
RF,538,2025-09-12,2025-09-15,2995,109237.0,0.0073967611706655,0.0013073741535395,0.0,110045.0,109379.8136304102,109237.0,-665.1863695897919,665.1863695897919,-0.0060893870171259,True
RF,539,2025-09-15,2025-09-16,2996,110045.0,-4.543595801720368e-05,0.0019198697797149,0.0,110040.0,110256.27206990872,110045.0,216.2720699087222,216.2720699087222,0.0019653057377321,False
RF,540,2025-09-16,2025-09-17,2997,110040.0,-0.0031624863685932,0.0021193254453476,0.0,109692.0,110273.21057200604,110040.0,581.2105720060499,581.2105720060499,0.0052818118139408,False
RF,541,2025-09-17,2025-09-18,2998,109692.0,-0.0067552784159282,0.0018288157884039,0.0,108951.0,109892.6064614616,109692.0,941.6064614616045,941.6064614616045,0.0085840942043321,False
RF,542,2025-09-18,2025-09-19,2999,108951.0,0.0070123266422519,0.001456544378999,0.0,109715.0,109109.69196663634,108951.0,-605.3080333636608,605.3080333636608,-0.0055557822632528,True
RF,543,2025-09-19,2025-09-22,3000,109715.0,0.0214647040058333,0.0017344332164942,0.0,112070.0,109905.29334034763,109715.0,-2164.706659652351,2164.706659652351,-0.019730270789339,True
RF,544,2025-09-22,2025-09-23,3001,112070.0,0.0146783260462211,0.0026528626793109,0.0,113715.0,112367.30632047038,112070.0,-1347.6936795296206,1347.6936795296206,-0.0120254633669101,True
RF,545,2025-09-23,2025-09-24,3002,113715.0,-0.0109044541177505,0.0020087070433014,0.0,112475.0,113943.42012142902,113715.0,1468.4201214290224,1468.4201214290224,0.0129131611610519,False
RF,546,2025-09-24,2025-09-25,3003,112475.0,0.0011647032673927,0.0015363138024899,0.0,112606.0,112647.79689493506,112475.0,41.79689493506157,41.79689493506157,0.0003716105350972,True
RF,547,2025-09-25,2025-09-26,3004,112606.0,0.009395591709145,0.0007204828654057,0.0,113664.0,112687.13069354188,112606.0,-976.8693064581312,976.8693064581312,-0.0086751088437393,True
RF,548,2025-09-26,2025-09-29,3005,113664.0,0.018211570945946,0.0020964371667251,0.0,115734.0,113902.28943411863,113664.0,-1831.7105658813523,1831.7105658813523,-0.0161151337792208,True
RF,549,2025-09-29,2025-09-30,3006,115734.0,0.0072493822040196,0.0022394535715917,0.0,116573.0,115993.1809196546,115734.0,-579.8190803454054,579.8190803454054,-0.0050099286324278,True
RF,550,2025-09-30,2025-10-01,3007,116573.0,0.0033884347147281,0.0016434249375323,0.0,116968.0,116764.57897524296,116573.0,-203.4210247570445,203.4210247570445,-0.0017450097771957,True
RF,551,2025-10-01,2025-10-03,3008,116968.0,0.0034368374256206,0.001714706403448,0.0,117370.0,117168.5657785985,116968.0,-201.43422140150503,201.43422140150503,-0.0017221310221725,True
RF,552,2025-10-03,2025-10-06,3009,117370.0,0.0183522194768679,0.0024141379004624,0.0,119524.0,117653.34736537728,117370.0,-1870.6526346227329,1870.6526346227329,-0.0159380815764054,True
RF,553,2025-10-06,2025-10-07,3010,119524.0,0.0069442120410962,0.0030788195608564,0.0,120354.0,119891.9928291918,119524.0,-462.007170808196,462.007170808196,-0.0038653924802397,True
RF,554,2025-10-07,2025-10-08,3011,120354.0,0.018179703208867,0.0034701582280457,0.0,122542.0,120771.6474233782,120354.0,-1770.3525766217936,1770.3525766217936,-0.0147095449808212,True
RF,555,2025-10-08,2025-10-09,3012,122542.0,-0.0218129294445985,0.0050839056255968,0.0,119869.0,123164.9919631719,122542.0,3295.991963171895,3295.991963171895,0.0268968350701953,False
RF,556,2025-10-09,2025-10-10,3013,119869.0,0.0071578139468919,0.0021791887315599,0.0,120727.0,120130.21717406338,119869.0,-596.7828259366215,596.7828259366215,-0.0049786252153319,True
RF,557,2025-10-10,2025-10-13,3014,120727.0,0.0268125605705433,0.0032658820881272,0.0,123964.0,121121.28014685334,120727.0,-2842.7198531466565,2842.7198531466565,-0.023546678482416,True
RF,558,2025-10-13,2025-10-14,3015,123964.0,0.0144316091768577,0.003031959773804,0.0,125753.0,124339.85386139984,123964.0,-1413.146138600161,1413.146138600161,-0.0113996494030536,True
RF,559,2025-10-14,2025-10-15,3016,125753.0,0.0070614617543915,0.0054581967372865,0.0,126641.0,126439.38461430398,125753.0,-201.61538569601544,201.61538569601544,-0.0016032650171049,True
RF,560,2025-10-15,2025-10-16,3017,126641.0,0.0165349294462298,0.0065382592142732,0.0,128735.0,127469.0116851548,126641.0,-1265.9883148452063,1265.9883148452063,-0.0099966702319565,True
RF,561,2025-10-16,2025-10-17,3018,128735.0,-0.0216258204839399,0.0073444883428049,0.0,125951.0,129680.49270681098,128735.0,3729.492706810983,3729.492706810983,0.0289703088267448,False
RF,562,2025-10-17,2025-10-20,3019,125951.0,0.0281220474629022,0.0043837101579457,0.0,129493.0,126503.13267810344,125951.0,-2989.8673218965705,2989.8673218965705,-0.0237383373049564,True
RF,563,2025-10-20,2025-10-21,3020,129493.0,-0.0164333207200388,0.0039824587703061,0.0,127365.0,130008.70053354323,129493.0,2643.700533543248,2643.700533543248,0.0204157794903449,False
RF,564,2025-10-21,2025-10-22,3021,127365.0,-0.0494327326973658,0.0060817778642305,0.0,121069.0,128139.60563767773,127365.0,7070.605637677727,7070.605637677727,0.0555145105615963,False
RF,565,2025-10-22,2025-10-23,3022,121069.0,0.0184688070439171,0.0031494789417922,0.0,123305.0,121450.30426600383,121069.0,-1854.695733996152,1854.695733996152,-0.0153193281021248,True
RF,566,2025-10-23,2025-10-24,3023,123305.0,-0.0061311382344593,0.0038200513756929,0.0,122549.0,123776.03143487984,123305.0,1227.0314348798274,1227.0314348798274,0.0099511896101522,False
RF,567,2025-10-24,2025-10-27,3024,122549.0,-0.0207835233253637,0.0033732208308652,0.0,120002.0,122962.3848396017,122549.0,2960.3848396016983,2960.3848396016983,0.0241567441562289,False
RF,568,2025-10-27,2025-10-28,3025,120002.0,-0.0108581523641272,0.0014083175665304,0.0,118699.0,120171.00092461878,120002.0,1472.0009246187838,1472.0009246187838,0.0122664699306576,False
RF,569,2025-10-28,2025-10-29,3026,118699.0,0.0061078863343415,0.0004456423701687,0.0,119424.0,118751.89730369668,118699.0,-672.1026963033219,672.1026963033219,-0.0056622439641727,True
RF,570,2025-10-29,2025-10-30,3027,119424.0,0.0069249062165059,0.0015546148628132,0.0,120251.0,119609.65832537664,119424.0,-641.3416746233706,641.3416746233706,-0.0053702913536926,True
RF,571,2025-10-30,2025-10-31,3028,120251.0,0.0079666697158442,0.0010018248847412,0.0,121209.0,120371.470444215,120251.0,-837.5295557849895,837.5295557849895,-0.0069648448311029,True
RF,572,2025-10-31,2025-11-03,3029,121209.0,0.0016995437632518,0.0022245410265272,0.0,121415.0,121478.63439328432,121209.0,63.63439328433015,63.63439328433015,0.0005249972632754,True
RF,573,2025-11-03,2025-11-04,3030,121415.0,-0.0130544001976691,0.0017142949979485,0.0,119830.0,121623.14112717591,121415.0,1793.1411271759134,1793.1411271759134,0.0147686951956176,False
RF,574,2025-11-04,2025-11-05,3031,119830.0,0.0055411833430694,0.000867991254389,0.0,120494.0,119934.01139201345,119830.0,-559.9886079865682,559.9886079865682,-0.0046731920886803,True
RF,575,2025-11-05,2025-11-06,3032,120494.0,0.000771822663369,0.0031389725262331,0.0,120587.0,120872.22735557596,120494.0,285.2273555759457,285.2273555759457,0.0023671498628641,True
RF,576,2025-11-06,2025-11-07,3033,120587.0,0.003889308134376,0.0006532515393584,0.0,121056.0,120665.77364337664,120587.0,-390.22635662337416,390.22635662337416,-0.0032360565950175,True
RF,577,2025-11-07,2025-11-10,3034,121056.0,0.0234684773988897,0.0005213082022637,0.0,123897.0,121119.10748573324,121056.0,-2777.892514266772,2777.892514266772,-0.0229471691966259,True
RF,578,2025-11-10,2025-11-11,3035,123897.0,0.0,0.0005641436941548,0.0,123897.0,123966.8957112747,123897.0,69.89571127470117,69.89571127470117,0.0005641436941548,False
RF,579,2025-11-11,2025-11-12,3036,123897.0,0.019903629627836,-0.0002415004841741,0.0,126363.0,123867.07881451228,123897.0,-2495.921185487721,2495.921185487721,-0.0201451301120101,False
RF,580,2025-11-12,2025-11-13,3037,126363.0,0.0024136812199773,0.0006355459581537,0.0,126668.0,126443.3094939102,126363.0,-224.69050608981345,224.69050608981345,-0.0017781352618235,True
RF,581,2025-11-13,2025-11-14,3038,126668.0,-0.0253734171219249,0.0010095113772193,0.0,123454.0,126795.8727871296,126668.0,3341.872787129614,3341.872787129614,0.0263829284991442,False
RF,582,2025-11-14,2025-11-17,3039,123454.0,-0.0053866217376512,-0.0016972900253379,0.0,122789.0,123244.46275721194,123454.0,455.4627572119352,455.4627572119352,0.0036893317123132,True
RF,583,2025-11-17,2025-11-18,3040,122789.0,-0.0016125222943422,-0.0015053805518002,0.0,122591.0,122604.155827425,122789.0,13.15582742499828,13.15582742499828,0.0001071417425419,True
RF,584,2025-11-18,2025-11-19,3041,122591.0,0.0025532053739671,-0.0025958047933671,0.0,122904.0,122272.77769457632,122591.0,-631.222305423682,631.222305423682,-0.0051490101673342,False
RF,585,2025-11-19,2025-11-20,3042,122904.0,-0.0026524767298053,-0.001986404783446,0.0,122578.0,122659.86290649536,122904.0,81.86290649535658,81.86290649535658,0.0006660719463592,True
RF,586,2025-11-20,2025-11-21,3043,122578.0,0.0103689079606454,-0.0018221044515191,0.0,123849.0,122354.65008054169,122578.0,-1494.3499194583271,1494.3499194583271,-0.0121910124121645,False
RF,587,2025-11-21,2025-11-24,3044,123849.0,-0.0018974719214527,-0.0015891251285885,0.0,123614.0,123652.18844194945,123849.0,38.18844194943085,38.18844194943085,0.0003083467928641,True
RF,588,2025-11-24,2025-11-25,3045,123614.0,0.0105327875483358,0.0002846444955333,0.0,124916.0,123649.18604467086,123614.0,-1266.8139553291403,1266.8139553291403,-0.0102481430528024,True
RF,589,2025-11-25,2025-11-26,3046,124916.0,0.0060680777482469,-0.0007474441324101,0.0,125674.0,124822.63226875586,124916.0,-851.3677312441432,851.3677312441432,-0.006815521880657,False
RF,590,2025-11-26,2025-11-27,3047,125674.0,-0.0016630329264605,-0.0004636099405484,0.0,125465.0,125615.7362843315,125674.0,150.73628433150589,150.73628433150589,0.001199422985912,True
RF,591,2025-11-27,2025-11-28,3048,125465.0,0.0117801777388115,-0.0013028378996386,0.0,126943.0,125301.53944292184,125465.0,-1641.4605570781714,1641.4605570781714,-0.0130830156384501,False
RF,592,2025-11-28,2025-12-01,3049,126943.0,0.0085944085140574,5.734132865068106e-05,0.0,128034.0,126950.2790802829,126943.0,-1083.7209197171032,1083.7209197171032,-0.0085370671854067,True
RF,593,2025-12-01,2025-12-02,3050,128034.0,0.0049361888248433,0.0001860249495668,0.0,128666.0,128057.81751839284,128034.0,-608.1824816071603,608.1824816071603,-0.0047501638752764,True
RF,594,2025-12-02,2025-12-03,3051,128666.0,0.0049663469758911,0.0006604030733903,0.0,129305.0,128750.97142184083,128666.0,-554.0285781591665,554.0285781591665,-0.0043059439025007,True
RF,595,2025-12-03,2025-12-04,3052,129305.0,-0.003178531379297,0.001234646333999,0.0,128894.0,129464.64594421771,129305.0,570.6459442177293,570.6459442177293,0.004413177713296,False
RF,596,2025-12-04,2025-12-05,3053,128894.0,0.0024205936661132,0.0009870237781645,0.0,129206.0,129021.22144286276,128894.0,-184.77855713725148,184.77855713725148,-0.0014335698879486,True
RF,597,2025-12-05,2025-12-08,3054,129206.0,-0.0036376019689488,0.0006064069627635,0.0,128736.0,129284.35141803084,129206.0,548.3514180308266,548.3514180308266,0.0042440089317123,False
RF,598,2025-12-08,2025-12-09,3055,128736.0,0.0009088366890379,-0.0002721620538827,0.0,128853.0,128700.96294583136,128736.0,-152.0370541686425,152.0370541686425,-0.0011809987429206,False
RF,599,2025-12-09,2025-12-10,3056,128853.0,-0.002739555928073,-0.0006253915397879,0.0,128500.0,128772.41642392371,128853.0,272.4164239237143,272.4164239237143,0.002114164388285,True
RF,600,2025-12-10,2025-12-11,3057,128500.0,0.018715953307393,-0.0011820666133181,0.0,130905.0,128348.10444018862,128500.0,-2556.8955598113826,2556.8955598113826,-0.0198980199207111,False
RF,601,2025-12-11,2025-12-12,3058,130905.0,0.0056529544326038,-9.525272215633196e-06,0.0,131645.0,130903.75309424062,130905.0,-741.2469057593844,741.2469057593844,-0.0056624797048194,False
RF,602,2025-12-12,2025-12-15,3059,131645.0,0.0064263739602719,-0.0009874573389369,0.0,132491.0,131515.00617861564,131645.0,-975.993821384356,975.993821384356,-0.0074138312992088,False
RF,603,2025-12-15,2025-12-16,3060,132491.0,0.0010264848178367,0.0004679664506009,0.0,132627.0,132553.00134300656,132491.0,-73.99865699344082,73.99865699344082,-0.0005585183672357,True
RF,604,2025-12-16,2025-12-17,3061,132627.0,0.0036794921094498,0.0002462268579415,0.0,133115.0,132659.6563294882,132627.0,-455.3436705117929,455.3436705117929,-0.0034332652515082,True
RF,605,2025-12-17,2025-12-18,3062,133115.0,-0.0032378019006122,0.0004866516309195,0.0,132684.0,133179.78063184986,133115.0,495.7806318498624,495.7806318498624,0.0037244535315317,False
RF,606,2025-12-18,2025-12-19,3063,132684.0,-0.0019369328630429,0.0002510650948619,0.0,132427.0,132717.31232104666,132684.0,290.3123210466583,290.3123210466583,0.0021879979579048,False
RF,607,2025-12-19,2025-12-22,3064,132427.0,0.0166959909988144,6.931287456955195e-05,0.0,134638.0,132436.1788960406,132427.0,-2201.8211039594025,2201.8211039594025,-0.0166266781242448,True
RF,608,2025-12-22,2025-12-23,3065,134638.0,0.0086231227439503,0.0009908796531448,0.0,135799.0,134771.41005474012,134638.0,-1027.5899452598824,1027.5899452598824,-0.0076322430908054,True
RF,609,2025-12-23,2025-12-24,3066,135799.0,0.0022459664651433,0.001889447047642,0.0,136104.0,136055.58501962275,135799.0,-48.41498037724523,48.41498037724523,-0.0003565194175012,True
RF,610,2025-12-24,2025-12-26,3067,136104.0,0.0123802386410392,0.0017335558941186,0.0,137789.0,136339.94389141313,136104.0,-1449.0561085868685,1449.0561085868685,-0.0106466827469205,True
RF,611,2025-12-26,2025-12-29,3068,137789.0,-0.0376953167524257,0.0028884281333908,0.0,132595.0,138186.99362407177,137789.0,5591.993624071765,5591.993624071765,0.0405837448858165,False
RF,612,2025-12-29,2025-12-30,3069,132595.0,0.01040009050115,-0.0003983687961431,0.0,133974.0,132542.1782894754,132595.0,-1431.821710524615,1431.821710524615,-0.0107984592972931,False
RF,613,2025-12-30,2025-12-31,3070,133974.0,0.0110469195515547,0.0001043949648983,0.0,135454.0,133987.98621102728,133974.0,-1466.013788972719,1466.013788972719,-0.0109425245866563,True
RF,614,2025-12-31,2026-01-01,3071,135454.0,0.0023402778803136,0.0006718232158766,0.0,135771.0,135545.00114188335,135454.0,-225.99885811665445,225.99885811665445,-0.0016684546644369,True
RF,615,2026-01-01,2026-01-02,3072,135771.0,0.0001620375485191,0.0016721269174154,0.0,135793.0,135998.0263437044,135771.0,205.026343704405,205.026343704405,0.0015100893688963,True
